trigger,match_type,promote_url,promote_rank,promote_level,rule_applied,source,target_current_rank,current_top_result,priority,promotion_needed,disambiguated
2d studio art,exact,https://www.arizona.edu/degree-search/majors/studio-art-two-dimensional-emphasis,1,BASE,Rule 2 — specific entity (kept),ahrefs,absent,https://cfa.arizona.edu/,"P2 relevant buried, target absent",yes,
3d art class,exact,https://www.arizona.edu/degree-search/majors/studio-art-3d-and-extended-media-emphasis,1,BASE,Rule 2 — specific entity (kept),ahrefs,absent,https://cfa.arizona.edu/,"P2 relevant buried, target absent",yes,
3d art degree,exact,https://www.arizona.edu/degree-search/majors/studio-art-3d-and-extended-media-emphasis,1,BASE,Rule 2 — specific entity (kept),ahrefs,absent,https://cfa.arizona.edu/,"P2 relevant buried, target absent",yes,
3d studio art,exact,https://www.arizona.edu/degree-search/majors/studio-art-3d-and-extended-media-emphasis,1,BASE,Rule 2 — specific entity (kept),ahrefs,absent,https://cfa.arizona.edu/,"P2 relevant buried, target absent",yes,
accounting,exact,https://www.arizona.edu/degree-search/majors/accounting,1,BASE,Rule 2 — family multi-promote,metadata,absent,https://eller.arizona.edu/,"P2 relevant buried, target absent",yes,
accounting,exact,https://www.arizona.edu/degree-search/majors/accounting-bsba,2,UG,Rule 2 — family multi-promote,metadata,absent,https://eller.arizona.edu/,"P2 relevant buried, target absent",yes,
accounting,exact,https://www.arizona.edu/degree-search/majors/accounting-ma,3,GRAD,Rule 2 — family multi-promote,metadata,absent,https://eller.arizona.edu/,"P2 relevant buried, target absent",yes,
accounting,exact,https://www.arizona.edu/degree-search/majors/accounting-ms,4,GRAD,Rule 2 — family multi-promote,metadata,absent,https://eller.arizona.edu/,"P2 relevant buried, target absent",yes,
accounting,exact,https://www.arizona.edu/degree-search/majors/accounting-gc,5,CERT,Rule 2 — family multi-promote,metadata,absent,https://eller.arizona.edu/,"P2 relevant buried, target absent",yes,
accounting graduate certificate,exact,https://www.arizona.edu/degree-search/majors/accounting-gc,1,CERT,Rule 2 — specific entity (kept),metadata,absent,https://eller.arizona.edu/,"P2 relevant buried, target absent",yes,yes
accounting ma,exact,https://www.arizona.edu/degree-search/majors/accounting-ma,1,GRAD,Rule 2 — specific entity (kept),metadata,absent,https://eller.arizona.edu/,"P2 relevant buried, target absent",yes,yes
accounting ms,exact,https://www.arizona.edu/degree-search/majors/accounting-ms,1,GRAD,Rule 2 — specific entity (kept),metadata,absent,https://eller.arizona.edu/,"P2 relevant buried, target absent",yes,yes
administration and management of american indian natural resources graduate,exact,https://www.arizona.edu/degree-search/majors/administration-and-management-of-american-indian-natural-resources,1,BASE,Rule 2 — REVIEW: specific term on base page,metadata,absent,https://eller.arizona.edu/,"P2 relevant buried, target absent",yes,
adult-gerontology acute care nurse practitioner,exact,https://www.arizona.edu/degree-search,1,HUB,Rule 1 — generic → DS home (no family),metadata,4,https://nursing.arizona.edu/,"P2 target present, buried",yes,
advanced clinical pharmacy practice,exact,https://www.arizona.edu/degree-search,1,HUB,Rule 1 — generic → DS home (no family),metadata,2,https://www.pharmacy.arizona.edu/,"P2 target present, buried",yes,
advanced transportation engineering,exact,https://www.arizona.edu/degree-search,1,HUB,Rule 1 — generic → DS home (no family),metadata,absent,https://engineering.arizona.edu/index,"P2 relevant buried, target absent",yes,
aerospace engineering,exact,https://www.arizona.edu/degree-search/majors/aerospace-engineering,1,BASE,Rule 2 — family multi-promote,metadata,absent,https://engineering.arizona.edu/index,"P2 relevant buried, target absent",yes,
aerospace engineering,exact,https://www.arizona.edu/degree-search/majors/aerospace-engineering-bsae,2,UG,Rule 2 — family multi-promote,metadata,absent,https://engineering.arizona.edu/index,"P2 relevant buried, target absent",yes,
aerospace engineering,exact,https://www.arizona.edu/degree-search/majors/aerospace-engineering-ms,3,GRAD,Rule 2 — family multi-promote,metadata,absent,https://engineering.arizona.edu/index,"P2 relevant buried, target absent",yes,
aerospace engineering,exact,https://www.arizona.edu/degree-search/majors/aerospace-engineering-dp,4,PHD,Rule 2 — family multi-promote,metadata,absent,https://engineering.arizona.edu/index,"P2 relevant buried, target absent",yes,
aerospace engineering ms,exact,https://www.arizona.edu/degree-search/majors/aerospace-engineering-ms,1,GRAD,Rule 2 — specific entity (kept),metadata,absent,https://engineering.arizona.edu/index,"P2 relevant buried, target absent",yes,yes
aerospace engineering phd,exact,https://www.arizona.edu/degree-search/majors/aerospace-engineering-dp,1,PHD,Rule 2 — specific entity (kept),metadata,absent,https://engineering.arizona.edu/index,"P2 relevant buried, target absent",yes,yes
africana studies university of arizona,exact,https://www.arizona.edu/degree-search,1,HUB,Rule 1 — generic → DS home (no family),ahrefs,3,https://africana.arizona.edu/,"P2 target present, buried",yes,
aging graduate,exact,https://www.arizona.edu/degree-search/majors/innovations-in-aging-gc,1,CERT,Rule 2 — specific entity (kept),metadata,absent,https://innovationsinaging.uahs.arizona.edu/programs/masters-program,"P2 relevant buried, target absent",yes,
aging law and policy,exact,https://www.arizona.edu/degree-search,1,HUB,Rule 1 — generic → DS home (no family),metadata,4,https://law.arizona.edu/,"P2 target present, buried",yes,
agribusiness economics & management,exact,https://www.arizona.edu/degree-search/majors/agricultural-and-applied-economics-agribusiness-economics-and-management-emphasis,1,BASE,Rule 2 — specific entity (kept),metadata,absent,https://eller.arizona.edu/,"P2 relevant buried, target absent",yes,
agribusiness economics and management agribusiness management,exact,https://www.arizona.edu/degree-search/majors/agribusiness-economics-and-management-agribusiness-management-emphasis,1,BASE,Rule 2 — specific entity (kept),metadata,absent,https://eller.arizona.edu/,"P2 relevant buried, target absent",yes,
agribusiness economics and management agricultural economics,exact,https://www.arizona.edu/degree-search/majors/agribusiness-economics-and-management-agricultural-economics-emphasis,1,BASE,Rule 2 — specific entity (kept),metadata,absent,https://eller.arizona.edu/,"P2 relevant buried, target absent",yes,
agricultural and resource economics,exact,https://www.arizona.edu/degree-search,1,HUB,Rule 1 — generic → DS home (no family),metadata,absent,https://eller.arizona.edu/,"P2 relevant buried, target absent",yes,
agricultural education and teaching,exact,https://www.arizona.edu/degree-search/majors/agricultural-technology-management-and-education-teaching-emphasis,1,BASE,Rule 2 — specific entity (kept),metadata,absent,https://education.arizona.edu/,"P2 relevant buried, target absent",yes,
"agricultural education, leadership and communication",exact,https://www.arizona.edu/degree-search/majors/agricultural-technology-management-and-education-leadership-and-communication-emphasis,1,BASE,Rule 2 — specific entity (kept),metadata,absent,https://sbs.arizona.edu/,"P2 relevant buried, target absent",yes,
agriculture and technology,exact,https://www.arizona.edu/degree-search/majors/agricultural-technology-management-and-education-agricultural-technology-management-emphasis,1,BASE,Rule 2 — specific entity (kept),ahrefs,absent,https://cales.arizona.edu/,"P2 relevant buried, target absent",yes,
ai for business,exact,https://www.arizona.edu/degree-search,1,HUB,Rule 1 — generic → DS home (no family),metadata,absent,https://eller.arizona.edu/,"P2 relevant buried, target absent",yes,
american indian higher education graduate,exact,https://www.arizona.edu/degree-search/majors/american-indian-higher-education,1,BASE,Rule 2 — REVIEW: specific term on base page,metadata,4,https://education.arizona.edu/,"P2 target present, buried",yes,
american indian studies,exact,https://www.arizona.edu/degree-search/majors/american-indian-studies,1,BASE,Rule 2 — family multi-promote,metadata,absent,https://ais.arizona.edu/degree-requirements,"P2 relevant buried, target absent",yes,
american indian studies,exact,https://www.arizona.edu/degree-search/majors/american-indian-studies-ba,2,UG,Rule 2 — family multi-promote,metadata,absent,https://ais.arizona.edu/degree-requirements,"P2 relevant buried, target absent",yes,
american indian studies,exact,https://www.arizona.edu/degree-search/majors/american-indian-studies-ma,3,GRAD,Rule 2 — family multi-promote,metadata,absent,https://ais.arizona.edu/degree-requirements,"P2 relevant buried, target absent",yes,
american indian studies,exact,https://www.arizona.edu/degree-search/majors/american-indian-studies-dp,4,PHD,Rule 2 — family multi-promote,metadata,absent,https://ais.arizona.edu/degree-requirements,"P2 relevant buried, target absent",yes,
american indian studies phd,exact,https://www.arizona.edu/degree-search/majors/american-indian-studies-dp,1,PHD,Rule 2 — specific entity (kept),metadata,absent,https://ais.arizona.edu/degree-requirements,"P2 relevant buried, target absent",yes,yes
animal and comparative biomedical sciences,exact,https://www.arizona.edu/degree-search/majors/animal-and-comparative-biomedical-sciences-ms,1,GRAD,Rule 2 — family multi-promote,metadata,absent,https://vetmed.arizona.edu/,"P2 relevant buried, target absent",yes,
animal and comparative biomedical sciences,exact,https://www.arizona.edu/degree-search/majors/animal-and-comparative-biomedical-sciences-dp,2,PHD,Rule 2 — family multi-promote,metadata,absent,https://vetmed.arizona.edu/,"P2 relevant buried, target absent",yes,
animal and comparative biomedical sciences phd,exact,https://www.arizona.edu/degree-search/majors/animal-and-comparative-biomedical-sciences-dp,1,PHD,Rule 2 — specific entity (kept),metadata,absent,https://vetmed.arizona.edu/,"P2 relevant buried, target absent",yes,yes
animal science animal industry,exact,https://www.arizona.edu/degree-search/majors/animal-sciences-animal-industry-emphasis,1,BASE,Rule 2 — specific entity (kept),metadata,3,https://science.arizona.edu/,"P2 target present, buried",yes,
animal science pictures,exact,https://www.arizona.edu/degree-search/majors/animal-sciences-science-and-pre-professional-emphasis,1,BASE,Rule 2 — specific entity (kept),ahrefs,absent,https://science.arizona.edu/,"P2 relevant buried, target absent",yes,
animal sciences race industry,exact,https://www.arizona.edu/degree-search/majors/animal-sciences-race-track-industry-emphasis,1,BASE,Rule 2 — specific entity (kept),metadata,3,https://vetmed.arizona.edu/,"P2 target present, buried",yes,
anthropology,exact,https://www.arizona.edu/degree-search/majors/anthropology,1,BASE,Rule 2 — family multi-promote,metadata,absent,https://sbs.arizona.edu/,"P2 relevant buried, target absent",yes,
anthropology,exact,https://www.arizona.edu/degree-search/majors/anthropology-ba,2,UG,Rule 2 — family multi-promote,metadata,absent,https://sbs.arizona.edu/,"P2 relevant buried, target absent",yes,
anthropology,exact,https://www.arizona.edu/degree-search/majors/anthropology-ma,3,GRAD,Rule 2 — family multi-promote,metadata,absent,https://sbs.arizona.edu/,"P2 relevant buried, target absent",yes,
anthropology,exact,https://www.arizona.edu/degree-search/majors/anthropology-dp,4,PHD,Rule 2 — family multi-promote,metadata,absent,https://sbs.arizona.edu/,"P2 relevant buried, target absent",yes,
anthropology and linguistics,exact,https://www.arizona.edu/degree-search,1,HUB,Rule 1 — generic → DS home (no family),metadata,absent,https://sbs.arizona.edu/,"P2 relevant buried, target absent",yes,
anthropology archaeological sciences,exact,https://www.arizona.edu/degree-search/majors/anthropology-archaeological-sciences-emphasis,1,BASE,Rule 2 — specific entity (kept),metadata,absent,https://sbs.arizona.edu/,"P2 relevant buried, target absent",yes,
anthropology ba,exact,https://www.arizona.edu/degree-search/majors/anthropology-ba,1,UG,Rule 2 — specific entity (kept),metadata,absent,https://sbs.arizona.edu/,"P2 relevant buried, target absent",yes,yes
anthropology human biology,exact,https://www.arizona.edu/degree-search/majors/anthropology-human-biology-emphasis,1,BASE,Rule 2 — specific entity (kept),metadata,absent,https://sbs.arizona.edu/,"P2 relevant buried, target absent",yes,
anthropology ma,exact,https://www.arizona.edu/degree-search/majors/anthropology-ma,1,GRAD,Rule 2 — specific entity (kept),metadata,absent,https://sbs.arizona.edu/,"P2 relevant buried, target absent",yes,yes
anthropology phd,exact,https://www.arizona.edu/degree-search/majors/anthropology-dp,1,PHD,Rule 2 — specific entity (kept),metadata,absent,https://sbs.arizona.edu/,"P2 relevant buried, target absent",yes,yes
applied behavior analysis,exact,https://www.arizona.edu/degree-search,1,HUB,Rule 1 — generic → DS home (no family),metadata,4,https://behavioranalysis.arizona.edu/masters-aba,"P2 target present, buried",yes,
applied biosciences,exact,https://www.arizona.edu/degree-search,1,HUB,Rule 1 — generic → DS home (no family),metadata,absent,https://abs.arizona.edu/prospective-students/how-apply,"P2 relevant buried, target absent",yes,
applied biotechnology,exact,https://www.arizona.edu/degree-search,1,HUB,Rule 1 — generic → DS home (no family),ahrefs,9,https://spls.arizona.edu/undergraduate/bs-applied-biotechnology,"P2 target present, buried",yes,
applied biotechnology food and beverage fermentation,exact,https://www.arizona.edu/degree-search/majors/applied-biotechnology-food-and-beverage-fermentation-emphasis,1,BASE,Rule 2 — specific entity (kept),metadata,3,https://union.arizona.edu/,"P2 target present, buried",yes,
applied biotechnology industrial plant and microbial biotechnology,exact,https://www.arizona.edu/degree-search/majors/applied-biotechnology-industrial-plant-and-microbial-biotechnology-emphasis,1,BASE,Rule 2 — specific entity (kept),metadata,1,https://www.arizona.edu/degree-search/majors/applied-biotechnology-industrial-plant-and-microbial-biotechnology-emphasis,P0 already #1,no (already #1),
applied computing,exact,https://www.arizona.edu/degree-search/majors/applied-computing-applied-artificial-intelligence-emphasis,1,BASE,Rule 2 — specific entity (kept),ahrefs,8,https://azcast.arizona.edu/node/801,"P2 target present, buried",yes,
applied computing university of arizona,exact,https://www.arizona.edu/degree-search/majors/applied-computing-network-operations-emphasis,1,BASE,Rule 2 — specific entity (kept),ahrefs,10,https://www.arizona.edu/admissions,"P2 target present, buried",yes,
applied computing university of arizona emphasis,exact,https://www.arizona.edu/degree-search/majors/applied-computing-cloud-computing-emphasis,1,BASE,Rule 2 — specific entity (kept),ahrefs,2,https://www.arizona.edu/admissions,"P2 target present, buried",yes,yes
applied humanities astrobiology,exact,https://www.arizona.edu/degree-search/majors/applied-humanities-astrobiology-emphasis,1,BASE,Rule 2 — specific entity (kept),metadata,absent,https://humanities.arizona.edu/,"P2 relevant buried, target absent",yes,
applied humanities business administration,exact,https://www.arizona.edu/degree-search/majors/applied-humanities-business-administration-emphasis,1,BASE,Rule 2 — specific entity (kept),ahrefs,absent,https://eller.arizona.edu/,"P2 relevant buried, target absent",yes,
"applied humanities consumer, market and retail studies",exact,https://www.arizona.edu/degree-search/majors/applied-humanities-consumer-market-and-retail-studies-emphasis,1,BASE,Rule 2 — specific entity (kept),metadata,3,https://humanities.arizona.edu/,"P2 target present, buried",yes,
applied humanities engineering approaches,exact,https://www.arizona.edu/degree-search/majors/applied-humanities-engineering-approaches-emphasis,1,BASE,Rule 2 — specific entity (kept),metadata,absent,https://engineering.arizona.edu/index,"P2 relevant buried, target absent",yes,
applied humanities entrepreneurship,exact,https://www.arizona.edu/degree-search/majors/applied-humanities-entrepreneurship-emphasis,1,BASE,Rule 2 — specific entity (kept),metadata,absent,https://eller.arizona.edu/,"P2 relevant buried, target absent",yes,
applied humanities environmental systems,exact,https://www.arizona.edu/degree-search/majors/applied-humanities-environmental-systems-emphasis,1,BASE,Rule 2 — specific entity (kept),metadata,absent,https://humanities.arizona.edu/,"P2 relevant buried, target absent",yes,
applied humanities game studies,exact,https://www.arizona.edu/degree-search/majors/applied-humanities-game-studies-emphasis,1,BASE,Rule 2 — specific entity (kept),metadata,absent,https://humanities.arizona.edu/,"P2 relevant buried, target absent",yes,
applied humanities human-animal interaction,exact,https://www.arizona.edu/degree-search/majors/applied-humanities-human-animal-interaction-emphasis,1,BASE,Rule 2 — specific entity (kept),metadata,5,https://humanities.arizona.edu/,"P2 target present, buried",yes,
applied humanities medicine,exact,https://www.arizona.edu/degree-search/majors/applied-humanities-medicine-emphasis,1,BASE,Rule 2 — specific entity (kept),metadata,absent,https://humanities.arizona.edu/,"P2 relevant buried, target absent",yes,
applied humanities plant studies,exact,https://www.arizona.edu/degree-search/majors/applied-humanities-plant-studies-emphasis,1,BASE,Rule 2 — specific entity (kept),metadata,absent,https://humanities.arizona.edu/,"P2 relevant buried, target absent",yes,
applied humanities rural leadership and renewal,exact,https://www.arizona.edu/degree-search/majors/applied-humanities-rural-leadership-and-renewal-emphasis,1,BASE,Rule 2 — specific entity (kept),metadata,7,https://humanities.arizona.edu/,"P2 target present, buried",yes,
applied humanities university of arizona,exact,https://www.arizona.edu/degree-search/majors/applied-humanities-business-administration-emphasis,1,BASE,Rule 2 — specific entity (kept),ahrefs,absent,https://humanities.arizona.edu/,"P2 relevant buried, target absent",yes,
applied humanities university of arizona emphasis,exact,https://www.arizona.edu/degree-search/majors/applied-humanities-public-health-emphasis,1,BASE,Rule 2 — specific entity (kept),ahrefs,absent,https://humanities.arizona.edu/,"P2 relevant buried, target absent",yes,yes
applied intercultural arts research,exact,https://www.arizona.edu/degree-search/majors/applied-intercultural-arts-research-ma,1,GRAD,Rule 2 — family multi-promote,metadata,absent,https://aiar.arizona.edu/phd-applied-intercultural-arts-research,"P2 relevant buried, target absent",yes,
applied intercultural arts research,exact,https://www.arizona.edu/degree-search/majors/applied-intercultural-arts-research-dp,2,PHD,Rule 2 — family multi-promote,metadata,absent,https://aiar.arizona.edu/phd-applied-intercultural-arts-research,"P2 relevant buried, target absent",yes,
applied intercultural arts research phd,exact,https://www.arizona.edu/degree-search/majors/applied-intercultural-arts-research-dp,1,PHD,Rule 2 — specific entity (kept),metadata,absent,https://aiar.arizona.edu/phd-applied-intercultural-arts-research,"P2 relevant buried, target absent",yes,yes
applied mathematics,exact,https://www.arizona.edu/degree-search/majors/mathematics-applied-emphasis-ba,1,UG,Rule 2 — specific entity (kept),metadata,absent,https://appliedmath.arizona.edu/admissions/application-procedures,"P2 relevant buried, target absent",yes,
applied mathematics graduate certificate,exact,https://www.arizona.edu/degree-search/majors/applied-mathematics-gc,1,CERT,Rule 2 — specific entity (kept),metadata,absent,https://appliedmath.arizona.edu/admissions/application-procedures,"P2 relevant buried, target absent",yes,yes
applied mathematics ms,exact,https://www.arizona.edu/degree-search/majors/applied-mathematics-ms,1,GRAD,Rule 2 — specific entity (kept),metadata,absent,https://appliedmath.arizona.edu/admissions/application-procedures,"P2 relevant buried, target absent",yes,yes
applied mathematics phd,exact,https://www.arizona.edu/degree-search/majors/applied-mathematics-dp,1,PHD,Rule 2 — specific entity (kept),metadata,absent,https://appliedmath.arizona.edu/admissions/application-procedures,"P2 relevant buried, target absent",yes,yes
applied nutrition,exact,https://www.arizona.edu/degree-search/majors/applied-nutrition-gc,1,CERT,Rule 2 — family multi-promote,metadata,7,https://snsw.arizona.edu/graduate/online-distance-programs/psm-applied-nutrition-nutrition-wellness-ms-pathway,"P2 target present, buried",yes,
applied nutrition,exact,https://www.arizona.edu/degree-search/majors/applied-nutrition-psm,2,CERT,Rule 2 — family multi-promote,metadata,7,https://snsw.arizona.edu/graduate/online-distance-programs/psm-applied-nutrition-nutrition-wellness-ms-pathway,"P2 target present, buried",yes,
applied nutrition professional science masters,exact,https://www.arizona.edu/degree-search/majors/applied-nutrition-psm,1,CERT,Rule 2 — specific entity (kept),metadata,8,https://snsw.arizona.edu/graduate/online-distance-programs/psm-applied-nutrition-nutrition-wellness-ms-pathway,"P2 target present, buried",yes,yes
applied physics,exact,https://www.arizona.edu/degree-search,1,HUB,Rule 1 — generic → DS home (no family),ahrefs,absent,https://science.arizona.edu/,P1 all results off-topic,yes,
applied physics degree,exact,https://www.arizona.edu/degree-search,1,HUB,Rule 1 — generic → DS home (no family),ahrefs,absent,https://www.arizona.edu/degree-search,P1 all results off-topic,yes,
applied physics major,exact,https://www.arizona.edu/degree-search,1,HUB,Rule 1 — generic → DS home (no family),ahrefs,absent,https://www.arizona.edu/degree-search,P1 all results off-topic,yes,
applied science administration of justice,exact,https://www.arizona.edu/degree-search/majors/applied-science-administration-of-justice-emphasis,1,BASE,Rule 2 — specific entity (kept),metadata,absent,https://science.arizona.edu/,"P2 relevant buried, target absent",yes,
aquaculture,exact,https://www.arizona.edu/degree-search,1,HUB,Rule 1 — generic → DS home (no family),metadata,1,https://www.arizona.edu/degree-search/majors/aquaculture,P0 already #1,no (already #1),
arabic,exact,https://www.arizona.edu/degree-search,1,HUB,Rule 1 — generic → DS home (no family),metadata,13,https://international-admissions.arizona.edu/application-requirements/united-arab-emirates,"P2 target present, buried",yes,
architectural design and spatial thinking,exact,https://www.arizona.edu/degree-search/majors/applied-humanities-spatial-organization-and-design-thinking-emphasis,1,BASE,Rule 2 — specific entity (kept),metadata,1,https://www.arizona.edu/degree-search/majors/applied-humanities-spatial-organization-and-design-thinking-emphasis,P0 already #1,no (already #1),
architectural engineering,exact,https://www.arizona.edu/degree-search,1,HUB,Rule 1 — generic → DS home (no family),ahrefs,absent,https://engineering.arizona.edu/index,"P2 relevant buried, target absent",yes,
architectural engineering bachelor degree,exact,https://www.arizona.edu/degree-search/majors/architectural-engineering,1,BASE,Rule 2 — REVIEW: specific term on base page,ahrefs,12,https://www.arizona.edu/degree-search,"P2 target present, buried",yes,
architectural engineering education requirements,exact,https://www.arizona.edu/degree-search/majors/architectural-engineering,1,BASE,REVIEW: base-page mapping (verify generic vs keep),ahrefs,absent,https://education.arizona.edu/,"P2 relevant buried, target absent",yes,
architecture,exact,https://www.arizona.edu/degree-search/majors/architecture,1,BASE,Rule 2 — family multi-promote,metadata,absent,https://capla.arizona.edu/,"P2 relevant buried, target absent",yes,
architecture,exact,https://www.arizona.edu/degree-search/majors/architecture-ba,2,UG,Rule 2 — family multi-promote,metadata,absent,https://capla.arizona.edu/,"P2 relevant buried, target absent",yes,
architecture,exact,https://www.arizona.edu/degree-search/majors/architecture-ma,3,GRAD,Rule 2 — family multi-promote,metadata,absent,https://capla.arizona.edu/,"P2 relevant buried, target absent",yes,
architecture,exact,https://www.arizona.edu/degree-search/majors/architecture-ms,4,GRAD,Rule 2 — family multi-promote,metadata,absent,https://capla.arizona.edu/,"P2 relevant buried, target absent",yes,
architecture ma,exact,https://www.arizona.edu/degree-search/majors/architecture-ma,1,GRAD,Rule 2 — specific entity (kept),metadata,absent,https://capla.arizona.edu/,"P2 relevant buried, target absent",yes,yes
architecture major,exact,https://www.arizona.edu/degree-search/majors/architecture,1,BASE,Rule 2 — family multi-promote,ahrefs,absent,https://capla.arizona.edu/,"P2 relevant buried, target absent",yes,
architecture major,exact,https://www.arizona.edu/degree-search/majors/architecture-ba,2,UG,Rule 2 — family multi-promote,ahrefs,absent,https://capla.arizona.edu/,"P2 relevant buried, target absent",yes,
architecture major,exact,https://www.arizona.edu/degree-search/majors/architecture-ma,3,GRAD,Rule 2 — family multi-promote,ahrefs,absent,https://capla.arizona.edu/,"P2 relevant buried, target absent",yes,
architecture major,exact,https://www.arizona.edu/degree-search/majors/architecture-ms,4,GRAD,Rule 2 — family multi-promote,ahrefs,absent,https://capla.arizona.edu/,"P2 relevant buried, target absent",yes,
architecture ms,exact,https://www.arizona.edu/degree-search/majors/architecture-ms,1,GRAD,Rule 2 — specific entity (kept),metadata,absent,https://capla.arizona.edu/,"P2 relevant buried, target absent",yes,yes
archival studies,exact,https://www.arizona.edu/degree-search,1,HUB,Rule 1 — generic → DS home (no family),metadata,5,https://mas.arizona.edu/archives,"P2 target present, buried",yes,
arid lands resource sciences,exact,https://www.arizona.edu/degree-search,1,HUB,Rule 1 — generic → DS home (no family),metadata,absent,https://alrs.arizona.edu/degree-requirements,"P2 relevant buried, target absent",yes,
arizona accounting,exact,https://www.arizona.edu/degree-search/majors/accounting,1,BASE,Rule 2 — family multi-promote,ahrefs,absent,https://eller.arizona.edu/,"P2 relevant buried, target absent",yes,
arizona accounting,exact,https://www.arizona.edu/degree-search/majors/accounting-bsba,2,UG,Rule 2 — family multi-promote,ahrefs,absent,https://eller.arizona.edu/,"P2 relevant buried, target absent",yes,
arizona accounting,exact,https://www.arizona.edu/degree-search/majors/accounting-ma,3,GRAD,Rule 2 — family multi-promote,ahrefs,absent,https://eller.arizona.edu/,"P2 relevant buried, target absent",yes,
arizona accounting,exact,https://www.arizona.edu/degree-search/majors/accounting-ms,4,GRAD,Rule 2 — family multi-promote,ahrefs,absent,https://eller.arizona.edu/,"P2 relevant buried, target absent",yes,
arizona accounting,exact,https://www.arizona.edu/degree-search/majors/accounting-gc,5,CERT,Rule 2 — family multi-promote,ahrefs,absent,https://eller.arizona.edu/,"P2 relevant buried, target absent",yes,
arizona astronomy,exact,https://www.arizona.edu/degree-search,1,HUB,Rule 1 — generic → DS home (no family),ahrefs,absent,https://science.arizona.edu/,P1 all results off-topic,yes,
arizona audiology,exact,https://www.arizona.edu/degree-search/majors/doctor-of-audiology,1,PHD,Rule 2 — specific entity (kept),ahrefs,1,https://www.arizona.edu/degree-search/majors/doctor-of-audiology,P0 already #1,no (already #1),
arizona chemistry,exact,https://www.arizona.edu/degree-search/majors/chemistry-ba,1,UG,Rule 2 — family multi-promote,ahrefs,absent,https://science.arizona.edu/,P1 all results off-topic,yes,
arizona chemistry,exact,https://www.arizona.edu/degree-search/majors/chemistry-bs,2,UG,Rule 2 — family multi-promote,ahrefs,absent,https://science.arizona.edu/,P1 all results off-topic,yes,
arizona chemistry,exact,https://www.arizona.edu/degree-search/majors/chemistry-ma,3,GRAD,Rule 2 — family multi-promote,ahrefs,absent,https://science.arizona.edu/,P1 all results off-topic,yes,
arizona chemistry,exact,https://www.arizona.edu/degree-search/majors/chemistry-ms,4,GRAD,Rule 2 — family multi-promote,ahrefs,absent,https://science.arizona.edu/,P1 all results off-topic,yes,
arizona chemistry,exact,https://www.arizona.edu/degree-search/majors/chemistry-dp,5,PHD,Rule 2 — family multi-promote,ahrefs,absent,https://science.arizona.edu/,P1 all results off-topic,yes,
arizona computer science,exact,https://www.arizona.edu/degree-search/majors/environmental-science-the-biosphere-emphasis,1,BASE,Rule 2 — specific entity (kept),ahrefs,absent,https://science.arizona.edu/,"P2 relevant buried, target absent",yes,
arizona egypt,exact,https://www.arizona.edu/degree-search/majors/egyptian-archaeology,1,BASE,REVIEW: base-page mapping (verify generic vs keep),ahrefs,absent,https://international-admissions.arizona.edu/application-requirements/egypt,"P2 relevant buried, target absent",yes,
arizona equine,exact,https://www.arizona.edu/degree-search/majors/animal-sciences-equine-emphasis,1,BASE,Rule 2 — specific entity (kept),ahrefs,13,https://www.arizona.edu/admissions,"P2 target present, buried",yes,
arizona paraprofessional certification,exact,https://www.arizona.edu/degree-search/majors/legal-paraprofessional,1,BASE,REVIEW: base-page mapping (verify generic vs keep),ahrefs,1,https://www.arizona.edu/degree-search/majors/legal-paraprofessional,P0 already #1,no (already #1),
arizona philosophy,exact,https://www.arizona.edu/degree-search/majors/philosophy,1,BASE,Rule 2 — family multi-promote,ahrefs,absent,https://sbs.arizona.edu/,"P2 relevant buried, target absent",yes,
arizona philosophy,exact,https://www.arizona.edu/degree-search/majors/philosophy-ba,2,UG,Rule 2 — family multi-promote,ahrefs,absent,https://sbs.arizona.edu/,"P2 relevant buried, target absent",yes,
arizona philosophy,exact,https://www.arizona.edu/degree-search/majors/philosophy-ma,3,GRAD,Rule 2 — family multi-promote,ahrefs,absent,https://sbs.arizona.edu/,"P2 relevant buried, target absent",yes,
arizona philosophy,exact,https://www.arizona.edu/degree-search/majors/philosophy-dp,4,PHD,Rule 2 — family multi-promote,ahrefs,absent,https://sbs.arizona.edu/,"P2 relevant buried, target absent",yes,
arizona politics,exact,https://www.arizona.edu/degree-search/majors/political-science-american-politics-emphasis,1,BASE,Rule 2 — specific entity (kept),ahrefs,6,https://www.arizona.edu/admissions,"P2 target present, buried",yes,
arizona state university pa program,exact,https://www.arizona.edu/degree-search/majors/physician-assistant,1,BASE,REVIEW: base-page mapping (verify generic vs keep),ahrefs,absent,https://www.arizona.edu/degree-search,"P2 relevant buried, target absent",yes,
arizona university mba,exact,https://www.arizona.edu/degree-search/majors/business-administration-mba,1,GRAD,Rule 2 — specific entity (kept),ahrefs,2,https://eller.arizona.edu/,"P2 target present, buried",yes,
art and education,exact,https://www.arizona.edu/degree-search,1,HUB,Rule 1 — generic → DS home (no family),metadata,absent,https://cfa.arizona.edu/,"P2 relevant buried, target absent",yes,
art and visual culture education,exact,https://www.arizona.edu/degree-search,1,HUB,Rule 1 — generic → DS home (no family),metadata,6,https://cfa.arizona.edu/,"P2 target present, buried",yes,
art education community and museums,exact,https://www.arizona.edu/degree-search/majors/art-and-visual-culture-education-community-museums-emphasis,1,BASE,Rule 2 — specific entity (kept),metadata,18,https://cfa.arizona.edu/,"P2 target present, buried",yes,
art history,exact,https://www.arizona.edu/degree-search/majors/art-history,1,BASE,Rule 2 — family multi-promote,metadata,absent,https://cfa.arizona.edu/,"P2 relevant buried, target absent",yes,
art history,exact,https://www.arizona.edu/degree-search/majors/art-history-ba,2,UG,Rule 2 — family multi-promote,metadata,absent,https://cfa.arizona.edu/,"P2 relevant buried, target absent",yes,
art history,exact,https://www.arizona.edu/degree-search/majors/art-history-ma,3,GRAD,Rule 2 — family multi-promote,metadata,absent,https://cfa.arizona.edu/,"P2 relevant buried, target absent",yes,
art history and education,exact,https://www.arizona.edu/degree-search,1,HUB,Rule 1 — generic → DS home (no family),metadata,absent,https://cfa.arizona.edu/,"P2 relevant buried, target absent",yes,
art history ba,exact,https://www.arizona.edu/degree-search/majors/art-history-ba,1,UG,Rule 2 — specific entity (kept),metadata,absent,https://cfa.arizona.edu/,"P2 relevant buried, target absent",yes,yes
art history masters degree,exact,https://www.arizona.edu/degree-search/majors/art-history-ma,1,GRAD,Rule 2 — specific entity (kept),ahrefs,absent,https://cfa.arizona.edu/,"P2 relevant buried, target absent",yes,
artificial intelligence university,exact,https://www.arizona.edu/degree-search,1,HUB,Rule 1 — generic → DS home (no family),ahrefs,absent,https://azcast.arizona.edu/node/803,"P2 relevant buried, target absent",yes,
asian dp,exact,https://www.arizona.edu/degree-search/majors/east-asian-studies-dp,1,PHD,Rule 2 — specific entity (kept),ahrefs,absent,https://coh-it.arizona.edu/purchase_req/adapters-mini-dp-vga-mini-dp-hdmi-usb-c-vga-usb-c-hdmi,"P2 relevant buried, target absent",yes,
asm degree,exact,https://www.arizona.edu/degree-search/majors/agricultural-systems-management,1,BASE,REVIEW: base-page mapping (verify generic vs keep),ahrefs,absent,https://www.arizona.edu/degree-search,P1 all results off-topic,yes,
astronomy and astrophysics,exact,https://www.arizona.edu/degree-search,1,HUB,Rule 1 — generic → DS home (no family),metadata,absent,https://science.arizona.edu/,P1 all results off-topic,yes,
asu biotechnology,exact,https://www.arizona.edu/degree-search/majors/applied-biotechnology,1,BASE,REVIEW: base-page mapping (verify generic vs keep),ahrefs,14,https://www.arizona.edu/degree-search/majors/applied-biotechnology-industrial-plant-and-microbial-biotechnology-emphasis,"P2 target present, buried",yes,
asu computer systems engineering,exact,https://www.arizona.edu/degree-search/majors/systems-engineering-bsse,1,UG,Rule 2 — specific entity (kept),ahrefs,absent,https://engineering.arizona.edu/index,"P2 relevant buried, target absent",yes,
asu global health,exact,https://www.arizona.edu/degree-search/majors/public-health-global-health-emphasis,1,BASE,Rule 2 — specific entity (kept),ahrefs,absent,https://international.arizona.edu/study-abroad,"P2 relevant buried, target absent",yes,
asu meteorology,exact,https://www.arizona.edu/degree-search/majors/hydrology-and-atmospheric-sciences-meteorology-and-atmospheric-sciences-emphasis,1,BASE,Rule 2 — specific entity (kept),ahrefs,absent,https://climas.arizona.edu/publication/arizona-meteorological-network-brief-overview,"P2 relevant buried, target absent",yes,
asu neuroscience major map,exact,https://www.arizona.edu/degree-search/majors/neuroscience-and-cognitive-science-cognition-emphasis,1,BASE,Rule 2 — specific entity (kept),ahrefs,absent,https://www.arizona.edu/degree-search,"P2 relevant buried, target absent",yes,
atmospheric sciences,exact,https://www.arizona.edu/degree-search/majors/atmospheric-sciences-ms,1,GRAD,Rule 2 — family multi-promote,metadata,absent,https://has.arizona.edu/people/committees/admissions-committee,"P2 relevant buried, target absent",yes,
atmospheric sciences,exact,https://www.arizona.edu/degree-search/majors/atmospheric-sciences-dp,2,PHD,Rule 2 — family multi-promote,metadata,absent,https://has.arizona.edu/people/committees/admissions-committee,"P2 relevant buried, target absent",yes,
atmospheric sciences phd,exact,https://www.arizona.edu/degree-search/majors/atmospheric-sciences-dp,1,PHD,Rule 2 — specific entity (kept),metadata,absent,https://has.arizona.edu/people/committees/admissions-committee,"P2 relevant buried, target absent",yes,yes
aviation engineering degree,exact,https://www.arizona.edu/degree-search/majors/aerospace-engineering-bsae,1,UG,Rule 2 — specific entity (kept),ahrefs,absent,https://www.arizona.edu/degree-search,"P2 relevant buried, target absent",yes,
ba film,exact,https://www.arizona.edu/degree-search/majors/film-and-television-ba,1,UG,Rule 2 — specific entity (kept),ahrefs,3,https://cfa.arizona.edu/,"P2 target present, buried",yes,
ba music education,exact,https://www.arizona.edu/degree-search/majors/music-education,1,BASE,Rule 2 — REVIEW: specific term on base page,ahrefs,absent,https://education.arizona.edu/,"P2 relevant buried, target absent",yes,
bachelor degree animal science,exact,https://www.arizona.edu/degree-search/majors/animal-sciences-science-and-pre-professional-emphasis,1,BASE,Rule 2 — specific entity (kept),ahrefs,11,https://www.arizona.edu/degree-search,"P2 target present, buried",yes,
bachelor of arts in computer science,exact,https://www.arizona.edu/degree-search/majors/computer-science-ba,1,UG,Rule 2 — specific entity (kept),ahrefs,3,https://science.arizona.edu/,"P2 target present, buried",yes,
bachelor of film and television,exact,https://www.arizona.edu/degree-search/majors/film-and-television-bfa,1,UG,Rule 2 — specific entity (kept),ahrefs,4,https://cfa.arizona.edu/,"P2 target present, buried",yes,
bachelor of fine arts photography,exact,https://www.arizona.edu/degree-search/majors/studio-art-photography-video-and-imaging-emphasis,1,BASE,Rule 2 — specific entity (kept),ahrefs,1,https://www.arizona.edu/degree-search/majors/studio-art-photography-video-and-imaging-emphasis,P0 already #1,no (already #1),
bachelor of science chemistry,exact,https://www.arizona.edu/degree-search/majors/chemistry-bs,1,UG,Rule 2 — specific entity (kept),ahrefs,absent,https://science.arizona.edu/,"P2 relevant buried, target absent",yes,
bachelor of science in business economics,exact,https://www.arizona.edu/degree-search/majors/business-economics,1,BASE,Rule 2 — REVIEW: specific term on base page,ahrefs,absent,https://eller.arizona.edu/,"P2 relevant buried, target absent",yes,
bachelor's in geology,exact,https://www.arizona.edu/degree-search/majors/geosciences-geology-emphasis,1,BASE,Rule 2 — specific entity (kept),ahrefs,1,https://www.arizona.edu/degree-search/majors/geosciences-geology-emphasis,P0 already #1,no (already #1),
bachelors in religious studies,exact,https://www.arizona.edu/degree-search/majors/religious-studies,1,BASE,Rule 2 — REVIEW: specific term on base page,ahrefs,1,https://www.arizona.edu/degree-search/majors/religious-studies,P0 already #1,no (already #1),
bachelors in studio art,exact,https://www.arizona.edu/degree-search/majors/studio-art,1,BASE,Rule 2 — REVIEW: specific term on base page,ahrefs,5,https://cfa.arizona.edu/,"P2 target present, buried",yes,
bachelors of arts computer science,exact,https://www.arizona.edu/degree-search/majors/computer-science-ba,1,UG,Rule 2 — specific entity (kept),ahrefs,3,https://science.arizona.edu/,"P2 target present, buried",yes,
bachelors of arts in computer science,exact,https://www.arizona.edu/degree-search/majors/computer-science-ba,1,UG,Rule 2 — specific entity (kept),ahrefs,3,https://science.arizona.edu/,"P2 target present, buried",yes,
bas in applied computing,exact,https://www.arizona.edu/degree-search/majors/applied-computing-applied-artificial-intelligence-emphasis,1,BASE,Rule 2 — specific entity (kept),ahrefs,12,https://online.arizona.edu/programs/undergraduate/online-bachelor-applied-science-cyber-defense-applied-science-bas,"P2 target present, buried",yes,
bassoon performance studies,exact,https://www.arizona.edu/degree-search/majors/performance-bassoon-emphasis,1,BASE,Rule 2 — specific entity (kept),metadata,absent,https://anthropology.arizona.edu/person/ellen-b-basso,"P2 relevant buried, target absent",yes,
bilingual audiology,exact,https://www.arizona.edu/degree-search,1,HUB,Rule 1 — generic → DS home (no family),metadata,1,https://www.arizona.edu/degree-search/majors/bilingual-audiology,P0 already #1,no (already #1),
bilingual education,exact,https://www.arizona.edu/degree-search/majors/elementary-education-bilingual-emphasis,1,BASE,Rule 2 — specific entity (kept),metadata,absent,https://education.arizona.edu/,"P2 relevant buried, target absent",yes,
bilingual journalism,exact,https://www.arizona.edu/degree-search,1,HUB,Rule 1 — generic → DS home (no family),metadata,absent,https://sbs.arizona.edu/,"P2 relevant buried, target absent",yes,
biochemistry,exact,https://www.arizona.edu/degree-search/majors/biochemistry-ba,1,UG,Rule 2 — family multi-promote,ahrefs,absent,https://science.arizona.edu/,P1 all results off-topic,yes,
biochemistry,exact,https://www.arizona.edu/degree-search/majors/biochemistry-bs,2,UG,Rule 2 — family multi-promote,ahrefs,absent,https://science.arizona.edu/,P1 all results off-topic,yes,
biochemistry,exact,https://www.arizona.edu/degree-search/majors/biochemistry-ms,3,GRAD,Rule 2 — family multi-promote,ahrefs,absent,https://science.arizona.edu/,P1 all results off-topic,yes,
biochemistry,exact,https://www.arizona.edu/degree-search/majors/biochemistry-dp,4,PHD,Rule 2 — family multi-promote,ahrefs,absent,https://science.arizona.edu/,P1 all results off-topic,yes,
biochemistry major map asu,exact,https://www.arizona.edu/degree-search/majors/biochemistry-bs,1,UG,Rule 2 — specific entity (kept),ahrefs,absent,https://science.arizona.edu/,"P2 relevant buried, target absent",yes,
biochemistry ms,exact,https://www.arizona.edu/degree-search/majors/biochemistry-ms,1,GRAD,Rule 2 — specific entity (kept),metadata,absent,https://science.arizona.edu/,P1 all results off-topic,yes,yes
biochemistry phd,exact,https://www.arizona.edu/degree-search/majors/biochemistry-dp,1,PHD,Rule 2 — specific entity (kept),metadata,absent,https://science.arizona.edu/,P1 all results off-topic,yes,yes
biochemistry university of arizona,exact,https://www.arizona.edu/degree-search/majors/biochemistry-ba,1,UG,Rule 2 — family multi-promote,ahrefs,absent,https://science.arizona.edu/,P1 all results off-topic,yes,
biochemistry university of arizona,exact,https://www.arizona.edu/degree-search/majors/biochemistry-bs,2,UG,Rule 2 — family multi-promote,ahrefs,absent,https://science.arizona.edu/,P1 all results off-topic,yes,
biochemistry university of arizona,exact,https://www.arizona.edu/degree-search/majors/biochemistry-ms,3,GRAD,Rule 2 — family multi-promote,ahrefs,absent,https://science.arizona.edu/,P1 all results off-topic,yes,
biochemistry university of arizona,exact,https://www.arizona.edu/degree-search/majors/biochemistry-dp,4,PHD,Rule 2 — family multi-promote,ahrefs,absent,https://science.arizona.edu/,P1 all results off-topic,yes,
bioinformatics university of arizona,exact,https://www.arizona.edu/degree-search,1,HUB,Rule 1 — generic → DS home (no family),ahrefs,4,https://www.arizona.edu/admissions,"P2 target present, buried",yes,
biological and biomedical sciences major,exact,https://www.arizona.edu/degree-search/majors/biology-biomedical-sciences-emphasis,1,BASE,Rule 2 — specific entity (kept),ahrefs,14,https://www.arizona.edu/degree-search,"P2 target present, buried",yes,
biomed science,exact,https://www.arizona.edu/degree-search/majors/biology-biomedical-sciences-emphasis,1,BASE,Rule 2 — specific entity (kept),ahrefs,absent,https://science.arizona.edu/,"P2 relevant buried, target absent",yes,
biomedical engineering,exact,https://www.arizona.edu/degree-search/majors/biomedical-engineering,1,BASE,Rule 2 — family multi-promote,metadata,absent,https://engineering.arizona.edu/index,"P2 relevant buried, target absent",yes,
biomedical engineering,exact,https://www.arizona.edu/degree-search/majors/biomedical-engineering-bsbe,2,UG,Rule 2 — family multi-promote,metadata,absent,https://engineering.arizona.edu/index,"P2 relevant buried, target absent",yes,
biomedical engineering,exact,https://www.arizona.edu/degree-search/majors/biomedical-engineering-ms,3,GRAD,Rule 2 — family multi-promote,metadata,absent,https://engineering.arizona.edu/index,"P2 relevant buried, target absent",yes,
biomedical engineering,exact,https://www.arizona.edu/degree-search/majors/biomedical-engineering-dp,4,PHD,Rule 2 — family multi-promote,metadata,absent,https://engineering.arizona.edu/index,"P2 relevant buried, target absent",yes,
biomedical engineering asu major map,exact,https://www.arizona.edu/degree-search/majors/biomedical-engineering-bsbe,1,UG,Rule 2 — specific entity (kept),ahrefs,absent,https://engineering.arizona.edu/index,"P2 relevant buried, target absent",yes,
biomedical engineering phd,exact,https://www.arizona.edu/degree-search/majors/biomedical-engineering-dp,1,PHD,Rule 2 — specific entity (kept),metadata,absent,https://engineering.arizona.edu/index,"P2 relevant buried, target absent",yes,yes
biomedical engineering schooling,exact,https://www.arizona.edu/degree-search/majors/biomedical-engineering-bsbe,1,UG,Rule 2 — specific entity (kept),ahrefs,absent,https://engineering.arizona.edu/index,"P2 relevant buried, target absent",yes,
biomedical sciences,exact,https://www.arizona.edu/degree-search,1,HUB,Rule 1 — generic → DS home (no family),metadata,absent,https://acbs.arizona.edu/undergraduate/admissions,"P2 relevant buried, target absent",yes,
biomedical sciences asu major map,exact,https://www.arizona.edu/degree-search/majors/biology-biomedical-sciences-emphasis,1,BASE,Rule 2 — specific entity (kept),ahrefs,absent,https://www.arizona.edu/degree-search,"P2 relevant buried, target absent",yes,
biomedical vs biology,exact,https://www.arizona.edu/degree-search/majors/biology-organismal-biology-emphasis,1,BASE,Rule 2 — specific entity (kept),ahrefs,absent,https://eeb.arizona.edu/undergraduate/majors-minors/bs-biology-biomedical-sciences,"P2 relevant buried, target absent",yes,
biostatistics,exact,https://www.arizona.edu/degree-search,1,HUB,Rule 1 — generic → DS home (no family),metadata,absent,https://publichealth.arizona.edu/,"P2 relevant buried, target absent",yes,
biosystems analytics and technology,exact,https://www.arizona.edu/degree-search/majors/biosystems-analytics-technology,1,BASE,Rule 2 — family multi-promote,metadata,5,https://be.arizona.edu/undergraduate/bs-biosystems-analytics-technology,"P2 target present, buried",yes,
biosystems analytics and technology,exact,https://www.arizona.edu/degree-search/majors/biosystems-analytics-and-technology-ms,2,GRAD,Rule 2 — family multi-promote,metadata,5,https://be.arizona.edu/undergraduate/bs-biosystems-analytics-technology,"P2 target present, buried",yes,
biosystems analytics and technology,exact,https://www.arizona.edu/degree-search/majors/biosystems-analytics-and-technology-dp,3,PHD,Rule 2 — family multi-promote,metadata,5,https://be.arizona.edu/undergraduate/bs-biosystems-analytics-technology,"P2 target present, buried",yes,
biosystems analytics and technology ms,exact,https://www.arizona.edu/degree-search/majors/biosystems-analytics-and-technology-ms,1,GRAD,Rule 2 — specific entity (kept),metadata,8,https://be.arizona.edu/undergraduate/bs-biosystems-analytics-technology,"P2 target present, buried",yes,yes
biosystems analytics and technology phd,exact,https://www.arizona.edu/degree-search/majors/biosystems-analytics-and-technology-dp,1,PHD,Rule 2 — specific entity (kept),metadata,7,https://be.arizona.edu/undergraduate/bs-biosystems-analytics-technology,"P2 target present, buried",yes,yes
biosystems engineering,exact,https://www.arizona.edu/degree-search/majors/biosystems-engineering,1,BASE,Rule 2 — family multi-promote,metadata,absent,https://engineering.arizona.edu/index,"P2 relevant buried, target absent",yes,
biosystems engineering,exact,https://www.arizona.edu/degree-search/majors/biosystems-engineering-bsbe,2,UG,Rule 2 — family multi-promote,metadata,absent,https://engineering.arizona.edu/index,"P2 relevant buried, target absent",yes,
biosystems engineering,exact,https://www.arizona.edu/degree-search/majors/biosystems-engineering-ms,3,GRAD,Rule 2 — family multi-promote,metadata,absent,https://engineering.arizona.edu/index,"P2 relevant buried, target absent",yes,
biosystems engineering,exact,https://www.arizona.edu/degree-search/majors/biosystems-engineering-dp,4,PHD,Rule 2 — family multi-promote,metadata,absent,https://engineering.arizona.edu/index,"P2 relevant buried, target absent",yes,
biosystems engineering bsbe,exact,https://www.arizona.edu/degree-search/majors/biosystems-engineering-bsbe,1,UG,Rule 2 — specific entity (kept),metadata,absent,https://engineering.arizona.edu/index,"P2 relevant buried, target absent",yes,yes
biosystems engineering ms,exact,https://www.arizona.edu/degree-search/majors/biosystems-engineering-ms,1,GRAD,Rule 2 — specific entity (kept),metadata,absent,https://engineering.arizona.edu/index,"P2 relevant buried, target absent",yes,yes
biosystems engineering phd,exact,https://www.arizona.edu/degree-search/majors/biosystems-engineering-dp,1,PHD,Rule 2 — specific entity (kept),metadata,absent,https://engineering.arizona.edu/index,"P2 relevant buried, target absent",yes,yes
botany degree,exact,https://www.arizona.edu/degree-search/majors/plant-sciences,1,BASE,REVIEW: base-page mapping (verify generic vs keep),ahrefs,absent,https://www.arizona.edu/degree-search,"P2 relevant buried, target absent",yes,
business administration,exact,https://www.arizona.edu/degree-search/majors/business-administration,1,BASE,Rule 2 — family multi-promote,metadata,absent,https://eller.arizona.edu/,"P2 relevant buried, target absent",yes,
business administration,exact,https://www.arizona.edu/degree-search/majors/business-administration-bsba,2,UG,Rule 2 — family multi-promote,metadata,absent,https://eller.arizona.edu/,"P2 relevant buried, target absent",yes,
business administration,exact,https://www.arizona.edu/degree-search/majors/business-administration-mba,3,GRAD,Rule 2 — family multi-promote,metadata,absent,https://eller.arizona.edu/,"P2 relevant buried, target absent",yes,
business administration university of arizona,exact,https://www.arizona.edu/degree-search/majors/business-administration,1,BASE,Rule 2 — family multi-promote,ahrefs,absent,https://eller.arizona.edu/,"P2 relevant buried, target absent",yes,
business administration university of arizona,exact,https://www.arizona.edu/degree-search/majors/business-administration-bsba,2,UG,Rule 2 — family multi-promote,ahrefs,absent,https://eller.arizona.edu/,"P2 relevant buried, target absent",yes,
business administration university of arizona,exact,https://www.arizona.edu/degree-search/majors/business-administration-mba,3,GRAD,Rule 2 — family multi-promote,ahrefs,absent,https://eller.arizona.edu/,"P2 relevant buried, target absent",yes,
business analytics,exact,https://www.arizona.edu/degree-search/majors/business-analytics-bsba,1,UG,Rule 2 — family multi-promote,metadata,absent,https://eller.arizona.edu/,"P2 relevant buried, target absent",yes,
business analytics,exact,https://www.arizona.edu/degree-search/majors/business-analytics-ms,2,GRAD,Rule 2 — family multi-promote,metadata,absent,https://eller.arizona.edu/,"P2 relevant buried, target absent",yes,
business analytics ms,exact,https://www.arizona.edu/degree-search/majors/business-analytics-ms,1,GRAD,Rule 2 — specific entity (kept),metadata,absent,https://eller.arizona.edu/,"P2 relevant buried, target absent",yes,yes
business and finance major,exact,https://www.arizona.edu/degree-search/majors/finance-bsba,1,UG,Rule 2 — specific entity (kept),ahrefs,absent,https://eller.arizona.edu/,"P2 relevant buried, target absent",yes,
business and management colleges,exact,https://www.arizona.edu/degree-search/majors/business-management,1,BASE,REVIEW: base-page mapping (verify generic vs keep),ahrefs,absent,https://eller.arizona.edu/,"P2 relevant buried, target absent",yes,
business in management,exact,https://www.arizona.edu/degree-search,1,HUB,Rule 1 — generic → DS home (no family),ahrefs,absent,https://eller.arizona.edu/,"P2 relevant buried, target absent",yes,
business intelligence & analytics,exact,https://www.arizona.edu/degree-search,1,HUB,Rule 1 — generic → DS home (no family),metadata,absent,https://eller.arizona.edu/,"P2 relevant buried, target absent",yes,
business management university of arizona,exact,https://www.arizona.edu/degree-search,1,HUB,Rule 1 — generic → DS home (no family),ahrefs,absent,https://eller.arizona.edu/,"P2 relevant buried, target absent",yes,
can a nurse practitioner diagnose autism,exact,https://www.arizona.edu/degree-search/majors/diagnosis-and-management-of-autism-spectrum-disorder,1,BASE,REVIEW: base-page mapping (verify generic vs keep),ahrefs,absent,https://nursing.arizona.edu/,"P2 relevant buried, target absent",yes,
can a psychiatric nurse practitioner diagnose autism,exact,https://www.arizona.edu/degree-search/majors/diagnosis-and-management-of-autism-spectrum-disorder,1,BASE,REVIEW: base-page mapping (verify generic vs keep),ahrefs,absent,https://nursing.arizona.edu/,"P2 relevant buried, target absent",yes,
can nurse practitioners diagnose autism,exact,https://www.arizona.edu/degree-search/majors/diagnosis-and-management-of-autism-spectrum-disorder,1,BASE,REVIEW: base-page mapping (verify generic vs keep),ahrefs,absent,https://nursing.arizona.edu/,"P2 relevant buried, target absent",yes,
care health and society major,exact,https://www.arizona.edu/degree-search,1,HUB,Rule 1 — generic → DS home (no family),ahrefs,absent,https://health.arizona.edu/,"P2 relevant buried, target absent",yes,
care health and society university of arizona,exact,https://www.arizona.edu/degree-search,1,HUB,Rule 1 — generic → DS home (no family),ahrefs,20,https://health.arizona.edu/,"P2 target present, buried",yes,
career and technical education administrator,exact,https://www.arizona.edu/degree-search,1,HUB,Rule 1 — generic → DS home (no family),metadata,3,https://talent.arizona.edu/,"P2 target present, buried",yes,
cello performance,exact,https://www.arizona.edu/degree-search/majors/performance-cello-emphasis,1,BASE,Rule 2 — specific entity (kept),metadata,1,https://www.arizona.edu/degree-search/majors/performance-cello-emphasis,P0 already #1,no (already #1),
cellular and molecular medicine,exact,https://www.arizona.edu/degree-search,1,HUB,Rule 1 — generic → DS home (no family),metadata,absent,https://cmm.arizona.edu/education/graduate-programs/masters-science-degree,"P2 relevant buried, target absent",yes,
chemical engineering,exact,https://www.arizona.edu/degree-search/majors/chemical-engineering,1,BASE,Rule 2 — family multi-promote,metadata,absent,https://engineering.arizona.edu/index,"P2 relevant buried, target absent",yes,
chemical engineering,exact,https://www.arizona.edu/degree-search/majors/chemical-engineering-bsce,2,UG,Rule 2 — family multi-promote,metadata,absent,https://engineering.arizona.edu/index,"P2 relevant buried, target absent",yes,
chemical engineering,exact,https://www.arizona.edu/degree-search/majors/chemical-engineering-ms,3,GRAD,Rule 2 — family multi-promote,metadata,absent,https://engineering.arizona.edu/index,"P2 relevant buried, target absent",yes,
chemical engineering,exact,https://www.arizona.edu/degree-search/majors/chemical-engineering-dp,4,PHD,Rule 2 — family multi-promote,metadata,absent,https://engineering.arizona.edu/index,"P2 relevant buried, target absent",yes,
chemical engineering bsce,exact,https://www.arizona.edu/degree-search/majors/chemical-engineering-bsce,1,UG,Rule 2 — specific entity (kept),metadata,absent,https://engineering.arizona.edu/index,"P2 relevant buried, target absent",yes,yes
chemical engineering ms,exact,https://www.arizona.edu/degree-search/majors/chemical-engineering-ms,1,GRAD,Rule 2 — specific entity (kept),metadata,absent,https://engineering.arizona.edu/index,"P2 relevant buried, target absent",yes,yes
chemical engineering phd,exact,https://www.arizona.edu/degree-search/majors/chemical-engineering-dp,1,PHD,Rule 2 — specific entity (kept),metadata,absent,https://engineering.arizona.edu/index,"P2 relevant buried, target absent",yes,yes
chemistry,exact,https://www.arizona.edu/degree-search/majors/chemistry-ba,1,UG,Rule 2 — family multi-promote,metadata,absent,https://science.arizona.edu/,P1 all results off-topic,yes,
chemistry,exact,https://www.arizona.edu/degree-search/majors/chemistry-bs,2,UG,Rule 2 — family multi-promote,metadata,absent,https://science.arizona.edu/,P1 all results off-topic,yes,
chemistry,exact,https://www.arizona.edu/degree-search/majors/chemistry-ma,3,GRAD,Rule 2 — family multi-promote,metadata,absent,https://science.arizona.edu/,P1 all results off-topic,yes,
chemistry,exact,https://www.arizona.edu/degree-search/majors/chemistry-ms,4,GRAD,Rule 2 — family multi-promote,metadata,absent,https://science.arizona.edu/,P1 all results off-topic,yes,
chemistry,exact,https://www.arizona.edu/degree-search/majors/chemistry-dp,5,PHD,Rule 2 — family multi-promote,metadata,absent,https://science.arizona.edu/,P1 all results off-topic,yes,
chemistry doctorate programs,exact,https://www.arizona.edu/degree-search/majors/chemistry-dp,1,PHD,Rule 2 — specific entity (kept),ahrefs,absent,https://science.arizona.edu/,P1 all results off-topic,yes,
chemistry ma,exact,https://www.arizona.edu/degree-search/majors/chemistry-ma,1,GRAD,Rule 2 — specific entity (kept),metadata,absent,https://science.arizona.edu/,P1 all results off-topic,yes,yes
chemistry undergraduate degree,exact,https://www.arizona.edu/degree-search/majors/chemistry-bs,1,UG,Rule 2 — specific entity (kept),ahrefs,absent,https://science.arizona.edu/,"P2 relevant buried, target absent",yes,
chinese language,exact,https://www.arizona.edu/degree-search/majors/east-asian-studies-chinese-language-emphasis,1,BASE,Rule 2 — specific entity (kept),metadata,3,https://cercll.arizona.edu/training-chinese-teachers-in-communicative-language-teaching/,"P2 target present, buried",yes,
civil engineering & engineering mechanics,exact,https://www.arizona.edu/degree-search/majors/civil-engineering-and-engineering-mechanics-ms,1,GRAD,Rule 2 — family multi-promote,metadata,absent,https://engineering.arizona.edu/index,"P2 relevant buried, target absent",yes,
civil engineering & engineering mechanics,exact,https://www.arizona.edu/degree-search/majors/civil-engineering-and-engineering-mechanics-dp,2,PHD,Rule 2 — family multi-promote,metadata,absent,https://engineering.arizona.edu/index,"P2 relevant buried, target absent",yes,
civil engineering & engineering mechanics phd,exact,https://www.arizona.edu/degree-search/majors/civil-engineering-and-engineering-mechanics-dp,1,PHD,Rule 2 — specific entity (kept),metadata,absent,https://engineering.arizona.edu/index,"P2 relevant buried, target absent",yes,yes
civil engineering major map asu,exact,https://www.arizona.edu/degree-search/majors/civil-engineering,1,BASE,REVIEW: base-page mapping (verify generic vs keep),ahrefs,absent,https://engineering.arizona.edu/index,"P2 relevant buried, target absent",yes,
civil engineering schooling,exact,https://www.arizona.edu/degree-search/majors/civil-engineering,1,BASE,REVIEW: base-page mapping (verify generic vs keep),ahrefs,absent,https://engineering.arizona.edu/index,"P2 relevant buried, target absent",yes,
civil engineering subjects,exact,https://www.arizona.edu/degree-search/majors/civil-engineering,1,BASE,REVIEW: base-page mapping (verify generic vs keep),ahrefs,absent,https://engineering.arizona.edu/index,"P2 relevant buried, target absent",yes,
clarinet performance,exact,https://www.arizona.edu/degree-search/majors/performance-clarinet-emphasis,1,BASE,Rule 2 — specific entity (kept),metadata,absent,https://research.arizona.edu/faq/what-corrective-actions-must-be-taken-if-required-survey-not-performed,"P2 relevant buried, target absent",yes,
classical languages,exact,https://www.arizona.edu/degree-search/majors/classics-classical-languages-emphasis,1,BASE,Rule 2 — specific entity (kept),metadata,1,https://www.arizona.edu/degree-search/majors/classics-classical-languages-emphasis,P0 already #1,no (already #1),
classical studies degree,exact,https://www.arizona.edu/degree-search/majors/classics-classical-civilization-emphasis,1,BASE,Rule 2 — specific entity (kept),ahrefs,absent,https://www.arizona.edu/degree-search,"P2 relevant buried, target absent",yes,
classics,exact,https://www.arizona.edu/degree-search,1,HUB,Rule 1 — generic → DS home (no family),metadata,18,https://classics.arizona.edu/,"P2 target present, buried",yes,
clinical and translational research,exact,https://www.arizona.edu/degree-search,1,HUB,Rule 1 — generic → DS home (no family),metadata,absent,https://cats.med.arizona.edu/events/clinical-research-professional-meeting-0,"P2 relevant buried, target absent",yes,
clinical and translational science,exact,https://www.arizona.edu/degree-search/majors/clinical-and-translational-science,1,BASE,Rule 2 — family multi-promote,metadata,absent,https://science.arizona.edu/,"P2 relevant buried, target absent",yes,
clinical and translational science,exact,https://www.arizona.edu/degree-search/majors/clinical-translational-sciences-ms,2,GRAD,Rule 2 — family multi-promote,metadata,absent,https://science.arizona.edu/,"P2 relevant buried, target absent",yes,
clinical and translational science,exact,https://www.arizona.edu/degree-search/majors/clinical-translational-sciences-dp,3,PHD,Rule 2 — family multi-promote,metadata,absent,https://science.arizona.edu/,"P2 relevant buried, target absent",yes,
clinical research,exact,https://www.arizona.edu/degree-search,1,HUB,Rule 1 — generic → DS home (no family),metadata,absent,https://research.arizona.edu/research-services/clinical-research,"P2 relevant buried, target absent",yes,
clinical translational sciences,exact,https://www.arizona.edu/degree-search/majors/clinical-and-translational-science,1,BASE,Rule 2 — family multi-promote,metadata,absent,https://healthsciences.arizona.edu/academics/clinical-translational-sciences/admissions,"P2 relevant buried, target absent",yes,
clinical translational sciences,exact,https://www.arizona.edu/degree-search/majors/clinical-translational-sciences-ms,2,GRAD,Rule 2 — family multi-promote,metadata,absent,https://healthsciences.arizona.edu/academics/clinical-translational-sciences/admissions,"P2 relevant buried, target absent",yes,
clinical translational sciences,exact,https://www.arizona.edu/degree-search/majors/clinical-translational-sciences-dp,3,PHD,Rule 2 — family multi-promote,metadata,absent,https://healthsciences.arizona.edu/academics/clinical-translational-sciences/admissions,"P2 relevant buried, target absent",yes,
clinical translational sciences phd,exact,https://www.arizona.edu/degree-search/majors/clinical-translational-sciences-dp,1,PHD,Rule 2 — specific entity (kept),metadata,absent,https://healthsciences.arizona.edu/academics/clinical-translational-sciences/admissions,"P2 relevant buried, target absent",yes,yes
collaborative governance,exact,https://www.arizona.edu/degree-search,1,HUB,Rule 1 — generic → DS home (no family),metadata,2,https://sgpp.arizona.edu/faculty/collaborative-governance,"P2 target present, buried",yes,
college teaching,exact,https://www.arizona.edu/degree-search,1,HUB,Rule 1 — generic → DS home (no family),metadata,absent,https://education.arizona.edu/,"P2 relevant buried, target absent",yes,
colleges with creative writing,exact,https://www.arizona.edu/degree-search/majors/creative-writing,1,BASE,REVIEW: base-page mapping (verify generic vs keep),ahrefs,17,https://english.arizona.edu/ba-creative-writing/requirements,"P2 target present, buried",yes,
communication,exact,https://www.arizona.edu/degree-search/majors/communication,1,BASE,Rule 2 — family multi-promote,metadata,absent,https://sbs.arizona.edu/,"P2 relevant buried, target absent",yes,
communication,exact,https://www.arizona.edu/degree-search/majors/communication-ba,2,UG,Rule 2 — family multi-promote,metadata,absent,https://sbs.arizona.edu/,"P2 relevant buried, target absent",yes,
communication,exact,https://www.arizona.edu/degree-search/majors/communication-ma,3,GRAD,Rule 2 — family multi-promote,metadata,absent,https://sbs.arizona.edu/,"P2 relevant buried, target absent",yes,
communication,exact,https://www.arizona.edu/degree-search/majors/communication-dp,4,PHD,Rule 2 — family multi-promote,metadata,absent,https://sbs.arizona.edu/,"P2 relevant buried, target absent",yes,
communication major university of arizona,exact,https://www.arizona.edu/degree-search/majors/public-relations,1,BASE,REVIEW: base-page mapping (verify generic vs keep),ahrefs,absent,https://sbs.arizona.edu/,"P2 relevant buried, target absent",yes,
communication phd,exact,https://www.arizona.edu/degree-search/majors/communication-dp,1,PHD,Rule 2 — specific entity (kept),metadata,absent,https://sbs.arizona.edu/,"P2 relevant buried, target absent",yes,yes
communications major university of arizona,exact,https://www.arizona.edu/degree-search/majors/communication,1,BASE,Rule 2 — family multi-promote,ahrefs,absent,https://www.arizona.edu/degree-search,P1 all results off-topic,yes,
communications major university of arizona,exact,https://www.arizona.edu/degree-search/majors/communication-ba,2,UG,Rule 2 — family multi-promote,ahrefs,absent,https://www.arizona.edu/degree-search,P1 all results off-topic,yes,
communications major university of arizona,exact,https://www.arizona.edu/degree-search/majors/communication-ma,3,GRAD,Rule 2 — family multi-promote,ahrefs,absent,https://www.arizona.edu/degree-search,P1 all results off-topic,yes,
communications major university of arizona,exact,https://www.arizona.edu/degree-search/majors/communication-dp,4,PHD,Rule 2 — family multi-promote,ahrefs,absent,https://www.arizona.edu/degree-search,P1 all results off-topic,yes,
community action research,exact,https://www.arizona.edu/degree-search,1,HUB,Rule 1 — generic → DS home (no family),ahrefs,5,https://azprc.arizona.edu/community-action-board,"P2 target present, buried",yes,
comprehensive math,exact,https://www.arizona.edu/degree-search/majors/mathematics-comprehensive-emphasis-ba,1,UG,Rule 2 — specific entity (kept),ahrefs,absent,https://startnow.arizona.edu/plan-for-college/course-requirements/math-requirements,"P2 relevant buried, target absent",yes,
computational social sciences,exact,https://www.arizona.edu/degree-search,1,HUB,Rule 1 — generic → DS home (no family),metadata,absent,https://css.arizona.edu/requirements,"P2 relevant buried, target absent",yes,
computer science,exact,https://www.arizona.edu/degree-search/majors/computer-science-ba,1,UG,Rule 2 — family multi-promote,metadata,absent,https://science.arizona.edu/,"P2 relevant buried, target absent",yes,
computer science,exact,https://www.arizona.edu/degree-search/majors/computer-science-bs,2,UG,Rule 2 — family multi-promote,metadata,absent,https://science.arizona.edu/,"P2 relevant buried, target absent",yes,
computer science,exact,https://www.arizona.edu/degree-search/majors/computer-science-ms,3,GRAD,Rule 2 — family multi-promote,metadata,absent,https://science.arizona.edu/,"P2 relevant buried, target absent",yes,
computer science,exact,https://www.arizona.edu/degree-search/majors/computer-science-dp,4,PHD,Rule 2 — family multi-promote,metadata,absent,https://science.arizona.edu/,"P2 relevant buried, target absent",yes,
computer science and engineering,exact,https://www.arizona.edu/degree-search/majors/computer-science-and-engineering-bscse,1,UG,Rule 2 — family multi-promote,metadata,absent,https://engineering.arizona.edu/index,"P2 relevant buried, target absent",yes,
computer science and engineering,exact,https://www.arizona.edu/degree-search/majors/computer-science-and-engineering-ms,2,GRAD,Rule 2 — family multi-promote,metadata,absent,https://engineering.arizona.edu/index,"P2 relevant buried, target absent",yes,
computer science and engineering,exact,https://www.arizona.edu/degree-search/majors/computer-science-and-engineering-dp,3,PHD,Rule 2 — family multi-promote,metadata,absent,https://engineering.arizona.edu/index,"P2 relevant buried, target absent",yes,
computer science and engineering phd,exact,https://www.arizona.edu/degree-search/majors/computer-science-and-engineering-dp,1,PHD,Rule 2 — specific entity (kept),metadata,absent,https://engineering.arizona.edu/index,"P2 relevant buried, target absent",yes,yes
computer science university of arizona,exact,https://www.arizona.edu/degree-search/majors/computer-science-and-engineering-bscse,1,UG,Rule 2 — family multi-promote,ahrefs,absent,https://science.arizona.edu/,"P2 relevant buried, target absent",yes,
computer science university of arizona,exact,https://www.arizona.edu/degree-search/majors/computer-science-and-engineering-ms,2,GRAD,Rule 2 — family multi-promote,ahrefs,absent,https://science.arizona.edu/,"P2 relevant buried, target absent",yes,
computer science university of arizona,exact,https://www.arizona.edu/degree-search/majors/computer-science-and-engineering-dp,3,PHD,Rule 2 — family multi-promote,ahrefs,absent,https://science.arizona.edu/,"P2 relevant buried, target absent",yes,
conservation degree,exact,https://www.arizona.edu/degree-search/majors/natural-resources-wildlife-conservation-and-management-emphasis,1,BASE,Rule 2 — specific entity (kept),ahrefs,absent,https://www.arizona.edu/degree-search,P1 all results off-topic,yes,
controlled environment agriculture,exact,https://www.arizona.edu/degree-search/majors/sustainable-plant-systems-controlled-environment-agriculture-emphasis,1,BASE,Rule 2 — specific entity (kept),metadata,absent,https://cales.arizona.edu/,"P2 relevant buried, target absent",yes,
counseling,exact,https://www.arizona.edu/degree-search,1,HUB,Rule 1 — generic → DS home (no family),metadata,absent,https://caps.arizona.edu/,"P2 relevant buried, target absent",yes,
counselor education & supervision,exact,https://www.arizona.edu/degree-search,1,HUB,Rule 1 — generic → DS home (no family),metadata,8,https://education.arizona.edu/,"P2 target present, buried",yes,
creative intelligence and innovation,exact,https://www.arizona.edu/degree-search,1,HUB,Rule 1 — generic → DS home (no family),metadata,1,https://www.arizona.edu/degree-search/majors/creative-intelligence-and-innovation,P0 already #1,no (already #1),
creative writing,exact,https://www.arizona.edu/degree-search,1,HUB,Rule 1 — generic → DS home (no family),metadata,absent,https://english.arizona.edu/ba-creative-writing/requirements,"P2 relevant buried, target absent",yes,
culturally sustaining pedagogies,exact,https://www.arizona.edu/degree-search,1,HUB,Rule 1 — generic → DS home (no family),metadata,1,https://www.arizona.edu/degree-search/majors/culturally-sustaining-pedagogies,P0 already #1,no (already #1),
culture intensive chinese studies,exact,https://www.arizona.edu/degree-search/majors/east-asian-studies-chinese-culture-emphasis,1,BASE,Rule 2 — specific entity (kept),metadata,2,https://cercll.arizona.edu/chinese-culture-festival-in-tucson/,"P2 target present, buried",yes,
cyber defense,exact,https://www.arizona.edu/degree-search,1,HUB,Rule 1 — generic → DS home (no family),metadata,7,https://infosci.arizona.edu/,"P2 target present, buried",yes,
cyber operations,exact,https://www.arizona.edu/degree-search/majors/cyber-operations-ms,1,GRAD,Rule 2 — family multi-promote,metadata,absent,https://infosci.arizona.edu/,"P2 relevant buried, target absent",yes,
cyber operations,exact,https://www.arizona.edu/degree-search/majors/cyber-operations-gc,2,CERT,Rule 2 — family multi-promote,metadata,absent,https://infosci.arizona.edu/,"P2 relevant buried, target absent",yes,
cyber operations artificial intelligence,exact,https://www.arizona.edu/degree-search/majors/cyber-operations-artificial-intelligence-emphasis,1,BASE,Rule 2 — specific entity (kept),metadata,2,https://infosci.arizona.edu/,"P2 target present, buried",yes,
cyber operations cyber engineering,exact,https://www.arizona.edu/degree-search/majors/cyber-operations-cyber-engineering-emphasis,1,BASE,Rule 2 — specific entity (kept),metadata,absent,https://engineering.arizona.edu/index,"P2 relevant buried, target absent",yes,
cyber operations cyber law and policy,exact,https://www.arizona.edu/degree-search/majors/cyber-operations-cyber-law-and-policy-emphasis,1,BASE,Rule 2 — specific entity (kept),metadata,absent,https://law.arizona.edu/,"P2 relevant buried, target absent",yes,
cyber operations defense and forensics,exact,https://www.arizona.edu/degree-search/majors/cyber-operations-defense-and-forensics-emphasis,1,BASE,Rule 2 — specific entity (kept),metadata,absent,https://infosci.arizona.edu/,"P2 relevant buried, target absent",yes,
cyber operations graduate certificate,exact,https://www.arizona.edu/degree-search/majors/cyber-operations-gc,1,CERT,Rule 2 — specific entity (kept),metadata,absent,https://infosci.arizona.edu/,"P2 relevant buried, target absent",yes,yes
cyber operations security,exact,https://www.arizona.edu/degree-search/majors/cyber-operations-security-emphasis,1,BASE,Rule 2 — specific entity (kept),metadata,5,https://infosci.arizona.edu/,"P2 target present, buried",yes,
dance,exact,https://www.arizona.edu/degree-search,1,HUB,Rule 1 — generic → DS home (no family),metadata,absent,https://cfa.arizona.edu/,"P2 relevant buried, target absent",yes,
data science and applied statistics,exact,https://www.arizona.edu/degree-search,1,HUB,Rule 1 — generic → DS home (no family),metadata,absent,https://infosci.arizona.edu/,"P2 relevant buried, target absent",yes,
data science applied statistics,exact,https://www.arizona.edu/degree-search,1,HUB,Rule 1 — generic → DS home (no family),metadata,absent,https://infosci.arizona.edu/,"P2 relevant buried, target absent",yes,
data science comprehensive statistics,exact,https://www.arizona.edu/degree-search/majors/data-science-comprehensive-statistics-emphasis,1,BASE,Rule 2 — specific entity (kept),metadata,absent,https://infosci.arizona.edu/,"P2 relevant buried, target absent",yes,
data science computing,exact,https://www.arizona.edu/degree-search/majors/data-science-computing-emphasis,1,BASE,Rule 2 — specific entity (kept),metadata,absent,https://infosci.arizona.edu/,"P2 relevant buried, target absent",yes,
data science for health professionals,exact,https://www.arizona.edu/degree-search,1,HUB,Rule 1 — generic → DS home (no family),metadata,absent,https://health.arizona.edu/,"P2 relevant buried, target absent",yes,
data science molecular and cellular biology,exact,https://www.arizona.edu/degree-search/majors/data-science-molecular-and-cellular-biology-emphasis,1,BASE,Rule 2 — specific entity (kept),metadata,13,https://infosci.arizona.edu/,"P2 target present, buried",yes,
data science programs near me,exact,https://www.arizona.edu/degree-search,1,HUB,Rule 1 — generic → DS home (no family),ahrefs,absent,https://infosci.arizona.edu/,"P2 relevant buried, target absent",yes,
data science university of arizona,exact,https://www.arizona.edu/degree-search/majors/statistics-and-data-science-ba,1,UG,Rule 2 — family multi-promote,ahrefs,absent,https://infosci.arizona.edu/,"P2 relevant buried, target absent",yes,
data science university of arizona,exact,https://www.arizona.edu/degree-search/majors/statistics-and-data-science-bs,2,UG,Rule 2 — family multi-promote,ahrefs,absent,https://infosci.arizona.edu/,"P2 relevant buried, target absent",yes,
data science university of arizona,exact,https://www.arizona.edu/degree-search/majors/statistics-and-data-science-ms,3,GRAD,Rule 2 — family multi-promote,ahrefs,absent,https://infosci.arizona.edu/,"P2 relevant buried, target absent",yes,
data science university of arizona,exact,https://www.arizona.edu/degree-search/majors/statistics-and-data-science-gc,4,CERT,Rule 2 — family multi-promote,ahrefs,absent,https://infosci.arizona.edu/,"P2 relevant buried, target absent",yes,
data science university of arizona,exact,https://www.arizona.edu/degree-search/majors/statistics-and-data-science-dp,5,PHD,Rule 2 — family multi-promote,ahrefs,absent,https://infosci.arizona.edu/,"P2 relevant buried, target absent",yes,
deaf studies degree online,exact,https://www.arizona.edu/degree-search,1,HUB,Rule 1 — generic → DS home (no family),ahrefs,absent,https://www.arizona.edu/degree-search,"P2 relevant buried, target absent",yes,
deaf studies educational interpreting,exact,https://www.arizona.edu/degree-search/majors/deaf-studies-educational-interpreting-emphasis,1,BASE,Rule 2 — specific entity (kept),metadata,1,https://www.arizona.edu/degree-search/majors/deaf-studies-educational-interpreting-emphasis,P0 already #1,no (already #1),
degree example math,exact,https://www.arizona.edu/degree-search/majors/mathematics-comprehensive-emphasis-ba,1,UG,Rule 2 — specific entity (kept),ahrefs,absent,https://www.arizona.edu/degree-search,P1 all results off-topic,yes,
degree in applied mathematics,exact,https://www.arizona.edu/degree-search/majors/mathematics-applied-emphasis-bs,1,UG,Rule 2 — specific entity (kept),ahrefs,absent,https://www.arizona.edu/degree-search,"P2 relevant buried, target absent",yes,
degree in classical studies,exact,https://www.arizona.edu/degree-search/majors/classics-classical-civilization-emphasis,1,BASE,Rule 2 — specific entity (kept),ahrefs,absent,https://www.arizona.edu/degree-search,"P2 relevant buried, target absent",yes,
degree in english,exact,https://www.arizona.edu/degree-search/majors/english,1,BASE,Rule 2 — family multi-promote,ahrefs,absent,https://www.arizona.edu/degree-search,"P2 relevant buried, target absent",yes,
degree in english,exact,https://www.arizona.edu/degree-search/majors/english-ba,2,UG,Rule 2 — family multi-promote,ahrefs,absent,https://www.arizona.edu/degree-search,"P2 relevant buried, target absent",yes,
degree in english,exact,https://www.arizona.edu/degree-search/majors/english-ma,3,GRAD,Rule 2 — family multi-promote,ahrefs,absent,https://www.arizona.edu/degree-search,"P2 relevant buried, target absent",yes,
degree in english,exact,https://www.arizona.edu/degree-search/majors/english-dp,4,PHD,Rule 2 — family multi-promote,ahrefs,absent,https://www.arizona.edu/degree-search,"P2 relevant buried, target absent",yes,
degree in english language,exact,https://www.arizona.edu/degree-search/majors/english-ba,1,UG,Rule 2 — specific entity (kept),ahrefs,absent,https://www.arizona.edu/degree-search,"P2 relevant buried, target absent",yes,
degree in human development and family studies,exact,https://www.arizona.edu/degree-search/majors/human-development-and-family-science-bs,1,UG,Rule 2 — specific entity (kept),ahrefs,absent,https://www.arizona.edu/degree-search,"P2 relevant buried, target absent",yes,
degree in italian,exact,https://www.arizona.edu/degree-search/majors/italian-language-and-literature-emphasis,1,BASE,Rule 2 — specific entity (kept),ahrefs,absent,https://www.arizona.edu/degree-search,"P2 relevant buried, target absent",yes,
degree in neurobiology,exact,https://www.arizona.edu/degree-search/majors/neuroscience-and-cognitive-science-neurobiology-emphasis,1,BASE,Rule 2 — specific entity (kept),ahrefs,absent,https://www.arizona.edu/degree-search,P1 all results off-topic,yes,
degree pharmaceutical science,exact,https://www.arizona.edu/degree-search/majors/pharmaceutical-sciences,1,BASE,Rule 2 — family multi-promote,ahrefs,7,https://www.arizona.edu/degree-search,"P2 target present, buried",yes,
degree pharmaceutical science,exact,https://www.arizona.edu/degree-search/majors/pharmaceutical-sciences-bs,2,UG,Rule 2 — family multi-promote,ahrefs,7,https://www.arizona.edu/degree-search,"P2 target present, buried",yes,
degree pharmaceutical science,exact,https://www.arizona.edu/degree-search/majors/pharmaceutical-sciences-ms,3,GRAD,Rule 2 — family multi-promote,ahrefs,7,https://www.arizona.edu/degree-search,"P2 target present, buried",yes,
degree pharmaceutical science,exact,https://www.arizona.edu/degree-search/majors/pharmaceutical-sciences-dp,4,PHD,Rule 2 — family multi-promote,ahrefs,7,https://www.arizona.edu/degree-search,"P2 target present, buried",yes,
degree search,exact,https://www.arizona.edu/degree-search/,1,NAV,Unchanged — navigational/non-major,metadata,1,https://www.arizona.edu/degree-search,P0 already #1,no (already #1),
degrees in conservation,exact,https://www.arizona.edu/degree-search/majors/natural-resources-wildlife-conservation-and-management-emphasis,1,BASE,Rule 2 — specific entity (kept),ahrefs,absent,https://english.arizona.edu/declare,P1 all results off-topic,yes,
dendrochronologist,exact,https://www.arizona.edu/degree-search/majors/dendrochronology,1,BASE,REVIEW: base-page mapping (verify generic vs keep),ahrefs,absent,https://news.arizona.edu/employee-news/sharpening-tools-time-qa-dendrochronologist-charlotte-pearson,"P2 relevant buried, target absent",yes,
design arts & practice,exact,https://www.arizona.edu/degree-search/majors/design-arts-and-practice-object-design-emphasis,1,BASE,Rule 2 — specific entity (kept),metadata,1,https://www.arizona.edu/degree-search/majors/design-arts-and-practice-object-design-emphasis,P0 already #1,no (already #1),
design arts & practice emphasis,exact,https://www.arizona.edu/degree-search/majors/design-arts-and-practice-visual-design-emphasis,1,BASE,Rule 2 — specific entity (kept),metadata,3,https://www.arizona.edu/degree-search/majors/design-arts-and-practice-object-design-emphasis,"P2 target present, buried",yes,yes
design arts and practice print,exact,https://www.arizona.edu/degree-search/majors/design-arts-and-practice-print-emphasis,1,BASE,Rule 2 — specific entity (kept),metadata,absent,https://www.arizona.edu/degree-search/majors/design-arts-and-practice-object-design-emphasis,"P2 relevant buried, target absent",yes,
design arts and practice screen,exact,https://www.arizona.edu/degree-search/majors/design-arts-and-practice-screen-emphasis,1,BASE,Rule 2 — specific entity (kept),metadata,absent,https://www.arizona.edu/degree-search/majors/design-arts-and-practice-object-design-emphasis,"P2 relevant buried, target absent",yes,
design for health innovation,exact,https://www.arizona.edu/degree-search,1,HUB,Rule 1 — generic → DS home (no family),metadata,12,https://health.arizona.edu/,"P2 target present, buried",yes,
digital curation,exact,https://www.arizona.edu/degree-search,1,HUB,Rule 1 — generic → DS home (no family),metadata,4,https://online.arizona.edu/programs/graduate-certificate/online-graduate-certificate-digital-curation-cert,"P2 target present, buried",yes,
dma degree,exact,https://www.arizona.edu/degree-search/majors/music-dma,1,PHD,Rule 2 — specific entity (kept),ahrefs,absent,https://www.arizona.edu/degree-search,"P2 relevant buried, target absent",yes,
doctor of history,exact,https://www.arizona.edu/degree-search/majors/history-dp,1,PHD,Rule 2 — specific entity (kept),ahrefs,absent,https://sbs.arizona.edu/,"P2 relevant buried, target absent",yes,
doctor of management,exact,https://www.arizona.edu/degree-search/majors/management-dp,1,PHD,Rule 2 — specific entity (kept),ahrefs,absent,https://eller.arizona.edu/,"P2 relevant buried, target absent",yes,
doctoral degree in audiology,exact,https://www.arizona.edu/degree-search/majors/doctor-of-audiology,1,PHD,Rule 2 — specific entity (kept),ahrefs,2,https://www.arizona.edu/degree-search,"P2 target present, buried",yes,
doctoral program in management,exact,https://www.arizona.edu/degree-search/majors/management-dp,1,PHD,Rule 2 — specific entity (kept),ahrefs,absent,https://eller.arizona.edu/,"P2 relevant buried, target absent",yes,
doctorate of management,exact,https://www.arizona.edu/degree-search/majors/management-dp,1,PHD,Rule 2 — specific entity (kept),ahrefs,absent,https://eller.arizona.edu/,"P2 relevant buried, target absent",yes,
doctorate of musical arts,exact,https://www.arizona.edu/degree-search/majors/music-dma,1,PHD,Rule 2 — specific entity (kept),ahrefs,1,https://www.arizona.edu/degree-search/majors/music-dma,P0 already #1,no (already #1),
dpt a,exact,https://www.arizona.edu/degree-search/majors/physical-therapy,1,BASE,Rule 2 — REVIEW: specific term on base page,ahrefs,9,https://health.arizona.edu/comcopimmunizationuploads,"P2 target present, buried",yes,
early childhood,exact,https://www.arizona.edu/degree-search,1,HUB,Rule 1 — generic → DS home (no family),metadata,absent,https://extension.arizona.edu/topics/early-childhood,"P2 relevant buried, target absent",yes,
early childhood education,exact,https://www.arizona.edu/degree-search,1,HUB,Rule 1 — generic → DS home (no family),metadata,absent,https://education.arizona.edu/,"P2 relevant buried, target absent",yes,
early childhood education bilingual,exact,https://www.arizona.edu/degree-search/majors/early-childhood-education-bilingual-emphasis,1,BASE,Rule 2 — specific entity (kept),metadata,9,https://education.arizona.edu/,"P2 target present, buried",yes,
early childhood education english as a second language,exact,https://www.arizona.edu/degree-search/majors/early-childhood-education-english-as-a-second-language-emphasis,1,BASE,Rule 2 — specific entity (kept),metadata,absent,https://education.arizona.edu/,"P2 relevant buried, target absent",yes,
east asian studies,exact,https://www.arizona.edu/degree-search/majors/east-asian-studies-ma,1,GRAD,Rule 2 — family multi-promote,metadata,8,https://www.arizona.edu/degree-search/majors/east-asian-studies-east-asian-cultural-studies-emphasis,"P2 target present, buried",yes,
east asian studies,exact,https://www.arizona.edu/degree-search/majors/east-asian-studies-dp,2,PHD,Rule 2 — family multi-promote,metadata,8,https://www.arizona.edu/degree-search/majors/east-asian-studies-east-asian-cultural-studies-emphasis,"P2 target present, buried",yes,
east asian studies east asian cultural studies,exact,https://www.arizona.edu/degree-search/majors/east-asian-studies-east-asian-cultural-studies-emphasis,1,BASE,Rule 2 — specific entity (kept),metadata,1,https://www.arizona.edu/degree-search/majors/east-asian-studies-east-asian-cultural-studies-emphasis,P0 already #1,no (already #1),
ece university of arizona,exact,https://www.arizona.edu/degree-search/majors/electrical-and-computer-engineering-computer-engineering-track,1,BASE,Rule 2 — specific entity (kept),ahrefs,absent,https://www.arizona.edu/admissions,"P2 relevant buried, target absent",yes,
ecology and evolutionary biology,exact,https://www.arizona.edu/degree-search/majors/ecology-and-evolutionary-biology-ba,1,UG,Rule 2 — family multi-promote,metadata,absent,https://eeb.arizona.edu/undergraduate/majors-minors/bs-ecology-evolutionary-biology,"P2 relevant buried, target absent",yes,
ecology and evolutionary biology,exact,https://www.arizona.edu/degree-search/majors/ecology-and-evolutionary-biology-bs,2,UG,Rule 2 — family multi-promote,metadata,absent,https://eeb.arizona.edu/undergraduate/majors-minors/bs-ecology-evolutionary-biology,"P2 relevant buried, target absent",yes,
ecology and evolutionary biology,exact,https://www.arizona.edu/degree-search/majors/ecology-and-evolutionary-biology-ms,3,GRAD,Rule 2 — family multi-promote,metadata,absent,https://eeb.arizona.edu/undergraduate/majors-minors/bs-ecology-evolutionary-biology,"P2 relevant buried, target absent",yes,
ecology and evolutionary biology,exact,https://www.arizona.edu/degree-search/majors/ecology-and-evolutionary-biology-dp,4,PHD,Rule 2 — family multi-promote,metadata,absent,https://eeb.arizona.edu/undergraduate/majors-minors/bs-ecology-evolutionary-biology,"P2 relevant buried, target absent",yes,
ecology and evolutionary biology phd,exact,https://www.arizona.edu/degree-search/majors/ecology-and-evolutionary-biology-dp,1,PHD,Rule 2 — specific entity (kept),metadata,absent,https://eeb.arizona.edu/undergraduate/majors-minors/bs-ecology-evolutionary-biology,"P2 relevant buried, target absent",yes,yes
economic geology,exact,https://www.arizona.edu/degree-search,1,HUB,Rule 1 — generic → DS home (no family),metadata,absent,https://lpeg.geo.arizona.edu/programs/accelerated-masters-program-economic-geology,"P2 relevant buried, target absent",yes,
economics,exact,https://www.arizona.edu/degree-search/majors/economics,1,BASE,Rule 2 — family multi-promote,metadata,absent,https://eller.arizona.edu/,"P2 relevant buried, target absent",yes,
economics,exact,https://www.arizona.edu/degree-search/majors/economics-ba,2,UG,Rule 2 — family multi-promote,metadata,absent,https://eller.arizona.edu/,"P2 relevant buried, target absent",yes,
economics,exact,https://www.arizona.edu/degree-search/majors/economics-ms,3,GRAD,Rule 2 — family multi-promote,metadata,absent,https://eller.arizona.edu/,"P2 relevant buried, target absent",yes,
economics,exact,https://www.arizona.edu/degree-search/majors/economics-dp,4,PHD,Rule 2 — family multi-promote,metadata,absent,https://eller.arizona.edu/,"P2 relevant buried, target absent",yes,
economics ms,exact,https://www.arizona.edu/degree-search/majors/economics-ms,1,GRAD,Rule 2 — specific entity (kept),metadata,absent,https://eller.arizona.edu/,"P2 relevant buried, target absent",yes,yes
economics university of arizona,exact,https://www.arizona.edu/degree-search/majors/economics,1,BASE,Rule 2 — family multi-promote,ahrefs,absent,https://eller.arizona.edu/,"P2 relevant buried, target absent",yes,
economics university of arizona,exact,https://www.arizona.edu/degree-search/majors/economics-ba,2,UG,Rule 2 — family multi-promote,ahrefs,absent,https://eller.arizona.edu/,"P2 relevant buried, target absent",yes,
economics university of arizona,exact,https://www.arizona.edu/degree-search/majors/economics-ms,3,GRAD,Rule 2 — family multi-promote,ahrefs,absent,https://eller.arizona.edu/,"P2 relevant buried, target absent",yes,
economics university of arizona,exact,https://www.arizona.edu/degree-search/majors/economics-dp,4,PHD,Rule 2 — family multi-promote,ahrefs,absent,https://eller.arizona.edu/,"P2 relevant buried, target absent",yes,
ecosystem genomics,exact,https://www.arizona.edu/degree-search,1,HUB,Rule 1 — generic → DS home (no family),metadata,absent,https://ecosystemgenomics.arizona.edu/egi,"P2 relevant buried, target absent",yes,
education policy,exact,https://www.arizona.edu/degree-search,1,HUB,Rule 1 — generic → DS home (no family),metadata,absent,https://education.arizona.edu/,"P2 relevant buried, target absent",yes,
education requirements for aerospace engineer,exact,https://www.arizona.edu/degree-search/majors/aerospace-engineering-bsae,1,UG,Rule 2 — specific entity (kept),ahrefs,absent,https://education.arizona.edu/,"P2 relevant buried, target absent",yes,
education requirements for biomedical engineer,exact,https://www.arizona.edu/degree-search/majors/biomedical-engineering-bsbe,1,UG,Rule 2 — specific entity (kept),ahrefs,absent,https://education.arizona.edu/,"P2 relevant buried, target absent",yes,
educational leadership,exact,https://www.arizona.edu/degree-search,1,HUB,Rule 1 — generic → DS home (no family),metadata,10,https://education.arizona.edu/majors/educational-leadership-edd,"P2 target present, buried",yes,
educational leadership & policy,exact,https://www.arizona.edu/degree-search,1,HUB,Rule 1 — generic → DS home (no family),metadata,4,https://education.arizona.edu/educational-leadership-policy,"P2 target present, buried",yes,
educational psychology,exact,https://www.arizona.edu/degree-search/majors/educational-psychology-ma,1,GRAD,Rule 2 — family multi-promote,metadata,absent,https://science.arizona.edu/,P1 all results off-topic,yes,
educational psychology,exact,https://www.arizona.edu/degree-search/majors/educational-psychology-dp,2,PHD,Rule 2 — family multi-promote,metadata,absent,https://science.arizona.edu/,P1 all results off-topic,yes,
educational psychology phd,exact,https://www.arizona.edu/degree-search/majors/educational-psychology-dp,1,PHD,Rule 2 — specific entity (kept),metadata,absent,https://science.arizona.edu/,P1 all results off-topic,yes,yes
educational research methodology,exact,https://www.arizona.edu/degree-search,1,HUB,Rule 1 — generic → DS home (no family),metadata,2,https://education.arizona.edu/majors/educational-research-methodology-graduate-certificate,"P2 target present, buried",yes,
egypt in arizona,exact,https://www.arizona.edu/degree-search/majors/egyptian-archaeology,1,BASE,REVIEW: base-page mapping (verify generic vs keep),ahrefs,absent,https://international-admissions.arizona.edu/application-requirements/egypt,"P2 relevant buried, target absent",yes,
electrical & computer engineering,exact,https://www.arizona.edu/degree-search/majors/electrical-and-computer-engineering-ms,1,GRAD,Rule 2 — family multi-promote,metadata,absent,https://engineering.arizona.edu/index,"P2 relevant buried, target absent",yes,
electrical & computer engineering,exact,https://www.arizona.edu/degree-search/majors/electrical-and-computer-engineering-dp,2,PHD,Rule 2 — family multi-promote,metadata,absent,https://engineering.arizona.edu/index,"P2 relevant buried, target absent",yes,
electrical & computer engineering phd,exact,https://www.arizona.edu/degree-search/majors/electrical-and-computer-engineering-dp,1,PHD,Rule 2 — specific entity (kept),metadata,absent,https://engineering.arizona.edu/index,"P2 relevant buried, target absent",yes,yes
electrical and computer engineering university of arizona,exact,https://www.arizona.edu/degree-search/majors/electrical-and-computer-engineering-ms,1,GRAD,Rule 2 — family multi-promote,ahrefs,absent,https://engineering.arizona.edu/index,"P2 relevant buried, target absent",yes,
electrical and computer engineering university of arizona,exact,https://www.arizona.edu/degree-search/majors/electrical-and-computer-engineering-dp,2,PHD,Rule 2 — family multi-promote,ahrefs,absent,https://engineering.arizona.edu/index,"P2 relevant buried, target absent",yes,
elementary education esl,exact,https://www.arizona.edu/degree-search/majors/elementary-education-english-as-a-second-language-emphasis,1,BASE,Rule 2 — specific entity (kept),metadata,absent,https://education.arizona.edu/,"P2 relevant buried, target absent",yes,
emergency medical services,exact,https://www.arizona.edu/degree-search/majors/emergency-medical-services,1,BASE,Rule 2 — family multi-promote,metadata,absent,https://uapd.arizona.edu/,"P2 relevant buried, target absent",yes,
emergency medical services,exact,https://www.arizona.edu/degree-search/majors/emergency-medical-services-bs,2,UG,Rule 2 — family multi-promote,metadata,absent,https://uapd.arizona.edu/,"P2 relevant buried, target absent",yes,
emergency medical services,exact,https://www.arizona.edu/degree-search/majors/emergency-medical-services-gc,3,CERT,Rule 2 — family multi-promote,metadata,absent,https://uapd.arizona.edu/,"P2 relevant buried, target absent",yes,
emergency medical services graduate certificate,exact,https://www.arizona.edu/degree-search/majors/emergency-medical-services-gc,1,CERT,Rule 2 — specific entity (kept),metadata,absent,https://uapd.arizona.edu/,"P2 relevant buried, target absent",yes,yes
emerging technologies in society,exact,https://www.arizona.edu/degree-search,1,HUB,Rule 1 — generic → DS home (no family),metadata,2,https://online.arizona.edu/programs/undergraduate/online-bachelor-arts-emerging-technologies-society-ba,"P2 target present, buried",yes,
ems major,exact,https://www.arizona.edu/degree-search/majors/emergency-medical-services-bs,1,UG,Rule 2 — specific entity (kept),ahrefs,absent,https://www.arizona.edu/degree-search,"P2 relevant buried, target absent",yes,
energy efficient building design,exact,https://www.arizona.edu/degree-search,1,HUB,Rule 1 — generic → DS home (no family),metadata,1,https://www.arizona.edu/degree-search/majors/energy-efficient-building-design,P0 already #1,no (already #1),
engineering,exact,https://www.arizona.edu/degree-search,1,HUB,Rule 1 — generic → DS home (no family),metadata,absent,https://engineering.arizona.edu/index,"P2 relevant buried, target absent",yes,
engineering management,exact,https://www.arizona.edu/degree-search/majors/engineering-management,1,BASE,Rule 2 — family multi-promote,metadata,absent,https://engineering.arizona.edu/index,"P2 relevant buried, target absent",yes,
engineering management,exact,https://www.arizona.edu/degree-search/majors/engineering-management-ms,2,GRAD,Rule 2 — family multi-promote,metadata,absent,https://engineering.arizona.edu/index,"P2 relevant buried, target absent",yes,
engineering management,exact,https://www.arizona.edu/degree-search/majors/engineering-management-gc,3,CERT,Rule 2 — family multi-promote,metadata,absent,https://engineering.arizona.edu/index,"P2 relevant buried, target absent",yes,
engineering management graduate certificate,exact,https://www.arizona.edu/degree-search/majors/engineering-management-gc,1,CERT,Rule 2 — specific entity (kept),metadata,absent,https://engineering.arizona.edu/index,"P2 relevant buried, target absent",yes,yes
engineering management masters,exact,https://www.arizona.edu/degree-search/majors/engineering-management-ms,1,GRAD,Rule 2 — specific entity (kept),ahrefs,absent,https://engineering.arizona.edu/index,"P2 relevant buried, target absent",yes,
engineering optical,exact,https://www.arizona.edu/degree-search/majors/optical-sciences-engineering-optical-mechanics-track,1,BASE,Rule 2 — specific entity (kept),ahrefs,absent,https://engineering.arizona.edu/index,"P2 relevant buried, target absent",yes,
english,exact,https://www.arizona.edu/degree-search/majors/english,1,BASE,Rule 2 — family multi-promote,metadata,absent,https://sbs.arizona.edu/,"P2 relevant buried, target absent",yes,
english,exact,https://www.arizona.edu/degree-search/majors/english-ba,2,UG,Rule 2 — family multi-promote,metadata,absent,https://sbs.arizona.edu/,"P2 relevant buried, target absent",yes,
english,exact,https://www.arizona.edu/degree-search/majors/english-ma,3,GRAD,Rule 2 — family multi-promote,metadata,absent,https://sbs.arizona.edu/,"P2 relevant buried, target absent",yes,
english,exact,https://www.arizona.edu/degree-search/majors/english-dp,4,PHD,Rule 2 — family multi-promote,metadata,absent,https://sbs.arizona.edu/,"P2 relevant buried, target absent",yes,
english degree,exact,https://www.arizona.edu/degree-search/majors/english,1,BASE,Rule 2 — family multi-promote,ahrefs,absent,https://www.arizona.edu/degree-search,"P2 relevant buried, target absent",yes,
english degree,exact,https://www.arizona.edu/degree-search/majors/english-ba,2,UG,Rule 2 — family multi-promote,ahrefs,absent,https://www.arizona.edu/degree-search,"P2 relevant buried, target absent",yes,
english degree,exact,https://www.arizona.edu/degree-search/majors/english-ma,3,GRAD,Rule 2 — family multi-promote,ahrefs,absent,https://www.arizona.edu/degree-search,"P2 relevant buried, target absent",yes,
english degree,exact,https://www.arizona.edu/degree-search/majors/english-dp,4,PHD,Rule 2 — family multi-promote,ahrefs,absent,https://www.arizona.edu/degree-search,"P2 relevant buried, target absent",yes,
english phd,exact,https://www.arizona.edu/degree-search/majors/english-dp,1,PHD,Rule 2 — specific entity (kept),metadata,absent,https://sbs.arizona.edu/,"P2 relevant buried, target absent",yes,yes
enterprise information security,exact,https://www.arizona.edu/degree-search,1,HUB,Rule 1 — generic → DS home (no family),metadata,absent,https://infosci.arizona.edu/news/new-name-college-of-information-science,"P2 relevant buried, target absent",yes,
entomology and insect science,exact,https://www.arizona.edu/degree-search/majors/entomology-and-insect-science-ms,1,GRAD,Rule 2 — family multi-promote,metadata,absent,https://science.arizona.edu/,"P2 relevant buried, target absent",yes,
entomology and insect science,exact,https://www.arizona.edu/degree-search/majors/entomology-and-insect-science-dp,2,PHD,Rule 2 — family multi-promote,metadata,absent,https://science.arizona.edu/,"P2 relevant buried, target absent",yes,
entomology and insect science gidp,exact,https://www.arizona.edu/degree-search/majors/entomology-and-insect-science-dp,1,PHD,Rule 2 — specific entity (kept),metadata,absent,https://science.arizona.edu/,"P2 relevant buried, target absent",yes,
entrepreneurship,exact,https://www.arizona.edu/degree-search/majors/entrepreneurship,1,BASE,Rule 2 — family multi-promote,metadata,absent,https://eller.arizona.edu/,"P2 relevant buried, target absent",yes,
entrepreneurship,exact,https://www.arizona.edu/degree-search/majors/entrepreneurship-bsba,2,UG,Rule 2 — family multi-promote,metadata,absent,https://eller.arizona.edu/,"P2 relevant buried, target absent",yes,
entrepreneurship,exact,https://www.arizona.edu/degree-search/majors/entrepreneurship-ms,3,GRAD,Rule 2 — family multi-promote,metadata,absent,https://eller.arizona.edu/,"P2 relevant buried, target absent",yes,
entrepreneurship bsba,exact,https://www.arizona.edu/degree-search/majors/entrepreneurship-bsba,1,UG,Rule 2 — specific entity (kept),ahrefs,absent,https://eller.arizona.edu/,"P2 relevant buried, target absent",yes,
entrepreneurship graduate program,exact,https://www.arizona.edu/degree-search/majors/entrepreneurship-ms,1,GRAD,Rule 2 — specific entity (kept),ahrefs,5,https://eller.arizona.edu/,"P2 target present, buried",yes,
environmental and water resource economics,exact,https://www.arizona.edu/degree-search,1,HUB,Rule 1 — generic → DS home (no family),metadata,absent,https://eller.arizona.edu/,"P2 relevant buried, target absent",yes,
environmental economics & policy,exact,https://www.arizona.edu/degree-search/majors/agricultural-and-applied-economics-environmental-economics-and-policy-emphasis,1,BASE,Rule 2 — specific entity (kept),metadata,absent,https://eller.arizona.edu/,"P2 relevant buried, target absent",yes,
environmental engineering,exact,https://www.arizona.edu/degree-search/majors/environmental-engineering,1,BASE,Rule 2 — family multi-promote,metadata,absent,https://engineering.arizona.edu/index,"P2 relevant buried, target absent",yes,
environmental engineering,exact,https://www.arizona.edu/degree-search/majors/environmental-engineering-bsee,2,UG,Rule 2 — family multi-promote,metadata,absent,https://engineering.arizona.edu/index,"P2 relevant buried, target absent",yes,
environmental engineering,exact,https://www.arizona.edu/degree-search/majors/environmental-engineering-ms,3,GRAD,Rule 2 — family multi-promote,metadata,absent,https://engineering.arizona.edu/index,"P2 relevant buried, target absent",yes,
environmental engineering,exact,https://www.arizona.edu/degree-search/majors/environmental-engineering-dp,4,PHD,Rule 2 — family multi-promote,metadata,absent,https://engineering.arizona.edu/index,"P2 relevant buried, target absent",yes,
environmental engineering ms,exact,https://www.arizona.edu/degree-search/majors/environmental-engineering-ms,1,GRAD,Rule 2 — specific entity (kept),metadata,absent,https://engineering.arizona.edu/index,"P2 relevant buried, target absent",yes,yes
environmental engineering phd,exact,https://www.arizona.edu/degree-search/majors/environmental-engineering-dp,1,PHD,Rule 2 — specific entity (kept),ahrefs,absent,https://engineering.arizona.edu/index,"P2 relevant buried, target absent",yes,
environmental geography and society,exact,https://www.arizona.edu/degree-search/majors/geography-water-environment-and-society-emphasis,1,BASE,Rule 2 — specific entity (kept),metadata,15,https://geography.arizona.edu/course/geog-462-environmental-law-geography-and-society,"P2 target present, buried",yes,
environmental health sciences,exact,https://www.arizona.edu/degree-search/majors/environmental-health-sciences-ms,1,GRAD,Rule 2 — family multi-promote,metadata,absent,,P1 no results,yes,
environmental health sciences,exact,https://www.arizona.edu/degree-search/majors/environmental-health-sciences-dp,2,PHD,Rule 2 — family multi-promote,metadata,absent,,P1 no results,yes,
environmental health sciences phd,exact,https://www.arizona.edu/degree-search/majors/environmental-health-sciences-dp,1,PHD,Rule 2 — specific entity (kept),metadata,absent,,P1 no results,yes,yes
environmental leadership,exact,https://www.arizona.edu/degree-search/majors/environmental-science-leadership-sustainability-and-communication-emphasis,1,BASE,Rule 2 — specific entity (kept),metadata,12,https://cales.arizona.edu/about/leadership,"P2 target present, buried",yes,
environmental science,exact,https://www.arizona.edu/degree-search/majors/environmental-science-ms,1,GRAD,Rule 2 — family multi-promote,metadata,absent,https://science.arizona.edu/,"P2 relevant buried, target absent",yes,
environmental science,exact,https://www.arizona.edu/degree-search/majors/environmental-science-dp,2,PHD,Rule 2 — family multi-promote,metadata,absent,https://science.arizona.edu/,"P2 relevant buried, target absent",yes,
environmental science physical and chemical dynamics,exact,https://www.arizona.edu/degree-search/majors/environmental-science-physical-and-chemical-dynamics-emphasis,1,BASE,Rule 2 — specific entity (kept),metadata,3,https://engineering.arizona.edu/index,"P2 target present, buried",yes,
"environmental soil, water and air science",exact,https://www.arizona.edu/degree-search/majors/environmental-science-soil-air-and-water-emphasis,1,BASE,Rule 2 — specific entity (kept),metadata,4,https://science.arizona.edu/,"P2 target present, buried",yes,
epidemiology,exact,https://www.arizona.edu/degree-search/majors/epidemiology-ms,1,GRAD,Rule 2 — family multi-promote,metadata,absent,https://publichealth.arizona.edu/,"P2 relevant buried, target absent",yes,
epidemiology,exact,https://www.arizona.edu/degree-search/majors/epidemiology-dp,2,PHD,Rule 2 — family multi-promote,metadata,absent,https://publichealth.arizona.edu/,"P2 relevant buried, target absent",yes,
epidemiology phd,exact,https://www.arizona.edu/degree-search/majors/epidemiology-dp,1,PHD,Rule 2 — specific entity (kept),metadata,absent,https://publichealth.arizona.edu/,"P2 relevant buried, target absent",yes,yes
equine science degree,exact,https://www.arizona.edu/degree-search/majors/animal-sciences-equine-emphasis,1,BASE,Rule 2 — specific entity (kept),ahrefs,7,https://www.arizona.edu/degree-search,"P2 target present, buried",yes,
equine science degree online,exact,https://www.arizona.edu/degree-search/majors/animal-sciences-equine-emphasis,1,BASE,Rule 2 — specific entity (kept),ahrefs,absent,https://www.arizona.edu/degree-search,"P2 relevant buried, target absent",yes,
euphonium performance,exact,https://www.arizona.edu/degree-search/majors/performance-euphonium-emphasis,1,BASE,Rule 2 — specific entity (kept),metadata,1,https://www.arizona.edu/degree-search/majors/performance-euphonium-emphasis,P0 already #1,no (already #1),
evolutionary biology degree,exact,https://www.arizona.edu/degree-search/majors/ecology-and-evolutionary-biology-ba,1,UG,Rule 2 — family multi-promote,ahrefs,absent,https://www.arizona.edu/degree-search,"P2 relevant buried, target absent",yes,
evolutionary biology degree,exact,https://www.arizona.edu/degree-search/majors/ecology-and-evolutionary-biology-bs,2,UG,Rule 2 — family multi-promote,ahrefs,absent,https://www.arizona.edu/degree-search,"P2 relevant buried, target absent",yes,
evolutionary biology degree,exact,https://www.arizona.edu/degree-search/majors/ecology-and-evolutionary-biology-ms,3,GRAD,Rule 2 — family multi-promote,ahrefs,absent,https://www.arizona.edu/degree-search,"P2 relevant buried, target absent",yes,
evolutionary biology degree,exact,https://www.arizona.edu/degree-search/majors/ecology-and-evolutionary-biology-dp,4,PHD,Rule 2 — family multi-promote,ahrefs,absent,https://www.arizona.edu/degree-search,"P2 relevant buried, target absent",yes,
family nurse practitioner,exact,https://www.arizona.edu/degree-search,1,HUB,Rule 1 — generic → DS home (no family),metadata,5,https://nursing.arizona.edu/,"P2 target present, buried",yes,
family studies and human development,exact,https://www.arizona.edu/degree-search,1,HUB,Rule 1 — generic → DS home (no family),metadata,absent,https://norton.arizona.edu/course/hdfs/197a,"P2 relevant buried, target absent",yes,
fashion degrees,exact,https://www.arizona.edu/degree-search/majors/applied-humanities-fashion-studies-emphasis,1,BASE,Rule 2 — specific entity (kept),ahrefs,absent,https://english.arizona.edu/declare,P1 all results off-topic,yes,
fashion science,exact,https://www.arizona.edu/degree-search,1,HUB,Rule 1 — generic → DS home (no family),ahrefs,6,https://science.arizona.edu/,"P2 target present, buried",yes,
fashion studies major,exact,https://www.arizona.edu/degree-search/majors/applied-humanities-fashion-studies-emphasis,1,BASE,Rule 2 — specific entity (kept),ahrefs,14,https://www.arizona.edu/degree-search,"P2 target present, buried",yes,
film and television,exact,https://www.arizona.edu/degree-search/majors/film-and-television-ba,1,UG,Rule 2 — family multi-promote,ahrefs,11,https://cfa.arizona.edu/,"P2 target present, buried",yes,
film and television,exact,https://www.arizona.edu/degree-search/majors/film-and-television-bfa,2,UG,Rule 2 — family multi-promote,ahrefs,11,https://cfa.arizona.edu/,"P2 target present, buried",yes,
film and tv degree,exact,https://www.arizona.edu/degree-search/majors/film-and-television-ba,1,UG,Rule 2 — specific entity (kept),ahrefs,absent,https://www.arizona.edu/degree-search,"P2 relevant buried, target absent",yes,
finance,exact,https://www.arizona.edu/degree-search/majors/finance,1,BASE,Rule 2 — family multi-promote,metadata,absent,https://eller.arizona.edu/,"P2 relevant buried, target absent",yes,
finance,exact,https://www.arizona.edu/degree-search/majors/finance-bsba,2,UG,Rule 2 — family multi-promote,metadata,absent,https://eller.arizona.edu/,"P2 relevant buried, target absent",yes,
finance,exact,https://www.arizona.edu/degree-search/majors/finance-ms,3,GRAD,Rule 2 — family multi-promote,metadata,absent,https://eller.arizona.edu/,"P2 relevant buried, target absent",yes,
finance ms,exact,https://www.arizona.edu/degree-search/majors/finance-ms,1,GRAD,Rule 2 — specific entity (kept),metadata,absent,https://eller.arizona.edu/,"P2 relevant buried, target absent",yes,yes
financial therapy,exact,https://www.arizona.edu/degree-search,1,HUB,Rule 1 — generic → DS home (no family),metadata,3,https://caps.arizona.edu/,"P2 target present, buried",yes,
fine art photography degree,exact,https://www.arizona.edu/degree-search/majors/studio-art-photography-video-and-imaging-emphasis,1,BASE,Rule 2 — specific entity (kept),ahrefs,19,https://cfa.arizona.edu/,"P2 target present, buried",yes,
fish degree,exact,https://www.arizona.edu/degree-search/majors/natural-resources-fisheries-conservation-and-management-emphasis,1,BASE,Rule 2 — specific entity (kept),ahrefs,absent,https://www.arizona.edu/degree-search,P1 all results off-topic,yes,
flute performance,exact,https://www.arizona.edu/degree-search/majors/performance-flute-emphasis,1,BASE,Rule 2 — specific entity (kept),metadata,1,https://www.arizona.edu/degree-search/majors/performance-flute-emphasis,P0 already #1,no (already #1),
food safety,exact,https://www.arizona.edu/degree-search,1,HUB,Rule 1 — generic → DS home (no family),metadata,absent,https://union.arizona.edu/,"P2 relevant buried, target absent",yes,
food studies degree,exact,https://www.arizona.edu/degree-search,1,HUB,Rule 1 — generic → DS home (no family),ahrefs,absent,https://www.arizona.edu/degree-search,"P2 relevant buried, target absent",yes,
food studies major,exact,https://www.arizona.edu/degree-search,1,HUB,Rule 1 — generic → DS home (no family),ahrefs,absent,https://union.arizona.edu/,"P2 relevant buried, target absent",yes,
foundations for biomedical science phds serving indigenous cultures,exact,https://www.arizona.edu/degree-search,1,HUB,Rule 1 — generic → DS home (no family),metadata,2,https://science.arizona.edu/,"P2 target present, buried",yes,
foundations of data science,exact,https://www.arizona.edu/degree-search,1,HUB,Rule 1 — generic → DS home (no family),metadata,absent,https://infosci.arizona.edu/,"P2 relevant buried, target absent",yes,
french,exact,https://www.arizona.edu/degree-search,1,HUB,Rule 1 — generic → DS home (no family),metadata,absent,https://humanities.arizona.edu/,"P2 relevant buried, target absent",yes,
french francophone studies,exact,https://www.arizona.edu/degree-search/majors/french-french-and-francophone-emphasis,1,BASE,Rule 2 — specific entity (kept),metadata,14,https://humanities.arizona.edu/,"P2 target present, buried",yes,
french horn performance studies,exact,https://www.arizona.edu/degree-search/majors/performance-french-horn-emphasis,1,BASE,Rule 2 — specific entity (kept),metadata,6,https://humanities.arizona.edu/,"P2 target present, buried",yes,
"french language, literature and culture",exact,https://www.arizona.edu/degree-search/majors/french-language-literature-and-cultures-emphasis,1,BASE,Rule 2 — specific entity (kept),metadata,7,https://humanities.arizona.edu/,"P2 target present, buried",yes,
game design,exact,https://www.arizona.edu/degree-search,1,HUB,Rule 1 — generic → DS home (no family),metadata,4,https://infosci.arizona.edu/,"P2 target present, buried",yes,
game design and development,exact,https://www.arizona.edu/degree-search,1,HUB,Rule 1 — generic → DS home (no family),metadata,absent,https://infosci.arizona.edu/,"P2 relevant buried, target absent",yes,
game development,exact,https://www.arizona.edu/degree-search,1,HUB,Rule 1 — generic → DS home (no family),metadata,6,https://infosci.arizona.edu/,"P2 target present, buried",yes,
games and behavior,exact,https://www.arizona.edu/degree-search,1,HUB,Rule 1 — generic → DS home (no family),metadata,absent,https://sbs.arizona.edu/events/league-legends-and-sexualization-game-characters,"P2 relevant buried, target absent",yes,
gender & women's studies,exact,https://www.arizona.edu/degree-search,1,HUB,Rule 1 — generic → DS home (no family),metadata,absent,https://gws.arizona.edu/gender-womens-studies,"P2 relevant buried, target absent",yes,
gender & women's studies s studies,exact,https://www.arizona.edu/degree-search/majors/doctor-of-philosophy-in-gender-women-s-studies,1,PHD,Rule 2 — specific entity (kept),metadata,absent,https://gws.arizona.edu/gender-womens-studies,"P2 relevant buried, target absent",yes,yes
gender & women's studies studies,exact,https://www.arizona.edu/degree-search/majors/master-of-arts-in-gender-women-s-studies,1,GRAD,Rule 2 — specific entity (kept),metadata,absent,https://gws.arizona.edu/gender-womens-studies,"P2 relevant buried, target absent",yes,yes
gender women s studies chicana and latina studies,exact,https://www.arizona.edu/degree-search/majors/gender-women-s-studies-chicana-and-latina-studies-emphasis,1,BASE,Rule 2 — specific entity (kept),metadata,absent,https://gws.arizona.edu/chicanalatina-studies-requirements,"P2 relevant buried, target absent",yes,
gender-based violence,exact,https://www.arizona.edu/degree-search,1,HUB,Rule 1 — generic → DS home (no family),metadata,5,https://education.arizona.edu/news/gender-based-violence-conference,"P2 target present, buried",yes,
general microbiology,exact,https://www.arizona.edu/degree-search/majors/microbiology-general-microbiology-emphasis,1,BASE,Rule 2 — specific entity (kept),ahrefs,1,https://www.arizona.edu/degree-search/majors/microbiology-general-microbiology-emphasis,P0 already #1,no (already #1),
general studies arts media and entertainment,exact,https://www.arizona.edu/degree-search/majors/general-studies-arts-media-and-entertainment-emphasis,1,BASE,Rule 2 — specific entity (kept),metadata,absent,https://www.arizona.edu/degree-search/majors/interdisciplinary-studies-arts-media-and-entertainment-emphasis-ba,"P2 relevant buried, target absent",yes,
general studies economy and industry,exact,https://www.arizona.edu/degree-search/majors/general-studies-economy-and-industry-emphasis,1,BASE,Rule 2 — specific entity (kept),metadata,absent,https://online.arizona.edu/programs/undergraduate/online-bachelor-arts-economy-and-industry-interdisciplinary-studies-ids,"P2 relevant buried, target absent",yes,
general studies global and intercultural understanding,exact,https://www.arizona.edu/degree-search/majors/general-studies-global-and-intercultural-understanding-emphasis,1,BASE,Rule 2 — specific entity (kept),metadata,absent,https://international.arizona.edu/study-abroad,"P2 relevant buried, target absent",yes,
general studies science technology health and society,exact,https://www.arizona.edu/degree-search/majors/general-studies-science-technology-health-and-society-emphasis,1,BASE,Rule 2 — specific entity (kept),metadata,absent,https://health.arizona.edu/,"P2 relevant buried, target absent",yes,
general studies social behavior and human understanding,exact,https://www.arizona.edu/degree-search/majors/general-studies-social-behavior-and-human-understanding-emphasis,1,BASE,Rule 2 — specific entity (kept),metadata,absent,https://online.arizona.edu/programs/undergraduate/online-bachelor-arts-social-behavior-and-human-understanding,"P2 relevant buried, target absent",yes,
general studies sports and society,exact,https://www.arizona.edu/degree-search/majors/general-studies-sports-and-society-emphasis,1,BASE,Rule 2 — specific entity (kept),metadata,absent,https://arizonawildcats.com/,P1 all results off-topic,yes,
genetic counseling,exact,https://www.arizona.edu/degree-search,1,HUB,Rule 1 — generic → DS home (no family),metadata,6,https://caps.arizona.edu/,"P2 target present, buried",yes,
genetics,exact,https://www.arizona.edu/degree-search/majors/genetics-ms,1,GRAD,Rule 2 — family multi-promote,metadata,absent,https://genetics.arizona.edu/curriculum-requirements,"P2 relevant buried, target absent",yes,
genetics,exact,https://www.arizona.edu/degree-search/majors/genetics-dp,2,PHD,Rule 2 — family multi-promote,metadata,absent,https://genetics.arizona.edu/curriculum-requirements,"P2 relevant buried, target absent",yes,
genetics and genomics,exact,https://www.arizona.edu/degree-search,1,HUB,Rule 1 — generic → DS home (no family),metadata,6,https://physiology.arizona.edu/events/2020/genetics-and-genomics-grand-rounds-genetic-screening-healthy-populations,"P2 target present, buried",yes,
genetics phd,exact,https://www.arizona.edu/degree-search/majors/genetics-dp,1,PHD,Rule 2 — specific entity (kept),metadata,absent,https://genetics.arizona.edu/curriculum-requirements,"P2 relevant buried, target absent",yes,yes
geoengineering degree,exact,https://www.arizona.edu/degree-search,1,HUB,Rule 1 — generic → DS home (no family),ahrefs,2,https://www.arizona.edu/degree-search,"P2 target present, buried",yes,
geographic information science graduate,exact,https://www.arizona.edu/degree-search/majors/geographic-information-science,1,BASE,Rule 2 — REVIEW: specific term on base page,metadata,absent,https://infosci.arizona.edu/,"P2 relevant buried, target absent",yes,
geographic information systems technology,exact,https://www.arizona.edu/degree-search/majors/geographic-information-systems-technology,1,BASE,Rule 2 — family multi-promote,metadata,absent,https://it.arizona.edu/,"P2 relevant buried, target absent",yes,
geographic information systems technology,exact,https://www.arizona.edu/degree-search/majors/geographic-information-systems-technology-bs,2,UG,Rule 2 — family multi-promote,metadata,absent,https://it.arizona.edu/,"P2 relevant buried, target absent",yes,
geographic information systems technology,exact,https://www.arizona.edu/degree-search/majors/geographic-information-systems-technology-ms,3,GRAD,Rule 2 — family multi-promote,metadata,absent,https://it.arizona.edu/,"P2 relevant buried, target absent",yes,
geographic information systems technology bs,exact,https://www.arizona.edu/degree-search/majors/geographic-information-systems-technology-bs,1,UG,Rule 2 — specific entity (kept),metadata,absent,https://it.arizona.edu/,"P2 relevant buried, target absent",yes,yes
geographic information systems technology ms,exact,https://www.arizona.edu/degree-search/majors/geographic-information-systems-technology-ms,1,GRAD,Rule 2 — specific entity (kept),metadata,absent,https://it.arizona.edu/,"P2 relevant buried, target absent",yes,yes
geography,exact,https://www.arizona.edu/degree-search/majors/geography,1,BASE,Rule 2 — family multi-promote,metadata,absent,https://geography.arizona.edu/bs-geography/requirements,"P2 relevant buried, target absent",yes,
geography,exact,https://www.arizona.edu/degree-search/majors/geography-ba,2,UG,Rule 2 — family multi-promote,metadata,absent,https://geography.arizona.edu/bs-geography/requirements,"P2 relevant buried, target absent",yes,
geography,exact,https://www.arizona.edu/degree-search/majors/geography-ma,3,GRAD,Rule 2 — family multi-promote,metadata,absent,https://geography.arizona.edu/bs-geography/requirements,"P2 relevant buried, target absent",yes,
geography,exact,https://www.arizona.edu/degree-search/majors/geography-dp,4,PHD,Rule 2 — family multi-promote,metadata,absent,https://geography.arizona.edu/bs-geography/requirements,"P2 relevant buried, target absent",yes,
geography ba,exact,https://www.arizona.edu/degree-search/majors/geography-ba,1,UG,Rule 2 — specific entity (kept),metadata,absent,https://geography.arizona.edu/bs-geography/requirements,"P2 relevant buried, target absent",yes,yes
geography ma,exact,https://www.arizona.edu/degree-search/majors/geography-ma,1,GRAD,Rule 2 — specific entity (kept),metadata,absent,https://geography.arizona.edu/bs-geography/requirements,"P2 relevant buried, target absent",yes,yes
geography phd,exact,https://www.arizona.edu/degree-search/majors/geography-dp,1,PHD,Rule 2 — specific entity (kept),metadata,absent,https://geography.arizona.edu/bs-geography/requirements,"P2 relevant buried, target absent",yes,yes
geography physical geography,exact,https://www.arizona.edu/degree-search/majors/geography-physical-geography-emphasis,1,BASE,Rule 2 — specific entity (kept),metadata,1,https://www.arizona.edu/degree-search/majors/geography-physical-geography-emphasis,P0 already #1,no (already #1),
geology major requirements,exact,https://www.arizona.edu/degree-search/majors/geosciences-geology-emphasis,1,BASE,Rule 2 — specific entity (kept),ahrefs,absent,https://www.arizona.edu/degree-search,"P2 relevant buried, target absent",yes,
"geoscience earth, oceans and climate",exact,https://www.arizona.edu/degree-search/majors/geosciences-earth-ocean-and-climate-emphasis,1,BASE,Rule 2 — specific entity (kept),metadata,2,https://geo.arizona.edu/undergraduate-students/majors-and-minors/eoc-sub-plan,"P2 target present, buried",yes,
geosciences,exact,https://www.arizona.edu/degree-search/majors/geosciences-ms,1,GRAD,Rule 2 — family multi-promote,metadata,absent,https://science.arizona.edu/,P1 all results off-topic,yes,
geosciences,exact,https://www.arizona.edu/degree-search/majors/geosciences-dp,2,PHD,Rule 2 — family multi-promote,metadata,absent,https://science.arizona.edu/,P1 all results off-topic,yes,
geosciences and society law,exact,https://www.arizona.edu/degree-search/majors/geosciences-and-society-law-emphasis,1,BASE,Rule 2 — specific entity (kept),metadata,absent,https://science.arizona.edu/,"P2 relevant buried, target absent",yes,
geosciences and society public policy,exact,https://www.arizona.edu/degree-search/majors/geosciences-and-society-public-policy-emphasis,1,BASE,Rule 2 — specific entity (kept),metadata,absent,https://science.arizona.edu/,"P2 relevant buried, target absent",yes,
geosciences and society science communication,exact,https://www.arizona.edu/degree-search/majors/geosciences-and-society-science-communication-emphasis,1,BASE,Rule 2 — specific entity (kept),metadata,absent,https://sbs.arizona.edu/,"P2 relevant buried, target absent",yes,
geosciences degree,exact,https://www.arizona.edu/degree-search/majors/geosciences-ms,1,GRAD,Rule 2 — family multi-promote,ahrefs,absent,https://www.arizona.edu/degree-search,P1 all results off-topic,yes,
geosciences degree,exact,https://www.arizona.edu/degree-search/majors/geosciences-dp,2,PHD,Rule 2 — family multi-promote,ahrefs,absent,https://www.arizona.edu/degree-search,P1 all results off-topic,yes,
geosciences gem science,exact,https://www.arizona.edu/degree-search/majors/geosciences-gem-science-emphasis,1,BASE,Rule 2 — specific entity (kept),metadata,absent,https://science.arizona.edu/,"P2 relevant buried, target absent",yes,
geosciences geophysics,exact,https://www.arizona.edu/degree-search/majors/geosciences-geophysics-emphasis,1,BASE,Rule 2 — specific entity (kept),metadata,absent,https://science.arizona.edu/,P1 all results off-topic,yes,
geosciences phd,exact,https://www.arizona.edu/degree-search/majors/geosciences-dp,1,PHD,Rule 2 — specific entity (kept),metadata,absent,https://science.arizona.edu/,P1 all results off-topic,yes,yes
german,exact,https://www.arizona.edu/degree-search/majors/german-studies,1,BASE,Rule 2 — family multi-promote,metadata,absent,https://humanities.arizona.edu/,"P2 relevant buried, target absent",yes,
german,exact,https://www.arizona.edu/degree-search/majors/german-studies-ba,2,UG,Rule 2 — family multi-promote,metadata,absent,https://humanities.arizona.edu/,"P2 relevant buried, target absent",yes,
german,exact,https://www.arizona.edu/degree-search/majors/german-studies-ma,3,GRAD,Rule 2 — family multi-promote,metadata,absent,https://humanities.arizona.edu/,"P2 relevant buried, target absent",yes,
german studies,exact,https://www.arizona.edu/degree-search/majors/german-studies,1,BASE,Rule 2 — family multi-promote,metadata,absent,https://humanities.arizona.edu/,"P2 relevant buried, target absent",yes,
german studies,exact,https://www.arizona.edu/degree-search/majors/german-studies-ba,2,UG,Rule 2 — family multi-promote,metadata,absent,https://humanities.arizona.edu/,"P2 relevant buried, target absent",yes,
german studies,exact,https://www.arizona.edu/degree-search/majors/german-studies-ma,3,GRAD,Rule 2 — family multi-promote,metadata,absent,https://humanities.arizona.edu/,"P2 relevant buried, target absent",yes,
german studies ma,exact,https://www.arizona.edu/degree-search/majors/german-studies-ma,1,GRAD,Rule 2 — specific entity (kept),metadata,absent,https://humanities.arizona.edu/,"P2 relevant buried, target absent",yes,yes
global ecology,exact,https://www.arizona.edu/degree-search/majors/natural-resources-global-change-ecology-and-management-emphasis,1,BASE,Rule 2 — specific entity (kept),metadata,absent,https://international.arizona.edu/study-abroad,"P2 relevant buried, target absent",yes,
global health and development,exact,https://www.arizona.edu/degree-search,1,HUB,Rule 1 — generic → DS home (no family),metadata,absent,https://international.arizona.edu/study-abroad,"P2 relevant buried, target absent",yes,
global health asu,exact,https://www.arizona.edu/degree-search/majors/public-health-global-health-emphasis,1,BASE,Rule 2 — specific entity (kept),ahrefs,absent,https://international.arizona.edu/study-abroad,"P2 relevant buried, target absent",yes,
"global studies gender, difference, and power",exact,https://www.arizona.edu/degree-search/majors/global-studies-gender-difference-and-power-emphasis,1,BASE,Rule 2 — specific entity (kept),metadata,4,https://international.arizona.edu/study-abroad,"P2 target present, buried",yes,
global studies general,exact,https://www.arizona.edu/degree-search/majors/global-studies-general-emphasis,1,BASE,Rule 2 — specific entity (kept),metadata,absent,https://international.arizona.edu/study-abroad,"P2 relevant buried, target absent",yes,
global studies global culture,exact,https://www.arizona.edu/degree-search/majors/global-studies-global-culture-emphasis,1,BASE,Rule 2 — specific entity (kept),metadata,absent,https://international.arizona.edu/study-abroad,"P2 relevant buried, target absent",yes,
global studies global cultures,exact,https://www.arizona.edu/degree-search/majors/global-studies-global-cultures-emphasis,1,BASE,Rule 2 — specific entity (kept),metadata,absent,https://international.arizona.edu/study-abroad,"P2 relevant buried, target absent",yes,
global studies global health and development,exact,https://www.arizona.edu/degree-search/majors/global-studies-global-health-and-development-emphasis,1,BASE,Rule 2 — specific entity (kept),metadata,absent,https://international.arizona.edu/study-abroad,"P2 relevant buried, target absent",yes,
global studies global human rights and social movements,exact,https://www.arizona.edu/degree-search/majors/global-studies-global-human-rights-and-social-movements-emphasis,1,BASE,Rule 2 — specific entity (kept),metadata,absent,https://international.arizona.edu/study-abroad,"P2 relevant buried, target absent",yes,
global studies global latin america,exact,https://www.arizona.edu/degree-search/majors/global-studies-global-latin-america-emphasis,1,BASE,Rule 2 — specific entity (kept),metadata,absent,https://international.arizona.edu/study-abroad,"P2 relevant buried, target absent",yes,
global studies global societies human rights migrations and social movements,exact,https://www.arizona.edu/degree-search/majors/global-studies-global-societies-human-rights-migrations-and-social-movements-emphasis,1,BASE,Rule 2 — specific entity (kept),metadata,absent,https://international.arizona.edu/study-abroad,"P2 relevant buried, target absent",yes,
global studies international political economy,exact,https://www.arizona.edu/degree-search/majors/global-studies-global-political-economy-and-institutions-emphasis,1,BASE,Rule 2 — specific entity (kept),metadata,absent,https://international.arizona.edu/study-abroad,"P2 relevant buried, target absent",yes,
global studies jew and israel studies cultures and communities,exact,https://www.arizona.edu/degree-search/majors/global-studies-jewish-and-israel-studies-cultures-and-communities-emphasis,1,BASE,Rule 2 — specific entity (kept),metadata,6,https://international.arizona.edu/study-abroad,"P2 target present, buried",yes,
global studies middle eastern and north african studies,exact,https://www.arizona.edu/degree-search/majors/global-studies-middle-eastern-and-north-african-studies-emphasis,1,BASE,Rule 2 — specific entity (kept),metadata,absent,https://international.arizona.edu/study-abroad,"P2 relevant buried, target absent",yes,
global supply chain management,exact,https://www.arizona.edu/degree-search/majors/global-supply-chain-mgmt,1,BASE,REVIEW: base-page mapping (verify generic vs keep),metadata,absent,https://international.arizona.edu/study-abroad,"P2 relevant buried, target absent",yes,
government and public policy,exact,https://www.arizona.edu/degree-search/majors/government-and-public-policy-ma,1,GRAD,Rule 2 — family multi-promote,metadata,absent,https://sgpp.arizona.edu/phd-government-public-policy/requirements,"P2 relevant buried, target absent",yes,
government and public policy,exact,https://www.arizona.edu/degree-search/majors/government-and-public-policy-dp,2,PHD,Rule 2 — family multi-promote,metadata,absent,https://sgpp.arizona.edu/phd-government-public-policy/requirements,"P2 relevant buried, target absent",yes,
government and public policy phd,exact,https://www.arizona.edu/degree-search/majors/government-and-public-policy-dp,1,PHD,Rule 2 — specific entity (kept),metadata,absent,https://sgpp.arizona.edu/phd-government-public-policy/requirements,"P2 relevant buried, target absent",yes,yes
government and public service,exact,https://www.arizona.edu/degree-search,1,HUB,Rule 1 — generic → DS home (no family),metadata,absent,https://sgpp.arizona.edu/events/public-service-panel,"P2 relevant buried, target absent",yes,
graduate certificate in business,exact,https://www.arizona.edu/degree-search/majors/business-foundations,1,BASE,Rule 2 — REVIEW: specific term on base page,ahrefs,absent,https://eller.arizona.edu/,"P2 relevant buried, target absent",yes,
guitar performance,exact,https://www.arizona.edu/degree-search/majors/performance-guitar-emphasis,1,BASE,Rule 2 — specific entity (kept),metadata,2,https://guitar.arizona.edu/events/186-judica%C3%ABl-perroy-performance-excellence,"P2 target present, buried",yes,
harp performance,exact,https://www.arizona.edu/degree-search/majors/performance-harp-emphasis,1,BASE,Rule 2 — specific entity (kept),metadata,1,https://www.arizona.edu/degree-search/majors/performance-harp-emphasis,P0 already #1,no (already #1),
harpsichord performance,exact,https://www.arizona.edu/degree-search/majors/performance-harpsichord-emphasis,1,BASE,Rule 2 — specific entity (kept),metadata,absent,https://law.arizona.edu/content/state-tax-notes%C2%A0-striking-right-chord,P1 all results off-topic,yes,
hbhp,exact,https://www.arizona.edu/degree-search/majors/health-behavior-health-promotion,1,BASE,REVIEW: base-page mapping (verify generic vs keep),ahrefs,absent,https://consciousness.arizona.edu/wellness,P1 all results off-topic,yes,
health administration,exact,https://www.arizona.edu/degree-search,1,HUB,Rule 1 — generic → DS home (no family),metadata,absent,https://health.arizona.edu/,"P2 relevant buried, target absent",yes,
health administration degree arizona,exact,https://www.arizona.edu/degree-search/majors/public-health-health-systems-theory-and-practice-emphasis,1,BASE,Rule 2 — specific entity (kept),ahrefs,absent,https://www.arizona.edu/degree-search,"P2 relevant buried, target absent",yes,
health and safety degrees,exact,https://www.arizona.edu/degree-search/majors/public-health-environmental-and-occupational-health-emphasis,1,BASE,Rule 2 — specific entity (kept),ahrefs,absent,https://health.arizona.edu/,"P2 relevant buried, target absent",yes,
health and society,exact,https://www.arizona.edu/degree-search,1,HUB,Rule 1 — generic → DS home (no family),ahrefs,absent,https://health.arizona.edu/,"P2 relevant buried, target absent",yes,
"health information privacy, compliance and data security",exact,https://www.arizona.edu/degree-search,1,HUB,Rule 1 — generic → DS home (no family),metadata,3,https://health.arizona.edu/,"P2 target present, buried",yes,
health law for health professionals,exact,https://www.arizona.edu/degree-search,1,HUB,Rule 1 — generic → DS home (no family),metadata,absent,https://health.arizona.edu/,"P2 relevant buried, target absent",yes,
health medicine and society major,exact,https://www.arizona.edu/degree-search/majors/medicine-medicine-and-society-emphasis,1,BASE,Rule 2 — specific entity (kept),ahrefs,absent,https://health.arizona.edu/,"P2 relevant buried, target absent",yes,
health promotion courses,exact,https://www.arizona.edu/degree-search/majors/public-health-health-promotion-emphasis,1,BASE,Rule 2 — specific entity (kept),ahrefs,absent,https://health.arizona.edu/,"P2 relevant buried, target absent",yes,
health promotion degree,exact,https://www.arizona.edu/degree-search/majors/public-health-health-promotion-emphasis,1,BASE,Rule 2 — specific entity (kept),ahrefs,absent,https://www.arizona.edu/degree-search,"P2 relevant buried, target absent",yes,
health promotion degrees,exact,https://www.arizona.edu/degree-search/majors/public-health-health-promotion-emphasis,1,BASE,Rule 2 — specific entity (kept),ahrefs,absent,https://health.arizona.edu/,"P2 relevant buried, target absent",yes,
healthcare administration degree arizona,exact,https://www.arizona.edu/degree-search/majors/public-health-health-systems-theory-and-practice-emphasis,1,BASE,Rule 2 — specific entity (kept),ahrefs,absent,https://www.arizona.edu/degree-search,"P2 relevant buried, target absent",yes,
healthcare administration degree arizona management,exact,https://www.arizona.edu/degree-search/majors/healthcare-management,1,BASE,REVIEW: base-page mapping (verify generic vs keep),ahrefs,absent,https://www.arizona.edu/degree-search,"P2 relevant buried, target absent",yes,yes
heritage conservation graduate,exact,https://www.arizona.edu/degree-search/majors/heritage-conservation,1,BASE,Rule 2 — REVIEW: specific term on base page,metadata,1,https://www.arizona.edu/degree-search/majors/heritage-conservation,P0 already #1,no (already #1),
heritage preservation,exact,https://www.arizona.edu/degree-search/majors/sustainable-built-environments-heritage-conservation-emphasis,1,BASE,Rule 2 — specific entity (kept),metadata,absent,https://arboretum.arizona.edu/ua-partners-preserve-heritage,"P2 relevant buried, target absent",yes,
higher education,exact,https://www.arizona.edu/degree-search/majors/higher-education-ma,1,GRAD,Rule 2 — family multi-promote,metadata,absent,https://education.arizona.edu/,"P2 relevant buried, target absent",yes,
higher education,exact,https://www.arizona.edu/degree-search/majors/higher-education-dp,2,PHD,Rule 2 — family multi-promote,metadata,absent,https://education.arizona.edu/,"P2 relevant buried, target absent",yes,
history,exact,https://www.arizona.edu/degree-search/majors/history,1,BASE,Rule 2 — family multi-promote,metadata,absent,https://sbs.arizona.edu/,"P2 relevant buried, target absent",yes,
history,exact,https://www.arizona.edu/degree-search/majors/history-ba,2,UG,Rule 2 — family multi-promote,metadata,absent,https://sbs.arizona.edu/,"P2 relevant buried, target absent",yes,
history,exact,https://www.arizona.edu/degree-search/majors/history-ma,3,GRAD,Rule 2 — family multi-promote,metadata,absent,https://sbs.arizona.edu/,"P2 relevant buried, target absent",yes,
history,exact,https://www.arizona.edu/degree-search/majors/history-dp,4,PHD,Rule 2 — family multi-promote,metadata,absent,https://sbs.arizona.edu/,"P2 relevant buried, target absent",yes,
history ba,exact,https://www.arizona.edu/degree-search/majors/history-ba,1,UG,Rule 2 — specific entity (kept),metadata,absent,https://sbs.arizona.edu/,"P2 relevant buried, target absent",yes,yes
history ma,exact,https://www.arizona.edu/degree-search/majors/history-ma,1,GRAD,Rule 2 — specific entity (kept),metadata,absent,https://sbs.arizona.edu/,"P2 relevant buried, target absent",yes,yes
history phd programs,exact,https://www.arizona.edu/degree-search/majors/history-dp,1,PHD,Rule 2 — specific entity (kept),ahrefs,absent,https://sbs.arizona.edu/,"P2 relevant buried, target absent",yes,
horticulture degree arizona,exact,https://www.arizona.edu/degree-search/majors/sustainable-plant-systems-urban-horticulture-emphasis,1,BASE,Rule 2 — specific entity (kept),ahrefs,absent,https://www.arizona.edu/degree-search,P1 all results off-topic,yes,
hospital administration degree arizona,exact,https://www.arizona.edu/degree-search/majors/public-health-health-systems-theory-and-practice-emphasis,1,BASE,Rule 2 — specific entity (kept),ahrefs,absent,https://www.arizona.edu/degree-search,"P2 relevant buried, target absent",yes,
how do you say arizona in spanish,exact,https://www.arizona.edu/degree-search/majors/spanish-translation-and-interpretation-emphasis,1,BASE,Rule 2 — specific entity (kept),ahrefs,absent,https://humanities.arizona.edu/,"P2 relevant buried, target absent",yes,
how to become a nutritionist in arizona,exact,https://www.arizona.edu/degree-search/majors/nutrition-and-dietetics,1,BASE,REVIEW: base-page mapping (verify generic vs keep),ahrefs,absent,https://online.arizona.edu/news/how-become-bcba,"P2 relevant buried, target absent",yes,
human development and family science,exact,https://www.arizona.edu/degree-search/majors/human-development-and-family-science-bs,1,UG,Rule 2 — family multi-promote,ahrefs,2,https://science.arizona.edu/,"P2 target present, buried",yes,
human development and family science,exact,https://www.arizona.edu/degree-search/majors/human-development-and-family-science-dp,2,PHD,Rule 2 — family multi-promote,ahrefs,2,https://science.arizona.edu/,"P2 target present, buried",yes,
human development and family science major,exact,https://www.arizona.edu/degree-search/majors/human-development-and-family-science-bs,1,UG,Rule 2 — family multi-promote,ahrefs,3,https://www.arizona.edu/degree-search,"P2 target present, buried",yes,
human development and family science major,exact,https://www.arizona.edu/degree-search/majors/human-development-and-family-science-dp,2,PHD,Rule 2 — family multi-promote,ahrefs,3,https://www.arizona.edu/degree-search,"P2 target present, buried",yes,
human development and family science phd,exact,https://www.arizona.edu/degree-search/majors/human-development-and-family-science-dp,1,PHD,Rule 2 — specific entity (kept),metadata,13,https://science.arizona.edu/,"P2 target present, buried",yes,yes
human language technology,exact,https://www.arizona.edu/degree-search,1,HUB,Rule 1 — generic → DS home (no family),metadata,12,https://linguistics.arizona.edu/ms-hlt,"P2 target present, buried",yes,
human rights and documentary media,exact,https://www.arizona.edu/degree-search,1,HUB,Rule 1 — generic → DS home (no family),metadata,2,https://online.arizona.edu/programs/graduate-certificate/online-graduate-certificate-human-rights-documentary-media-cert,"P2 target present, buried",yes,
human rights and technology,exact,https://www.arizona.edu/degree-search,1,HUB,Rule 1 — generic → DS home (no family),metadata,2,https://online.arizona.edu/programs/graduate-certificate/online-graduate-certificate-human-rights-and-technology-cert,"P2 target present, buried",yes,
human rights practice,exact,https://www.arizona.edu/degree-search/majors/human-rights-practice,1,BASE,Rule 2 — family multi-promote,metadata,absent,https://sbsmajors.arizona.edu/ba-human-rights-practice,"P2 relevant buried, target absent",yes,
human rights practice,exact,https://www.arizona.edu/degree-search/majors/human-rights-practice-ma,2,GRAD,Rule 2 — family multi-promote,metadata,absent,https://sbsmajors.arizona.edu/ba-human-rights-practice,"P2 relevant buried, target absent",yes,
human rights practice,exact,https://www.arizona.edu/degree-search/majors/human-rights-practice-gc,3,CERT,Rule 2 — family multi-promote,metadata,absent,https://sbsmajors.arizona.edu/ba-human-rights-practice,"P2 relevant buried, target absent",yes,
human rights practice graduate certificate,exact,https://www.arizona.edu/degree-search/majors/human-rights-practice-gc,1,CERT,Rule 2 — specific entity (kept),metadata,8,https://sbsmajors.arizona.edu/ba-human-rights-practice,"P2 target present, buried",yes,yes
human rights practice ma,exact,https://www.arizona.edu/degree-search/majors/human-rights-practice-ma,1,GRAD,Rule 2 — specific entity (kept),metadata,9,https://sbsmajors.arizona.edu/ba-human-rights-practice,"P2 target present, buried",yes,yes
human services,exact,https://www.arizona.edu/degree-search,1,HUB,Rule 1 — generic → DS home (no family),metadata,absent,https://azcast.arizona.edu/human-services,"P2 relevant buried, target absent",yes,
hydraulics and water resources engineering,exact,https://www.arizona.edu/degree-search,1,HUB,Rule 1 — generic → DS home (no family),metadata,4,https://engineering.arizona.edu/index,"P2 target present, buried",yes,
hydrogeology,exact,https://www.arizona.edu/degree-search,1,HUB,Rule 1 — generic → DS home (no family),metadata,1,https://www.arizona.edu/degree-search/majors/hydrogeology,P0 already #1,no (already #1),
hydrology,exact,https://www.arizona.edu/degree-search,1,HUB,Rule 1 — generic → DS home (no family),metadata,absent,https://has.arizona.edu/people/committees/admissions-committee,"P2 relevant buried, target absent",yes,
hydrology and atmospheric sciences atmospheric sciences,exact,https://www.arizona.edu/degree-search/majors/hydrology-and-atmospheric-sciences-atmospheric-sciences-emphasis,1,BASE,Rule 2 — specific entity (kept),metadata,absent,https://has.arizona.edu/give-hydrology-and-atmospheric-sciences,"P2 relevant buried, target absent",yes,
hydrology and water resources engineering,exact,https://www.arizona.edu/degree-search/majors/hydrology-and-water-resources,1,BASE,REVIEW: base-page mapping (verify generic vs keep),metadata,absent,https://engineering.arizona.edu/index,"P2 relevant buried, target absent",yes,
hydrology major,exact,https://www.arizona.edu/degree-search,1,HUB,Rule 1 — generic → DS home (no family),ahrefs,absent,https://www.arizona.edu/degree-search,"P2 relevant buried, target absent",yes,
hydrometeorology,exact,https://www.arizona.edu/degree-search/majors/hydrometeorology-ms,1,GRAD,Rule 2 — family multi-promote,metadata,absent,https://cdhc.arizona.edu/rationale,"P2 relevant buried, target absent",yes,
hydrometeorology,exact,https://www.arizona.edu/degree-search/majors/hydrometeorology-dp,2,PHD,Rule 2 — family multi-promote,metadata,absent,https://cdhc.arizona.edu/rationale,"P2 relevant buried, target absent",yes,
hydrometeorology phd,exact,https://www.arizona.edu/degree-search/majors/hydrometeorology-dp,1,PHD,Rule 2 — specific entity (kept),metadata,absent,https://cdhc.arizona.edu/rationale,"P2 relevant buried, target absent",yes,yes
i am from arizona in spanish,exact,https://www.arizona.edu/degree-search/majors/spanish-translation-and-interpretation-emphasis,1,BASE,Rule 2 — specific entity (kept),ahrefs,absent,https://humanities.arizona.edu/,"P2 relevant buried, target absent",yes,
illustration studio,exact,https://www.arizona.edu/degree-search/majors/studio-art-illustration-design-and-animation-emphasis,1,BASE,Rule 2 — specific entity (kept),ahrefs,3,https://education.arizona.edu/calendar/illustrator-studio-oil-painting-demonstration,"P2 target present, buried",yes,
immunobiology,exact,https://www.arizona.edu/degree-search,1,HUB,Rule 1 — generic → DS home (no family),metadata,5,https://immunobiology.arizona.edu/,"P2 target present, buried",yes,
inclusive leadership in sport and recreation,exact,https://www.arizona.edu/degree-search,1,HUB,Rule 1 — generic → DS home (no family),metadata,4,https://rec.arizona.edu/,"P2 target present, buried",yes,
indigenous governance,exact,https://www.arizona.edu/degree-search,1,HUB,Rule 1 — generic → DS home (no family),metadata,absent,https://igp.arizona.edu/grad-program/graduate-certificate-indigenous-governance,"P2 relevant buried, target absent",yes,
indigenous health,exact,https://www.arizona.edu/degree-search,1,HUB,Rule 1 — generic → DS home (no family),metadata,absent,https://health.arizona.edu/,"P2 relevant buried, target absent",yes,
indigenous languages and linguistics,exact,https://www.arizona.edu/degree-search,1,HUB,Rule 1 — generic → DS home (no family),metadata,absent,https://sbs.arizona.edu/,"P2 relevant buried, target absent",yes,
industrial engineering,exact,https://www.arizona.edu/degree-search/majors/industrial-engineering,1,BASE,Rule 2 — family multi-promote,metadata,absent,https://engineering.arizona.edu/index,"P2 relevant buried, target absent",yes,
industrial engineering,exact,https://www.arizona.edu/degree-search/majors/industrial-engineering-bsie,2,UG,Rule 2 — family multi-promote,metadata,absent,https://engineering.arizona.edu/index,"P2 relevant buried, target absent",yes,
industrial engineering,exact,https://www.arizona.edu/degree-search/majors/industrial-engineering-ms,3,GRAD,Rule 2 — family multi-promote,metadata,absent,https://engineering.arizona.edu/index,"P2 relevant buried, target absent",yes,
industrial engineering ms,exact,https://www.arizona.edu/degree-search/majors/industrial-engineering-ms,1,GRAD,Rule 2 — specific entity (kept),metadata,absent,https://engineering.arizona.edu/index,"P2 relevant buried, target absent",yes,yes
information,exact,https://www.arizona.edu/degree-search,1,HUB,Rule 1 — generic → DS home (no family),metadata,absent,https://infosci.arizona.edu/news/new-name-college-of-information-science,"P2 relevant buried, target absent",yes,
information science,exact,https://www.arizona.edu/degree-search,1,HUB,Rule 1 — generic → DS home (no family),metadata,absent,https://infosci.arizona.edu/,"P2 relevant buried, target absent",yes,
information science artificial intelligence,exact,https://www.arizona.edu/degree-search/majors/information-science-artificial-intelligence-emphasis,1,BASE,Rule 2 — specific entity (kept),metadata,absent,https://infosci.arizona.edu/,"P2 relevant buried, target absent",yes,
information science emphasis,exact,https://www.arizona.edu/degree-search/majors/information-science-data-science-emphasis,1,BASE,Rule 2 — specific entity (kept),metadata,absent,https://infosci.arizona.edu/,"P2 relevant buried, target absent",yes,yes
information science esociety,exact,https://www.arizona.edu/degree-search,1,HUB,Rule 1 — generic → DS home (no family),metadata,absent,https://infosci.arizona.edu/,"P2 relevant buried, target absent",yes,
information science interactive and immersive technologies,exact,https://www.arizona.edu/degree-search/majors/information-science-interactive-and-immersive-technologies-emphasis,1,BASE,Rule 2 — specific entity (kept),metadata,19,https://infosci.arizona.edu/,"P2 target present, buried",yes,
innovations in aging,exact,https://www.arizona.edu/degree-search/majors/innovations-in-aging-ms,1,GRAD,Rule 2 — family multi-promote,metadata,absent,https://innovationsinaging.uahs.arizona.edu/admissions,"P2 relevant buried, target absent",yes,
innovations in aging,exact,https://www.arizona.edu/degree-search/majors/innovations-in-aging-gc,2,CERT,Rule 2 — family multi-promote,metadata,absent,https://innovationsinaging.uahs.arizona.edu/admissions,"P2 relevant buried, target absent",yes,
integrated business and engineering,exact,https://www.arizona.edu/degree-search,1,HUB,Rule 1 — generic → DS home (no family),metadata,absent,https://eller.arizona.edu/,"P2 relevant buried, target absent",yes,
integrative nursing,exact,https://www.arizona.edu/degree-search/majors/nursing-integrative-health-emphasis,1,BASE,Rule 2 — specific entity (kept),ahrefs,absent,https://nursing.arizona.edu/,"P2 relevant buried, target absent",yes,
intelligence and information operations,exact,https://www.arizona.edu/degree-search/majors/intelligence-and-information-operations-operational-intelligence-emphasis,1,BASE,Rule 2 — specific entity (kept),ahrefs,absent,https://infosci.arizona.edu/news/new-name-college-of-information-science,"P2 relevant buried, target absent",yes,
intelligence and information operations law enforcement intelligence,exact,https://www.arizona.edu/degree-search/majors/intelligence-and-information-operations-law-enforcement-intelligence-emphasis,1,BASE,Rule 2 — specific entity (kept),metadata,3,https://law.arizona.edu/,"P2 target present, buried",yes,
intelligence and information operations signals intelligence and electronic warfare,exact,https://www.arizona.edu/degree-search/majors/intelligence-and-information-operations-signals-intelligence-and-electronic-warfare-emphasis,1,BASE,Rule 2 — specific entity (kept),metadata,3,https://intelligenceoperations.engineering.arizona.edu/signals-intelligence-and-electronic-warfare,"P2 target present, buried",yes,
intelligence operations studies,exact,https://www.arizona.edu/degree-search/majors/intelligence-and-information-operations-operational-intelligence-emphasis,1,BASE,Rule 2 — specific entity (kept),ahrefs,17,https://intelligenceoperations.engineering.arizona.edu/admissions,"P2 target present, buried",yes,
"interdisciplinary studies arts, media and entertainment",exact,https://www.arizona.edu/degree-search/majors/interdisciplinary-studies-arts-media-and-entertainment-emphasis-bis,1,UG,Rule 2 — specific entity (kept),metadata,2,https://humanities.arizona.edu/,"P2 target present, buried",yes,
"interdisciplinary studies arts, media and entertainment ba",exact,https://www.arizona.edu/degree-search/majors/interdisciplinary-studies-arts-media-and-entertainment-emphasis-ba,1,UG,Rule 2 — specific entity (kept),metadata,4,https://humanities.arizona.edu/,"P2 target present, buried",yes,yes
interdisciplinary studies economy and industry,exact,https://www.arizona.edu/degree-search/majors/interdisciplinary-studies-economy-and-industry-emphasis-bis,1,UG,Rule 2 — specific entity (kept),metadata,2,https://humanities.arizona.edu/,"P2 target present, buried",yes,
interdisciplinary studies economy and industry ba,exact,https://www.arizona.edu/degree-search/majors/interdisciplinary-studies-economy-and-industry-emphasis-ba,1,UG,Rule 2 — specific entity (kept),metadata,4,https://humanities.arizona.edu/,"P2 target present, buried",yes,yes
interdisciplinary studies global and intercultural understanding,exact,https://www.arizona.edu/degree-search/majors/interdisciplinary-studies-global-and-intercultural-understanding-emphasis-bis,1,UG,Rule 2 — specific entity (kept),metadata,4,https://international.arizona.edu/study-abroad,"P2 target present, buried",yes,
interdisciplinary studies global and intercultural understanding ba,exact,https://www.arizona.edu/degree-search/majors/interdisciplinary-studies-global-and-intercultural-understanding-emphasis-ba,1,UG,Rule 2 — specific entity (kept),metadata,6,https://international.arizona.edu/study-abroad,"P2 target present, buried",yes,yes
"interdisciplinary studies science, technology, health & society",exact,https://www.arizona.edu/degree-search/majors/interdisciplinary-studies-science-technology-health-society-emphasis-bis,1,UG,Rule 2 — specific entity (kept),metadata,3,https://health.arizona.edu/,"P2 target present, buried",yes,
interdisciplinary studies social behavior and human understanding,exact,https://www.arizona.edu/degree-search/majors/interdisciplinary-studies-social-behavior-and-human-understanding-emphasis-bis,1,UG,Rule 2 — specific entity (kept),metadata,2,https://humanities.arizona.edu/,"P2 target present, buried",yes,
interdisciplinary studies social behavior and human understanding ba,exact,https://www.arizona.edu/degree-search/majors/interdisciplinary-studies-social-behavior-and-human-understanding-emphasis-ba,1,UG,Rule 2 — specific entity (kept),metadata,4,https://humanities.arizona.edu/,"P2 target present, buried",yes,yes
interdisciplinary studies sports and society,exact,https://www.arizona.edu/degree-search/majors/interdisciplinary-studies-sports-and-society-emphasis-bis,1,UG,Rule 2 — specific entity (kept),metadata,absent,https://arizonawildcats.com/,P1 all results off-topic,yes,
interdisciplinary studies sports and society ba,exact,https://www.arizona.edu/degree-search/majors/interdisciplinary-studies-sports-and-society-emphasis-ba,1,UG,Rule 2 — specific entity (kept),metadata,absent,https://arizonawildcats.com/,P1 all results off-topic,yes,yes
international security studies university of arizona,exact,https://www.arizona.edu/degree-search/majors/international-security-studies-ma,1,GRAD,Rule 2 — family multi-promote,ahrefs,absent,https://international.arizona.edu/study-abroad,"P2 relevant buried, target absent",yes,
international security studies university of arizona,exact,https://www.arizona.edu/degree-search/majors/international-security-studies-gc,2,CERT,Rule 2 — family multi-promote,ahrefs,absent,https://international.arizona.edu/study-abroad,"P2 relevant buried, target absent",yes,
international security studies university of arizona ma,exact,https://www.arizona.edu/degree-search/majors/international-security-studies-ma,1,GRAD,Rule 2 — specific entity (kept),ahrefs,absent,https://international.arizona.edu/study-abroad,"P2 relevant buried, target absent",yes,yes
is business a humanities major,exact,https://www.arizona.edu/degree-search/majors/applied-humanities-business-administration-emphasis,1,BASE,Rule 2 — specific entity (kept),ahrefs,absent,https://eller.arizona.edu/,"P2 relevant buried, target absent",yes,
is business economics a good major,exact,https://www.arizona.edu/degree-search/majors/business-economics,1,BASE,REVIEW: base-page mapping (verify generic vs keep),ahrefs,absent,https://eller.arizona.edu/,"P2 relevant buried, target absent",yes,
is economics a business degree,exact,https://www.arizona.edu/degree-search/majors/business-economics,1,BASE,REVIEW: base-page mapping (verify generic vs keep),ahrefs,absent,https://eller.arizona.edu/,"P2 relevant buried, target absent",yes,
is medicine a major,exact,https://www.arizona.edu/degree-search/majors/medicine-basic-medical-sciences-emphasis,1,BASE,Rule 2 — specific entity (kept),ahrefs,absent,https://www.arizona.edu/degree-search,"P2 relevant buried, target absent",yes,
ista arizona,exact,https://www.arizona.edu/degree-search/majors/information-science-and-arts,1,BASE,REVIEW: base-page mapping (verify generic vs keep),ahrefs,absent,https://www.arizona.edu/admissions,"P2 relevant buried, target absent",yes,
italian studies,exact,https://www.arizona.edu/degree-search/majors/italian-italian-studies-emphasis,1,BASE,Rule 2 — specific entity (kept),metadata,absent,https://humanities.arizona.edu/,"P2 relevant buried, target absent",yes,
japanese culture,exact,https://www.arizona.edu/degree-search/majors/east-asian-studies-japanese-culture-emphasis,1,BASE,Rule 2 — specific entity (kept),metadata,1,https://www.arizona.edu/degree-search/majors/east-asian-studies-japanese-culture-emphasis,P0 already #1,no (already #1),
japanese language,exact,https://www.arizona.edu/degree-search/majors/east-asian-studies-japanese-language-emphasis,1,BASE,Rule 2 — specific entity (kept),metadata,2,https://marketing.humanities.arizona.edu/events/japanese-language-program-career-info-session,"P2 target present, buried",yes,
jazz studies,exact,https://www.arizona.edu/degree-search/majors/performance-jazz-studies-emphasis,1,BASE,Rule 2 — specific entity (kept),metadata,1,https://www.arizona.edu/degree-search/majors/performance-jazz-studies-emphasis,P0 already #1,no (already #1),
journalism,exact,https://www.arizona.edu/degree-search/majors/journalism-ba,1,UG,Rule 2 — family multi-promote,metadata,absent,https://sbs.arizona.edu/,"P2 relevant buried, target absent",yes,
journalism,exact,https://www.arizona.edu/degree-search/majors/journalism-ma,2,GRAD,Rule 2 — family multi-promote,metadata,absent,https://sbs.arizona.edu/,"P2 relevant buried, target absent",yes,
journalism broadcast journalism,exact,https://www.arizona.edu/degree-search/majors/journalism-broadcast-journalism-emphasis,1,BASE,Rule 2 — specific entity (kept),metadata,absent,https://sbs.arizona.edu/,"P2 relevant buried, target absent",yes,
journalism digital journalism,exact,https://www.arizona.edu/degree-search/majors/journalism-digital-journalism-emphasis,1,BASE,Rule 2 — specific entity (kept),metadata,absent,https://sbs.arizona.edu/,"P2 relevant buried, target absent",yes,
journalism general journalism,exact,https://www.arizona.edu/degree-search/majors/journalism-general-journalism-emphasis,1,BASE,Rule 2 — specific entity (kept),metadata,absent,https://sbs.arizona.edu/,"P2 relevant buried, target absent",yes,
journalism global journalism,exact,https://www.arizona.edu/degree-search/majors/journalism-global-journalism-emphasis,1,BASE,Rule 2 — specific entity (kept),metadata,absent,https://international.arizona.edu/study-abroad,"P2 relevant buried, target absent",yes,
judaic studies,exact,https://www.arizona.edu/degree-search,1,HUB,Rule 1 — generic → DS home (no family),metadata,absent,https://judaic.arizona.edu/minor,"P2 relevant buried, target absent",yes,
kinesiology university of arizona,exact,https://www.arizona.edu/degree-search/majors/physiology-and-medical-sciences-exercise-and-extreme-physiology-emphasis,1,BASE,Rule 2 — specific entity (kept),ahrefs,absent,https://www.arizona.edu/admissions,P1 all results off-topic,yes,
landscape architecture,exact,https://www.arizona.edu/degree-search/majors/landscape-architecture,1,BASE,Rule 2 — family multi-promote,metadata,absent,https://capla.arizona.edu/,"P2 relevant buried, target absent",yes,
landscape architecture,exact,https://www.arizona.edu/degree-search/majors/landscape-architecture-bla,2,UG,Rule 2 — family multi-promote,metadata,absent,https://capla.arizona.edu/,"P2 relevant buried, target absent",yes,
landscape architecture,exact,https://www.arizona.edu/degree-search/majors/landscape-architecture-mla,3,GRAD,Rule 2 — family multi-promote,metadata,absent,https://capla.arizona.edu/,"P2 relevant buried, target absent",yes,
landscape architecture bla,exact,https://www.arizona.edu/degree-search/majors/landscape-architecture-bla,1,UG,Rule 2 — specific entity (kept),metadata,absent,https://capla.arizona.edu/,"P2 relevant buried, target absent",yes,yes
landscape architecture masters landscape architecture,exact,https://www.arizona.edu/degree-search/majors/landscape-architecture-mla,1,GRAD,Rule 2 — specific entity (kept),metadata,absent,https://capla.arizona.edu/,"P2 relevant buried, target absent",yes,yes
language administration,exact,https://www.arizona.edu/degree-search,1,HUB,Rule 1 — generic → DS home (no family),metadata,1,https://www.arizona.edu/degree-search/majors/language-program-administration,P0 already #1,no (already #1),
latin american studies,exact,https://www.arizona.edu/degree-search,1,HUB,Rule 1 — generic → DS home (no family),metadata,absent,https://clas.arizona.edu/ba-latin-american-studies/requirements,"P2 relevant buried, target absent",yes,
leadership and learning innovation community education,exact,https://www.arizona.edu/degree-search/majors/leadership-and-learning-innovation-community-education-emphasis,1,BASE,Rule 2 — specific entity (kept),metadata,11,https://education.arizona.edu/,"P2 target present, buried",yes,
"leadership and learning innovation leadership for equity, access and success in education",exact,https://www.arizona.edu/degree-search/majors/leadership-and-learning-innovation-leadership-for-equity-access-and-success-in-education-emphasis,1,BASE,Rule 2 — specific entity (kept),metadata,2,https://education.arizona.edu/,"P2 target present, buried",yes,
legal information,exact,https://www.arizona.edu/degree-search,1,HUB,Rule 1 — generic → DS home (no family),metadata,absent,https://law.arizona.edu/,"P2 relevant buried, target absent",yes,
library and information science,exact,https://www.arizona.edu/degree-search,1,HUB,Rule 1 — generic → DS home (no family),metadata,absent,https://www.arizona.edu/libraries,"P2 relevant buried, target absent",yes,
linguistics,exact,https://www.arizona.edu/degree-search/majors/linguistics-ma,1,GRAD,Rule 2 — family multi-promote,metadata,absent,https://sbs.arizona.edu/,"P2 relevant buried, target absent",yes,
linguistics,exact,https://www.arizona.edu/degree-search/majors/linguistics-dp,2,PHD,Rule 2 — family multi-promote,metadata,absent,https://sbs.arizona.edu/,"P2 relevant buried, target absent",yes,
linguistics academic & professional,exact,https://www.arizona.edu/degree-search/majors/linguistics-academic-professional-linguistics-emphasis,1,BASE,Rule 2 — specific entity (kept),metadata,absent,https://sbs.arizona.edu/,"P2 relevant buried, target absent",yes,
linguistics degree,exact,https://www.arizona.edu/degree-search/majors/linguistics-ma,1,GRAD,Rule 2 — family multi-promote,ahrefs,absent,https://www.arizona.edu/degree-search,"P2 relevant buried, target absent",yes,
linguistics degree,exact,https://www.arizona.edu/degree-search/majors/linguistics-dp,2,PHD,Rule 2 — family multi-promote,ahrefs,absent,https://www.arizona.edu/degree-search,"P2 relevant buried, target absent",yes,
linguistics � native american languages & linguistics,exact,https://www.arizona.edu/degree-search/majors/linguistics-ma,1,GRAD,Rule 2 — specific entity (kept),metadata,absent,https://sbs.arizona.edu/,"P2 relevant buried, target absent",yes,
literacy learning and leadership community education,exact,https://www.arizona.edu/degree-search/majors/literacy-learning-and-leadership-community-education-emphasis,1,BASE,Rule 2 — specific entity (kept),metadata,absent,https://education.arizona.edu/,"P2 relevant buried, target absent",yes,
literacy learning and leadership leadership for equity access and success in education,exact,https://www.arizona.edu/degree-search/majors/literacy-learning-and-leadership-leadership-for-equity-access-and-success-in-education-emphasis,1,BASE,Rule 2 — specific entity (kept),metadata,absent,https://education.arizona.edu/,"P2 relevant buried, target absent",yes,
live and immersive arts,exact,https://www.arizona.edu/degree-search,1,HUB,Rule 1 — generic → DS home (no family),metadata,absent,https://giving.arizona.edu/support/arizonaartslive,"P2 relevant buried, target absent",yes,
live and screened performance design and production,exact,https://www.arizona.edu/degree-search/majors/live-and-screened-performance-design-and-production-emphasis,1,BASE,Rule 2 — specific entity (kept),metadata,1,https://www.arizona.edu/degree-search/majors/live-and-screened-performance-design-and-production-emphasis,P0 already #1,no (already #1),
live and screened performance performance and directing,exact,https://www.arizona.edu/degree-search/majors/live-and-screened-performance-performance-and-directing-emphasis,1,BASE,Rule 2 — specific entity (kept),metadata,1,https://www.arizona.edu/degree-search/majors/live-and-screened-performance-performance-and-directing-emphasis,P0 already #1,no (already #1),
ma communication,exact,https://www.arizona.edu/degree-search/majors/communication-ma,1,GRAD,Rule 2 — specific entity (kept),ahrefs,absent,https://sbs.arizona.edu/,"P2 relevant buried, target absent",yes,
major astronomy,exact,https://www.arizona.edu/degree-search,1,HUB,Rule 1 — generic → DS home (no family),ahrefs,absent,https://science.arizona.edu/,P1 all results off-topic,yes,
major for real estate,exact,https://www.arizona.edu/degree-search,1,HUB,Rule 1 — generic → DS home (no family),ahrefs,17,https://www.arizona.edu/degree-search,"P2 target present, buried",yes,
major in art,exact,https://www.arizona.edu/degree-search,1,HUB,Rule 1 — generic → DS home (no family),ahrefs,absent,https://cfa.arizona.edu/,"P2 relevant buried, target absent",yes,
major in music composition,exact,https://www.arizona.edu/degree-search/majors/performance-composition-emphasis,1,BASE,Rule 2 — specific entity (kept),ahrefs,4,https://www.arizona.edu/degree-search,"P2 target present, buried",yes,
majors at the university of arizona,exact,https://www.arizona.edu/degree-search/majors,1,NAV,Unchanged — navigational/non-major,ahrefs,absent,https://www.arizona.edu/admissions,P1 all results off-topic,yes,
majors at the university of arizona bs,exact,https://www.arizona.edu/degree-search/majors/computer-science-bs,1,UG,Rule 2 — specific entity (kept),ahrefs,absent,https://www.arizona.edu/admissions,P1 all results off-topic,yes,yes
majors in university of arizona,exact,https://www.arizona.edu/degree-search/majors/information-science-and-arts,1,BASE,REVIEW: base-page mapping (verify generic vs keep),ahrefs,absent,https://www.arizona.edu/admissions,P1 all results off-topic,yes,
management information systems,exact,https://www.arizona.edu/degree-search/majors/management-information-systems,1,BASE,Rule 2 — family multi-promote,metadata,absent,https://eller.arizona.edu/,"P2 relevant buried, target absent",yes,
management information systems,exact,https://www.arizona.edu/degree-search/majors/management-information-systems-bsba,2,UG,Rule 2 — family multi-promote,metadata,absent,https://eller.arizona.edu/,"P2 relevant buried, target absent",yes,
management information systems,exact,https://www.arizona.edu/degree-search/majors/management-information-systems-ms,3,GRAD,Rule 2 — family multi-promote,metadata,absent,https://eller.arizona.edu/,"P2 relevant buried, target absent",yes,
management information systems ms,exact,https://www.arizona.edu/degree-search/majors/management-information-systems-ms,1,GRAD,Rule 2 — specific entity (kept),metadata,absent,https://eller.arizona.edu/,"P2 relevant buried, target absent",yes,yes
management information systems university of arizona,exact,https://www.arizona.edu/degree-search/majors/management-information-systems,1,BASE,Rule 2 — family multi-promote,ahrefs,absent,https://eller.arizona.edu/,"P2 relevant buried, target absent",yes,
management information systems university of arizona,exact,https://www.arizona.edu/degree-search/majors/management-information-systems-bsba,2,UG,Rule 2 — family multi-promote,ahrefs,absent,https://eller.arizona.edu/,"P2 relevant buried, target absent",yes,
management information systems university of arizona,exact,https://www.arizona.edu/degree-search/majors/management-information-systems-ms,3,GRAD,Rule 2 — family multi-promote,ahrefs,absent,https://eller.arizona.edu/,"P2 relevant buried, target absent",yes,
management masters degrees,exact,https://www.arizona.edu/degree-search/majors/management-ms,1,GRAD,Rule 2 — specific entity (kept),ahrefs,absent,https://eller.arizona.edu/,"P2 relevant buried, target absent",yes,
marketing comprehensive marketing,exact,https://www.arizona.edu/degree-search/majors/marketing-comprehensive-marketing-emphasis,1,BASE,Rule 2 — specific entity (kept),metadata,absent,https://eller.arizona.edu/,"P2 relevant buried, target absent",yes,
marketing major university of arizona,exact,https://www.arizona.edu/degree-search,1,HUB,Rule 1 — generic → DS home (no family),ahrefs,absent,https://www.arizona.edu/degree-search,"P2 relevant buried, target absent",yes,
marketing sales,exact,https://www.arizona.edu/degree-search/majors/marketing-sales-emphasis,1,BASE,Rule 2 — specific entity (kept),metadata,absent,https://eller.arizona.edu/,"P2 relevant buried, target absent",yes,
marriage and family therapy,exact,https://www.arizona.edu/degree-search,1,HUB,Rule 1 — generic → DS home (no family),metadata,3,https://caps.arizona.edu/,"P2 target present, buried",yes,
master in russian,exact,https://www.arizona.edu/degree-search/majors/russian,1,BASE,Rule 2 — REVIEW: specific term on base page,ahrefs,absent,https://humanities.arizona.edu/,"P2 relevant buried, target absent",yes,
master of arts english,exact,https://www.arizona.edu/degree-search/majors/english-ma,1,GRAD,Rule 2 — specific entity (kept),ahrefs,absent,https://sbs.arizona.edu/,"P2 relevant buried, target absent",yes,
master of arts in english,exact,https://www.arizona.edu/degree-search/majors/english-ma,1,GRAD,Rule 2 — specific entity (kept),ahrefs,absent,https://sbs.arizona.edu/,"P2 relevant buried, target absent",yes,
master of fine arts programs near me,exact,https://www.arizona.edu/degree-search/majors/fine-arts-in-art,1,BASE,Rule 2 — REVIEW: specific term on base page,ahrefs,1,https://www.arizona.edu/degree-search/majors/fine-arts-in-art,P0 already #1,no (already #1),
master of management degree,exact,https://www.arizona.edu/degree-search/majors/management-ms,1,GRAD,Rule 2 — specific entity (kept),ahrefs,absent,https://www.arizona.edu/degree-search,"P2 relevant buried, target absent",yes,
master of science in chemistry,exact,https://www.arizona.edu/degree-search/majors/chemistry-ms,1,GRAD,Rule 2 — specific entity (kept),ahrefs,absent,https://science.arizona.edu/,"P2 relevant buried, target absent",yes,
master of science in management,exact,https://www.arizona.edu/degree-search/majors/management-ms,1,GRAD,Rule 2 — specific entity (kept),ahrefs,absent,https://eller.arizona.edu/,"P2 relevant buried, target absent",yes,
masters degree art history,exact,https://www.arizona.edu/degree-search/majors/art-history-ma,1,GRAD,Rule 2 — specific entity (kept),ahrefs,absent,https://cfa.arizona.edu/,"P2 relevant buried, target absent",yes,
masters degree in art history,exact,https://www.arizona.edu/degree-search/majors/art-history-ma,1,GRAD,Rule 2 — specific entity (kept),ahrefs,absent,https://cfa.arizona.edu/,"P2 relevant buried, target absent",yes,
masters in education arizona,exact,https://www.arizona.edu/degree-search/majors/education-in-teaching-and-teacher-education,1,BASE,Rule 2 — REVIEW: specific term on base page,ahrefs,absent,https://education.arizona.edu/,"P2 relevant buried, target absent",yes,
masters in evolutionary biology,exact,https://www.arizona.edu/degree-search/majors/ecology-and-evolutionary-biology-ms,1,GRAD,Rule 2 — specific entity (kept),ahrefs,4,https://eeb.arizona.edu/events/363-first-year-cohort-eeb-grad-students,"P2 target present, buried",yes,
masters in indigenous studies,exact,https://www.arizona.edu/degree-search/majors/american-indian-studies-ma,1,GRAD,Rule 2 — specific entity (kept),ahrefs,absent,https://law.arizona.edu/events/14423-nalsa-indigenous-grad-student-mixer,"P2 relevant buried, target absent",yes,
masters of arts in english,exact,https://www.arizona.edu/degree-search/majors/english-ma,1,GRAD,Rule 2 — specific entity (kept),ahrefs,absent,https://sbs.arizona.edu/,"P2 relevant buried, target absent",yes,
materials science & engineering,exact,https://www.arizona.edu/degree-search/majors/materials-science-engineering,1,BASE,Rule 2 — family multi-promote,metadata,absent,https://engineering.arizona.edu/index,"P2 relevant buried, target absent",yes,
materials science & engineering,exact,https://www.arizona.edu/degree-search/majors/materials-science-and-engineering-ms,2,GRAD,Rule 2 — family multi-promote,metadata,absent,https://engineering.arizona.edu/index,"P2 relevant buried, target absent",yes,
materials science & engineering,exact,https://www.arizona.edu/degree-search/majors/materials-science-and-engineering-dp,3,PHD,Rule 2 — family multi-promote,metadata,absent,https://engineering.arizona.edu/index,"P2 relevant buried, target absent",yes,
materials science and engineering fundamentals,exact,https://www.arizona.edu/degree-search,1,HUB,Rule 1 — generic → DS home (no family),metadata,5,https://engineering.arizona.edu/index,"P2 target present, buried",yes,
maternal and child health epidemiology,exact,https://www.arizona.edu/degree-search,1,HUB,Rule 1 — generic → DS home (no family),metadata,absent,https://publichealth.arizona.edu/,"P2 relevant buried, target absent",yes,
math education,exact,https://www.arizona.edu/degree-search/majors/mathematics-education-emphasis-ba,1,UG,Rule 2 — specific entity (kept),ahrefs,absent,https://education.arizona.edu/,"P2 relevant buried, target absent",yes,
math education bs,exact,https://www.arizona.edu/degree-search/majors/mathematics-education-emphasis-bs,1,UG,Rule 2 — specific entity (kept),metadata,absent,https://education.arizona.edu/,"P2 relevant buried, target absent",yes,yes
mathematical economics,exact,https://www.arizona.edu/degree-search/majors/mathematics-economics-and-business-emphasis-bs,1,UG,Rule 2 — specific entity (kept),metadata,absent,https://eller.arizona.edu/,"P2 relevant buried, target absent",yes,
mathematics,exact,https://www.arizona.edu/degree-search/majors/mathematics-ma,1,GRAD,Rule 2 — family multi-promote,metadata,absent,https://appliedmath.arizona.edu/admissions/application-procedures,"P2 relevant buried, target absent",yes,
mathematics,exact,https://www.arizona.edu/degree-search/majors/mathematics-ms,2,GRAD,Rule 2 — family multi-promote,metadata,absent,https://appliedmath.arizona.edu/admissions/application-procedures,"P2 relevant buried, target absent",yes,
mathematics,exact,https://www.arizona.edu/degree-search/majors/mathematics-dp,3,PHD,Rule 2 — family multi-promote,metadata,absent,https://appliedmath.arizona.edu/admissions/application-procedures,"P2 relevant buried, target absent",yes,
mathematics comprehensive,exact,https://www.arizona.edu/degree-search/majors/mathematics-comprehensive-emphasis-bs,1,UG,Rule 2 — specific entity (kept),metadata,2,https://www.arizona.edu/degree-search/majors/mathematics-comprehensive-emphasis-ba,"P2 target present, buried",yes,
mathematics computer science,exact,https://www.arizona.edu/degree-search/majors/mathematics-computer-science-emphasis-ba,1,UG,Rule 2 — specific entity (kept),metadata,7,https://science.arizona.edu/,"P2 target present, buried",yes,
mathematics computer science bs,exact,https://www.arizona.edu/degree-search/majors/mathematics-computer-science-emphasis-bs,1,UG,Rule 2 — specific entity (kept),metadata,4,https://science.arizona.edu/,"P2 target present, buried",yes,yes
mathematics education,exact,https://www.arizona.edu/degree-search/majors/mathematics-education-emphasis-ba,1,UG,Rule 2 — specific entity (kept),ahrefs,absent,https://education.arizona.edu/,"P2 relevant buried, target absent",yes,
mathematics for business and economics,exact,https://www.arizona.edu/degree-search/majors/mathematics-economics-and-business-emphasis-ba,1,UG,Rule 2 — specific entity (kept),ahrefs,absent,https://eller.arizona.edu/,"P2 relevant buried, target absent",yes,
mathematics life sciences,exact,https://www.arizona.edu/degree-search/majors/mathematics-life-sciences-emphasis-ba,1,UG,Rule 2 — specific entity (kept),metadata,2,https://www.arizona.edu/degree-search/majors/mathematics-life-sciences-emphasis-bs,"P2 target present, buried",yes,
mathematics life sciences bs,exact,https://www.arizona.edu/degree-search/majors/mathematics-life-sciences-emphasis-bs,1,UG,Rule 2 — specific entity (kept),metadata,1,https://www.arizona.edu/degree-search/majors/mathematics-life-sciences-emphasis-bs,P0 already #1,no (already #1),yes
mathematics ms,exact,https://www.arizona.edu/degree-search/majors/mathematics-ms,1,GRAD,Rule 2 — specific entity (kept),metadata,absent,https://appliedmath.arizona.edu/admissions/application-procedures,"P2 relevant buried, target absent",yes,yes
mathematics phd,exact,https://www.arizona.edu/degree-search/majors/mathematics-dp,1,PHD,Rule 2 — specific entity (kept),metadata,absent,https://appliedmath.arizona.edu/admissions/application-procedures,"P2 relevant buried, target absent",yes,yes
mathematics probability and statistics,exact,https://www.arizona.edu/degree-search/majors/mathematics-probability-and-statistics-emphasis-ba,1,UG,Rule 2 — specific entity (kept),metadata,2,https://appliedmath.arizona.edu/statistics-probability,"P2 target present, buried",yes,
mba university of arizona,exact,https://www.arizona.edu/degree-search/majors/business-administration-mba,1,GRAD,Rule 2 — specific entity (kept),ahrefs,2,https://eller.arizona.edu/,"P2 target present, buried",yes,
mechanical engineering,exact,https://www.arizona.edu/degree-search/majors/mechanical-engineering,1,BASE,Rule 2 — family multi-promote,metadata,absent,https://engineering.arizona.edu/index,"P2 relevant buried, target absent",yes,
mechanical engineering,exact,https://www.arizona.edu/degree-search/majors/mechanical-engineering-bsme,2,UG,Rule 2 — family multi-promote,metadata,absent,https://engineering.arizona.edu/index,"P2 relevant buried, target absent",yes,
mechanical engineering,exact,https://www.arizona.edu/degree-search/majors/mechanical-engineering-ms,3,GRAD,Rule 2 — family multi-promote,metadata,absent,https://engineering.arizona.edu/index,"P2 relevant buried, target absent",yes,
mechanical engineering,exact,https://www.arizona.edu/degree-search/majors/mechanical-engineering-dp,4,PHD,Rule 2 — family multi-promote,metadata,absent,https://engineering.arizona.edu/index,"P2 relevant buried, target absent",yes,
mechanical engineering ms,exact,https://www.arizona.edu/degree-search/majors/mechanical-engineering-ms,1,GRAD,Rule 2 — specific entity (kept),metadata,absent,https://engineering.arizona.edu/index,"P2 relevant buried, target absent",yes,yes
mechanical engineering phd,exact,https://www.arizona.edu/degree-search/majors/mechanical-engineering-dp,1,PHD,Rule 2 — specific entity (kept),metadata,absent,https://engineering.arizona.edu/index,"P2 relevant buried, target absent",yes,yes
mechanical engineering study,exact,https://www.arizona.edu/degree-search/majors/mechanical-engineering-bsme,1,UG,Rule 2 — specific entity (kept),ahrefs,absent,https://engineering.arizona.edu/index,"P2 relevant buried, target absent",yes,
mechanical engineering university of arizona,exact,https://www.arizona.edu/degree-search/majors/mechanical-engineering,1,BASE,Rule 2 — family multi-promote,ahrefs,absent,https://engineering.arizona.edu/index,"P2 relevant buried, target absent",yes,
mechanical engineering university of arizona,exact,https://www.arizona.edu/degree-search/majors/mechanical-engineering-bsme,2,UG,Rule 2 — family multi-promote,ahrefs,absent,https://engineering.arizona.edu/index,"P2 relevant buried, target absent",yes,
mechanical engineering university of arizona,exact,https://www.arizona.edu/degree-search/majors/mechanical-engineering-ms,3,GRAD,Rule 2 — family multi-promote,ahrefs,absent,https://engineering.arizona.edu/index,"P2 relevant buried, target absent",yes,
mechanical engineering university of arizona,exact,https://www.arizona.edu/degree-search/majors/mechanical-engineering-dp,4,PHD,Rule 2 — family multi-promote,ahrefs,absent,https://engineering.arizona.edu/index,"P2 relevant buried, target absent",yes,
medical anthropology,exact,https://www.arizona.edu/degree-search,1,HUB,Rule 1 — generic → DS home (no family),metadata,absent,https://sbs.arizona.edu/,"P2 relevant buried, target absent",yes,
medical device development and application biotech/pharma,exact,https://www.arizona.edu/degree-search/majors/medical-device-development-and-application-biotech-pharma-emphasis,1,BASE,Rule 2 — specific entity (kept),metadata,4,https://www.arizona.edu/admissions/apply,"P2 target present, buried",yes,
medical device development and application business and marketing/media,exact,https://www.arizona.edu/degree-search/majors/medical-device-development-and-application-business-and-marketing-media-emphasis,1,BASE,Rule 2 — specific entity (kept),metadata,5,https://www.arizona.edu/admissions/apply,"P2 target present, buried",yes,
medical device development and application device,exact,https://www.arizona.edu/degree-search/majors/medical-device-development-and-application-device-emphasis,1,BASE,Rule 2 — specific entity (kept),metadata,4,https://www.arizona.edu/admissions/apply,"P2 target present, buried",yes,
medical device development and application regulatory-law-government,exact,https://www.arizona.edu/degree-search/majors/medical-device-development-and-application-regulatory-law-government-emphasis,1,BASE,Rule 2 — specific entity (kept),metadata,4,https://www.arizona.edu/admissions/apply,"P2 target present, buried",yes,
medical pharmacology,exact,https://www.arizona.edu/degree-search/majors/medical-pharmacology-ms,1,GRAD,Rule 2 — family multi-promote,metadata,8,https://www.pharmacy.arizona.edu/,"P2 target present, buried",yes,
medical pharmacology,exact,https://www.arizona.edu/degree-search/majors/medical-pharmacology-dp,2,PHD,Rule 2 — family multi-promote,metadata,8,https://www.pharmacy.arizona.edu/,"P2 target present, buried",yes,
medical pharmacology phd,exact,https://www.arizona.edu/degree-search/majors/medical-pharmacology-dp,1,PHD,Rule 2 — specific entity (kept),metadata,7,https://www.pharmacy.arizona.edu/,"P2 target present, buried",yes,yes
medical science major,exact,https://www.arizona.edu/degree-search/majors/medicine-basic-medical-sciences-emphasis,1,BASE,Rule 2 — specific entity (kept),ahrefs,absent,https://www.arizona.edu/degree-search,"P2 relevant buried, target absent",yes,
medical studies,exact,https://www.arizona.edu/degree-search,1,HUB,Rule 1 — generic → DS home (no family),metadata,1,https://www.arizona.edu/degree-search/majors/medical-studies,P0 already #1,no (already #1),
medical technology course,exact,https://www.arizona.edu/degree-search/majors/medicine-medical-technology-emphasis,1,BASE,Rule 2 — specific entity (kept),ahrefs,8,https://coursemaker.arizona.edu/build/building-blocks/banner/medical,"P2 target present, buried",yes,
medical technology major,exact,https://www.arizona.edu/degree-search/majors/medicine-medical-technology-emphasis,1,BASE,Rule 2 — specific entity (kept),ahrefs,11,https://www.arizona.edu/degree-search,"P2 target present, buried",yes,
medical technology majors,exact,https://www.arizona.edu/degree-search/majors/medicine-medical-technology-emphasis,1,BASE,Rule 2 — specific entity (kept),ahrefs,10,https://research.arizona.edu/development/limited-submission/flinn-foundation-accelerator-medical-technology-2021-seed-grants,"P2 target present, buried",yes,
medicine and society,exact,https://www.arizona.edu/degree-search/majors/medicine-medicine-and-society-emphasis,1,BASE,Rule 2 — specific entity (kept),ahrefs,2,https://sociology.arizona.edu/bs-care-health-society/requirements,"P2 target present, buried",yes,
medicine major,exact,https://www.arizona.edu/degree-search/majors/medicine-basic-medical-sciences-emphasis,1,BASE,Rule 2 — specific entity (kept),ahrefs,absent,https://www.arizona.edu/degree-search,"P2 relevant buried, target absent",yes,
mexican american studies,exact,https://www.arizona.edu/degree-search/majors/mexican-american-studies,1,BASE,Rule 2 — family multi-promote,metadata,absent,https://mas.arizona.edu/masters-program-requirements,"P2 relevant buried, target absent",yes,
mexican american studies,exact,https://www.arizona.edu/degree-search/majors/mexican-american-studies-ba,2,UG,Rule 2 — family multi-promote,metadata,absent,https://mas.arizona.edu/masters-program-requirements,"P2 relevant buried, target absent",yes,
mexican american studies,exact,https://www.arizona.edu/degree-search/majors/mexican-american-studies-ms,3,GRAD,Rule 2 — family multi-promote,metadata,absent,https://mas.arizona.edu/masters-program-requirements,"P2 relevant buried, target absent",yes,
mexican american studies,exact,https://www.arizona.edu/degree-search/majors/mexican-american-studies-dp,4,PHD,Rule 2 — family multi-promote,metadata,absent,https://mas.arizona.edu/masters-program-requirements,"P2 relevant buried, target absent",yes,
mexican american studies ba,exact,https://www.arizona.edu/degree-search/majors/mexican-american-studies-ba,1,UG,Rule 2 — specific entity (kept),metadata,absent,https://mas.arizona.edu/masters-program-requirements,"P2 relevant buried, target absent",yes,yes
mexican american studies emphasis,exact,https://www.arizona.edu/degree-search/majors/linguistics-linguistics-and-languages-emphasis,1,BASE,Rule 2 — specific entity (kept),metadata,absent,https://mas.arizona.edu/masters-program-requirements,"P2 relevant buried, target absent",yes,yes
mexican american studies ms,exact,https://www.arizona.edu/degree-search/majors/mexican-american-studies-ms,1,GRAD,Rule 2 — specific entity (kept),metadata,absent,https://mas.arizona.edu/masters-program-requirements,"P2 relevant buried, target absent",yes,yes
mexican american studies phd,exact,https://www.arizona.edu/degree-search/majors/mexican-american-studies-dp,1,PHD,Rule 2 — specific entity (kept),metadata,absent,https://mas.arizona.edu/masters-program-requirements,"P2 relevant buried, target absent",yes,yes
microbiology,exact,https://www.arizona.edu/degree-search/majors/microbiology,1,BASE,Rule 2 — family multi-promote,metadata,absent,https://www.arizona.edu/degree-search/majors/microbiology-environmental-microbiology-emphasis,"P2 relevant buried, target absent",yes,
microbiology,exact,https://www.arizona.edu/degree-search/majors/microbiology-ms,2,GRAD,Rule 2 — family multi-promote,metadata,absent,https://www.arizona.edu/degree-search/majors/microbiology-environmental-microbiology-emphasis,"P2 relevant buried, target absent",yes,
microbiology,exact,https://www.arizona.edu/degree-search/majors/microbiology-dp,3,PHD,Rule 2 — family multi-promote,metadata,absent,https://www.arizona.edu/degree-search/majors/microbiology-environmental-microbiology-emphasis,"P2 relevant buried, target absent",yes,
microbiology and immunity,exact,https://www.arizona.edu/degree-search,1,HUB,Rule 1 — generic → DS home (no family),metadata,2,https://online.arizona.edu/programs/graduate-certificate/online-graduate-certificate-microbiology-and-immunity-cert,"P2 target present, buried",yes,
microbiology emerging infectious disease and medical microbiology,exact,https://www.arizona.edu/degree-search/majors/microbiology-emerging-infectious-disease-and-medical-microbiology-emphasis,1,BASE,Rule 2 — specific entity (kept),metadata,1,https://www.arizona.edu/degree-search/majors/microbiology-emerging-infectious-disease-and-medical-microbiology-emphasis,P0 already #1,no (already #1),
microbiology environmental microbiology,exact,https://www.arizona.edu/degree-search/majors/microbiology-environmental-microbiology-emphasis,1,BASE,Rule 2 — specific entity (kept),metadata,1,https://www.arizona.edu/degree-search/majors/microbiology-environmental-microbiology-emphasis,P0 already #1,no (already #1),
microbiology food safety and microbiology,exact,https://www.arizona.edu/degree-search/majors/microbiology-food-safety-and-microbiology-emphasis,1,BASE,Rule 2 — specific entity (kept),metadata,3,https://union.arizona.edu/,"P2 target present, buried",yes,
microbiology ms,exact,https://www.arizona.edu/degree-search/majors/microbiology-ms,1,GRAD,Rule 2 — specific entity (kept),metadata,15,https://www.arizona.edu/degree-search/majors/microbiology-environmental-microbiology-emphasis,"P2 target present, buried",yes,yes
microbiology phd,exact,https://www.arizona.edu/degree-search/majors/microbiology-dp,1,PHD,Rule 2 — specific entity (kept),metadata,14,https://www.arizona.edu/degree-search/majors/microbiology-environmental-microbiology-emphasis,"P2 target present, buried",yes,yes
microbiology plant pathology & microbiology,exact,https://www.arizona.edu/degree-search/majors/microbiology-plant-pathology-and-microbiology-emphasis,1,BASE,Rule 2 — specific entity (kept),metadata,1,https://www.arizona.edu/degree-search/majors/microbiology-plant-pathology-and-microbiology-emphasis,P0 already #1,no (already #1),
microelectronics packaging,exact,https://www.arizona.edu/degree-search,1,HUB,Rule 1 — generic → DS home (no family),metadata,1,https://www.arizona.edu/degree-search/majors/microelectronics-packaging,P0 already #1,no (already #1),
middle east and north african studies,exact,https://www.arizona.edu/degree-search/majors/middle-eastern-and-north-african-studies-ma,1,GRAD,Rule 2 — specific entity (kept),metadata,absent,https://menas.arizona.edu/modern-middle-east-and-north-africa-history-documents,"P2 relevant buried, target absent",yes,
middle east and north african studies phd,exact,https://www.arizona.edu/degree-search/majors/middle-eastern-and-north-african-studies-dp,1,PHD,Rule 2 — specific entity (kept),metadata,absent,https://menas.arizona.edu/modern-middle-east-and-north-africa-history-documents,"P2 relevant buried, target absent",yes,yes
middle eastern and north african studies,exact,https://www.arizona.edu/degree-search/majors/middle-eastern-and-north-african-studies,1,BASE,Rule 2 — family multi-promote,metadata,absent,https://menas.arizona.edu/ba-menas,"P2 relevant buried, target absent",yes,
middle eastern and north african studies,exact,https://www.arizona.edu/degree-search/majors/middle-eastern-and-north-african-studies-ma,2,GRAD,Rule 2 — family multi-promote,metadata,absent,https://menas.arizona.edu/ba-menas,"P2 relevant buried, target absent",yes,
middle eastern and north african studies,exact,https://www.arizona.edu/degree-search/majors/middle-eastern-and-north-african-studies-dp,3,PHD,Rule 2 — family multi-promote,metadata,absent,https://menas.arizona.edu/ba-menas,"P2 relevant buried, target absent",yes,
middle eastern culture and pedagogy,exact,https://www.arizona.edu/degree-search,1,HUB,Rule 1 — generic → DS home (no family),metadata,2,https://menas.arizona.edu/middle-eastern-culture-and-pedagogy-certificate,"P2 target present, buried",yes,
mild moderate disabilities,exact,https://www.arizona.edu/degree-search,1,HUB,Rule 1 — generic → DS home (no family),metadata,absent,https://grad-info.education.arizona.edu/mild-moderate-disabilities-bse,"P2 relevant buried, target absent",yes,
mild to moderate disabilities teaching,exact,https://www.arizona.edu/degree-search/majors/mild-to-moderate-disabilities-teaching-emphasis,1,BASE,Rule 2 — specific entity (kept),metadata,2,https://education.arizona.edu/,"P2 target present, buried",yes,
mine engineering degree,exact,https://www.arizona.edu/degree-search/majors/mining-engineering-geomechanics-track,1,BASE,Rule 2 — specific entity (kept),ahrefs,absent,https://www.arizona.edu/degree-search,"P2 relevant buried, target absent",yes,
mine production & info tech,exact,https://www.arizona.edu/degree-search/majors/mine-production-and-information-technology,1,BASE,REVIEW: base-page mapping (verify generic vs keep),metadata,14,https://linguistics.arizona.edu/course/info-523-data-mining-and-discovery,"P2 target present, buried",yes,
mineral processing & extractive metallurgy,exact,https://www.arizona.edu/degree-search,1,HUB,Rule 1 — generic → DS home (no family),metadata,2,https://online.arizona.edu/programs/graduate-certificate/online-graduate-certificate-mineral-processing-and-extract-metallurgy,"P2 target present, buried",yes,
mineral resource geology,exact,https://www.arizona.edu/degree-search,1,HUB,Rule 1 — generic → DS home (no family),metadata,4,https://lpeg.geo.arizona.edu/programs/graduate-certificate-mineral-resource-geology,"P2 target present, buried",yes,
mining engineer degree,exact,https://www.arizona.edu/degree-search/majors/mining-engineering-geomechanics-track,1,BASE,Rule 2 — specific entity (kept),ahrefs,absent,https://www.arizona.edu/degree-search,P1 all results off-topic,yes,
mining engineering,exact,https://www.arizona.edu/degree-search/majors/mining-engineering-mine-operations-track,1,BASE,Rule 2 — specific entity (kept),ahrefs,absent,https://engineering.arizona.edu/index,"P2 relevant buried, target absent",yes,
mining engineering degree,exact,https://www.arizona.edu/degree-search/majors/mining-engineering-geomechanics-track,1,BASE,Rule 2 — specific entity (kept),ahrefs,absent,https://www.arizona.edu/degree-search,"P2 relevant buried, target absent",yes,
mining engineering dev track,exact,https://www.arizona.edu/degree-search/majors/mining-engineering-sustainable-resource-dev-track,1,BASE,Rule 2 — specific entity (kept),metadata,absent,https://engineering.arizona.edu/index,"P2 relevant buried, target absent",yes,yes
mining engineering track,exact,https://www.arizona.edu/degree-search/majors/mining-engineering-mineral-processing-track,1,BASE,Rule 2 — specific entity (kept),metadata,absent,https://engineering.arizona.edu/index,"P2 relevant buried, target absent",yes,yes
mining geological/geophysical engineering,exact,https://www.arizona.edu/degree-search/majors/mining-geological-and-geophysical-engineering-ms,1,GRAD,Rule 2 — family multi-promote,metadata,9,https://engineering.arizona.edu/index,"P2 target present, buried",yes,
mining geological/geophysical engineering,exact,https://www.arizona.edu/degree-search/majors/mining-geological-and-geophysical-engineering-dp,2,PHD,Rule 2 — family multi-promote,metadata,9,https://engineering.arizona.edu/index,"P2 target present, buried",yes,
mining geological/geophysical engineering phd,exact,https://www.arizona.edu/degree-search/majors/mining-geological-and-geophysical-engineering-dp,1,PHD,Rule 2 — specific entity (kept),metadata,8,https://engineering.arizona.edu/index,"P2 target present, buried",yes,yes
mining occupational safety & health,exact,https://www.arizona.edu/degree-search,1,HUB,Rule 1 — generic → DS home (no family),metadata,absent,https://health.arizona.edu/,"P2 relevant buried, target absent",yes,
mis university of arizona,exact,https://www.arizona.edu/degree-search/majors/management-information-systems-bsba,1,UG,Rule 2 — specific entity (kept),ahrefs,absent,https://eller.arizona.edu/,"P2 relevant buried, target absent",yes,
molecular and cellular biology,exact,https://www.arizona.edu/degree-search/majors/molecular-and-cellular-biology,1,BASE,Rule 2 — family multi-promote,metadata,absent,https://mcb.arizona.edu/undergraduate/prospective-students/ba-molecular-and-cellular-biology,"P2 relevant buried, target absent",yes,
molecular and cellular biology,exact,https://www.arizona.edu/degree-search/majors/molecular-and-cellular-biology-ba,2,UG,Rule 2 — family multi-promote,metadata,absent,https://mcb.arizona.edu/undergraduate/prospective-students/ba-molecular-and-cellular-biology,"P2 relevant buried, target absent",yes,
molecular and cellular biology,exact,https://www.arizona.edu/degree-search/majors/molecular-and-cellular-biology-bs,3,UG,Rule 2 — family multi-promote,metadata,absent,https://mcb.arizona.edu/undergraduate/prospective-students/ba-molecular-and-cellular-biology,"P2 relevant buried, target absent",yes,
molecular and cellular biology,exact,https://www.arizona.edu/degree-search/majors/molecular-and-cellular-biology-ms,4,GRAD,Rule 2 — family multi-promote,metadata,absent,https://mcb.arizona.edu/undergraduate/prospective-students/ba-molecular-and-cellular-biology,"P2 relevant buried, target absent",yes,
molecular and cellular biology,exact,https://www.arizona.edu/degree-search/majors/molecular-and-cellular-biology-dp,5,PHD,Rule 2 — family multi-promote,metadata,absent,https://mcb.arizona.edu/undergraduate/prospective-students/ba-molecular-and-cellular-biology,"P2 relevant buried, target absent",yes,
molecular and cellular biology ba,exact,https://www.arizona.edu/degree-search/majors/molecular-and-cellular-biology-ba,1,UG,Rule 2 — specific entity (kept),metadata,absent,https://mcb.arizona.edu/undergraduate/prospective-students/ba-molecular-and-cellular-biology,"P2 relevant buried, target absent",yes,yes
molecular and cellular biology education and communication,exact,https://www.arizona.edu/degree-search/majors/molecular-and-cellular-biology-education-and-communication-emphasis,1,BASE,Rule 2 — specific entity (kept),metadata,absent,https://sbs.arizona.edu/,"P2 relevant buried, target absent",yes,
molecular and cellular biology human health,exact,https://www.arizona.edu/degree-search/majors/molecular-and-cellular-biology-genetics-and-human-health-emphasis,1,BASE,Rule 2 — specific entity (kept),metadata,9,https://health.arizona.edu/,"P2 target present, buried",yes,
molecular and cellular biology ms,exact,https://www.arizona.edu/degree-search/majors/molecular-and-cellular-biology-ms,1,GRAD,Rule 2 — specific entity (kept),metadata,absent,https://mcb.arizona.edu/undergraduate/prospective-students/ba-molecular-and-cellular-biology,"P2 relevant buried, target absent",yes,yes
molecular and cellular biology phd,exact,https://www.arizona.edu/degree-search/majors/molecular-and-cellular-biology-dp,1,PHD,Rule 2 — specific entity (kept),metadata,absent,https://mcb.arizona.edu/undergraduate/prospective-students/ba-molecular-and-cellular-biology,"P2 relevant buried, target absent",yes,yes
molecular and cellular biology systems and big data biology,exact,https://www.arizona.edu/degree-search/majors/molecular-and-cellular-biology-systems-and-big-data-biology-emphasis,1,BASE,Rule 2 — specific entity (kept),metadata,2,https://mcb.arizona.edu/undergraduate-students/prospective-students/sbdbsp,"P2 target present, buried",yes,
molecular medicine,exact,https://www.arizona.edu/degree-search,1,HUB,Rule 1 — generic → DS home (no family),metadata,absent,https://cmm.arizona.edu/education/ms-program-cellular-and-molecular-medicine/information-admissions-cmm-ms-degree-program,"P2 relevant buried, target absent",yes,
motivating learning environments,exact,https://www.arizona.edu/degree-search,1,HUB,Rule 1 — generic → DS home (no family),metadata,3,https://education.arizona.edu/,"P2 target present, buried",yes,
mpap degree,exact,https://www.arizona.edu/degree-search/majors/physician-assistant,1,BASE,REVIEW: base-page mapping (verify generic vs keep),ahrefs,absent,https://www.arizona.edu/degree-search,P1 all results off-topic,yes,
mph university of arizona,exact,https://www.arizona.edu/degree-search/majors/public-health-mph,1,GRAD,Rule 2 — specific entity (kept),ahrefs,absent,https://www.arizona.edu/admissions,"P2 relevant buried, target absent",yes,
mse degree,exact,https://www.arizona.edu/degree-search/majors/materials-science-engineering,1,BASE,REVIEW: base-page mapping (verify generic vs keep),ahrefs,absent,https://www.arizona.edu/degree-search,"P2 relevant buried, target absent",yes,
msn arizona,exact,https://www.arizona.edu/degree-search/majors/nursing-ms,1,GRAD,Rule 2 — specific entity (kept),ahrefs,absent,https://www.arizona.edu/admissions,"P2 relevant buried, target absent",yes,
msn programs arizona,exact,https://www.arizona.edu/degree-search/majors/nursing-ms,1,GRAD,Rule 2 — specific entity (kept),ahrefs,absent,https://www.arizona.edu/admissions,"P2 relevant buried, target absent",yes,
multicultural and bilingual slhs,exact,https://www.arizona.edu/degree-search/majors/multicultural-and-bilingual-speech-language-and-hearing-sciences,1,BASE,REVIEW: base-page mapping (verify generic vs keep),metadata,4,https://slhs.arizona.edu/news/multicultural-opportunities-slhs-students,"P2 target present, buried",yes,
museum studies,exact,https://www.arizona.edu/degree-search,1,HUB,Rule 1 — generic → DS home (no family),metadata,5,https://statemuseum.arizona.edu/crm-serv/private-land-requirements,"P2 target present, buried",yes,
music,exact,https://www.arizona.edu/degree-search/majors/music,1,BASE,Rule 2 — family multi-promote,metadata,absent,https://cfa.arizona.edu/,"P2 relevant buried, target absent",yes,
music,exact,https://www.arizona.edu/degree-search/majors/music-ba,2,UG,Rule 2 — family multi-promote,metadata,absent,https://cfa.arizona.edu/,"P2 relevant buried, target absent",yes,
music,exact,https://www.arizona.edu/degree-search/majors/music-mm,3,GRAD,Rule 2 — family multi-promote,metadata,absent,https://cfa.arizona.edu/,"P2 relevant buried, target absent",yes,
music,exact,https://www.arizona.edu/degree-search/majors/music-dma,4,PHD,Rule 2 — family multi-promote,metadata,absent,https://cfa.arizona.edu/,"P2 relevant buried, target absent",yes,
music,exact,https://www.arizona.edu/degree-search/majors/music-dp,5,PHD,Rule 2 — family multi-promote,metadata,absent,https://cfa.arizona.edu/,"P2 relevant buried, target absent",yes,
music ba,exact,https://www.arizona.edu/degree-search/majors/music-ba,1,UG,Rule 2 — specific entity (kept),metadata,absent,https://cfa.arizona.edu/,"P2 relevant buried, target absent",yes,yes
music business phd,exact,https://www.arizona.edu/degree-search/majors/music-dp,1,PHD,Rule 2 — specific entity (kept),ahrefs,absent,https://eller.arizona.edu/,"P2 relevant buried, target absent",yes,
music masters of music,exact,https://www.arizona.edu/degree-search/majors/music-mm,1,GRAD,Rule 2 — specific entity (kept),metadata,4,https://cfa.arizona.edu/,"P2 target present, buried",yes,yes
music therapy,exact,https://www.arizona.edu/degree-search,1,HUB,Rule 1 — generic → DS home (no family),metadata,4,https://cfa.arizona.edu/,"P2 target present, buried",yes,
musical theatre,exact,https://www.arizona.edu/degree-search,1,HUB,Rule 1 — generic → DS home (no family),metadata,absent,https://cfa.arizona.edu/,"P2 relevant buried, target absent",yes,
native american in arizona,exact,https://www.arizona.edu/degree-search/majors/american-indian-studies-ba,1,UG,Rule 2 — specific entity (kept),ahrefs,absent,https://www.arizona.edu/admissions,"P2 relevant buried, target absent",yes,
native nation building,exact,https://www.arizona.edu/degree-search,1,HUB,Rule 1 — generic → DS home (no family),metadata,absent,https://nni.arizona.edu/what-native-nation-building,"P2 relevant buried, target absent",yes,
natural language processing,exact,https://www.arizona.edu/degree-search,1,HUB,Rule 1 — generic → DS home (no family),metadata,5,https://linguistics.arizona.edu/certificate-nlp,"P2 target present, buried",yes,
natural resources,exact,https://www.arizona.edu/degree-search,1,HUB,Rule 1 — generic → DS home (no family),metadata,absent,https://snre.arizona.edu/undergraduate/admissions,"P2 relevant buried, target absent",yes,
natural resources watershed hydrology and management,exact,https://www.arizona.edu/degree-search/majors/natural-resources-watershed-hydrology-and-management-emphasis,1,BASE,Rule 2 — specific entity (kept),metadata,absent,https://eller.arizona.edu/,"P2 relevant buried, target absent",yes,
natural resources watershed management and ecohydrology,exact,https://www.arizona.edu/degree-search/majors/natural-resources-watershed-management-and-ecohydrology-emphasis,1,BASE,Rule 2 — specific entity (kept),metadata,8,https://eller.arizona.edu/,"P2 target present, buried",yes,
neurobiology,exact,https://www.arizona.edu/degree-search/majors/neuroscience-and-cognitive-science-neurobiology-emphasis,1,BASE,Rule 2 — specific entity (kept),ahrefs,5,https://research.arizona.edu/events/15461-neurobiology-grief-international-network-nogin,"P2 target present, buried",yes,
neurobiology degree,exact,https://www.arizona.edu/degree-search/majors/neuroscience-and-cognitive-science-neurobiology-emphasis,1,BASE,Rule 2 — specific entity (kept),ahrefs,absent,https://www.arizona.edu/degree-search,P1 all results off-topic,yes,
neuroimaging methods,exact,https://www.arizona.edu/degree-search,1,HUB,Rule 1 — generic → DS home (no family),metadata,2,https://cogsci.arizona.edu/programs/neuroimaging-certificate,"P2 target present, buried",yes,
neuroscience,exact,https://www.arizona.edu/degree-search,1,HUB,Rule 1 — generic → DS home (no family),metadata,absent,https://science.arizona.edu/,P1 all results off-topic,yes,
neuroscience and cognitive science computation,exact,https://www.arizona.edu/degree-search/majors/neuroscience-and-cognitive-science-computation-emphasis,1,BASE,Rule 2 — specific entity (kept),metadata,absent,https://science.arizona.edu/,"P2 relevant buried, target absent",yes,
neuroscience and cognitive science development and aging,exact,https://www.arizona.edu/degree-search/majors/neuroscience-and-cognitive-science-development-and-aging-emphasis,1,BASE,Rule 2 — specific entity (kept),metadata,absent,https://science.arizona.edu/,"P2 relevant buried, target absent",yes,
neuroscience and cognitive science university of arizona,exact,https://www.arizona.edu/degree-search,1,HUB,Rule 1 — generic → DS home (no family),ahrefs,absent,https://science.arizona.edu/,"P2 relevant buried, target absent",yes,
neuroscience and cognitive science university of arizona science,exact,https://www.arizona.edu/degree-search,1,HUB,Rule 1 — generic → DS home (no family),ahrefs,absent,https://science.arizona.edu/,"P2 relevant buried, target absent",yes,yes
"neuroscience integrated neuroscience molecular, cellular and systems neuroscience",exact,https://www.arizona.edu/degree-search/majors/neuroscience-integrated-neuroscience-molecular-cellular-and-systems-neuroscience-emphasis,1,BASE,Rule 2 — specific entity (kept),metadata,absent,https://science.arizona.edu/,P1 all results off-topic,yes,
neuroscience major map asu,exact,https://www.arizona.edu/degree-search/majors/neuroscience-and-cognitive-science-cognition-emphasis,1,BASE,Rule 2 — specific entity (kept),ahrefs,absent,https://www.arizona.edu/degree-search,"P2 relevant buried, target absent",yes,
neuroscience neuroscience and human health,exact,https://www.arizona.edu/degree-search/majors/neuroscience-neuroscience-and-human-health-emphasis,1,BASE,Rule 2 — specific entity (kept),metadata,absent,https://health.arizona.edu/,"P2 relevant buried, target absent",yes,
"neuroscience neuroscience, communication and public health policy",exact,https://www.arizona.edu/degree-search/majors/neuroscience-neuroscience-communication-and-public-health-policy-emphasis,1,BASE,Rule 2 — specific entity (kept),metadata,absent,https://sbs.arizona.edu/,"P2 relevant buried, target absent",yes,
neuroscience thematic,exact,https://www.arizona.edu/degree-search/majors/neuroscience-thematic-emphasis,1,BASE,Rule 2 — specific entity (kept),metadata,absent,https://science.arizona.edu/,P1 all results off-topic,yes,
neuroscience university of arizona,exact,https://www.arizona.edu/degree-search,1,HUB,Rule 1 — generic → DS home (no family),ahrefs,absent,https://science.arizona.edu/,P1 all results off-topic,yes,
nurse-midwifery,exact,https://www.arizona.edu/degree-search/majors/nurse-midwifery-ms,1,GRAD,Rule 2 — family multi-promote,metadata,7,https://online.arizona.edu/programs/graduate/online-doctor-nursing-practice-nursing-nurse-midwifery-program-dnp,"P2 target present, buried",yes,
nurse-midwifery,exact,https://www.arizona.edu/degree-search/majors/nurse-midwifery-gc,2,CERT,Rule 2 — family multi-promote,metadata,7,https://online.arizona.edu/programs/graduate/online-doctor-nursing-practice-nursing-nurse-midwifery-program-dnp,"P2 target present, buried",yes,
nurse-midwifery graduate certificate,exact,https://www.arizona.edu/degree-search/majors/nurse-midwifery-gc,1,CERT,Rule 2 — specific entity (kept),metadata,6,https://online.arizona.edu/programs/graduate/online-doctor-nursing-practice-nursing-nurse-midwifery-program-dnp,"P2 target present, buried",yes,yes
nursing,exact,https://www.arizona.edu/degree-search/majors/nursing,1,BASE,Rule 2 — family multi-promote,metadata,absent,https://nursing.arizona.edu/,"P2 relevant buried, target absent",yes,
nursing,exact,https://www.arizona.edu/degree-search/majors/nursing-ms,2,GRAD,Rule 2 — family multi-promote,metadata,absent,https://nursing.arizona.edu/,"P2 relevant buried, target absent",yes,
nursing,exact,https://www.arizona.edu/degree-search/majors/nursing-dnp,3,PHD,Rule 2 — family multi-promote,metadata,absent,https://nursing.arizona.edu/,"P2 relevant buried, target absent",yes,
nursing,exact,https://www.arizona.edu/degree-search/majors/nursing-dp,4,PHD,Rule 2 — family multi-promote,metadata,absent,https://nursing.arizona.edu/,"P2 relevant buried, target absent",yes,
nursing major,exact,https://www.arizona.edu/degree-search,1,HUB,Rule 1 — generic → DS home (no family),ahrefs,absent,https://www.arizona.edu/degree-search,"P2 relevant buried, target absent",yes,
nursing nurscebsn,exact,https://www.arizona.edu/degree-search,1,HUB,Rule 1 — generic → DS home (no family),metadata,absent,https://nursing.arizona.edu/,"P2 relevant buried, target absent",yes,yes
nursing phd,exact,https://www.arizona.edu/degree-search/majors/nursing-dp,1,PHD,Rule 2 — specific entity (kept),metadata,absent,https://nursing.arizona.edu/,"P2 relevant buried, target absent",yes,yes
nursing rural telehealth,exact,https://www.arizona.edu/degree-search,1,HUB,Rule 1 — generic → DS home (no family),metadata,absent,https://nursing.arizona.edu/,"P2 relevant buried, target absent",yes,
nutrition and food systems,exact,https://www.arizona.edu/degree-search,1,HUB,Rule 1 — generic → DS home (no family),metadata,absent,https://union.arizona.edu/,"P2 relevant buried, target absent",yes,
nutrition and human performance,exact,https://www.arizona.edu/degree-search,1,HUB,Rule 1 — generic → DS home (no family),ahrefs,2,https://snsw.arizona.edu/undergraduate/bs-nutrition-human-performance,"P2 target present, buried",yes,
nutrition and wellness degree,exact,https://www.arizona.edu/degree-search/majors/nutritional-sciences-and-wellness,1,BASE,REVIEW: base-page mapping (verify generic vs keep),ahrefs,7,https://www.arizona.edu/degree-search,"P2 target present, buried",yes,
nutritional sciences,exact,https://www.arizona.edu/degree-search/majors/nutritional-sciences-ms,1,GRAD,Rule 2 — family multi-promote,metadata,5,https://snsw.arizona.edu/undergraduate/bs-nutritional-sciences-wellness,"P2 target present, buried",yes,
nutritional sciences,exact,https://www.arizona.edu/degree-search/majors/nutritional-sciences-dp,2,PHD,Rule 2 — family multi-promote,metadata,5,https://snsw.arizona.edu/undergraduate/bs-nutritional-sciences-wellness,"P2 target present, buried",yes,
nutritional sciences dietetics,exact,https://www.arizona.edu/degree-search/majors/nutritional-sciences-dietetics-emphasis,1,BASE,Rule 2 — specific entity (kept),metadata,absent,https://www.arizona.edu/degree-search/majors/nutrition-and-dietetics,"P2 relevant buried, target absent",yes,
nutritional sciences nutrition,exact,https://www.arizona.edu/degree-search/majors/nutritional-sciences-nutrition-emphasis,1,BASE,Rule 2 — specific entity (kept),metadata,absent,https://snsw.arizona.edu/graduate/online-distance-programs/psm-applied-nutrition-nutrition-wellness-ms-pathway,"P2 relevant buried, target absent",yes,
nutritional sciences phd,exact,https://www.arizona.edu/degree-search/majors/nutritional-sciences-dp,1,PHD,Rule 2 — specific entity (kept),metadata,13,https://snsw.arizona.edu/undergraduate/bs-nutritional-sciences-wellness,"P2 target present, buried",yes,yes
nutritional sciences university of arizona,exact,https://www.arizona.edu/degree-search,1,HUB,Rule 1 — generic → DS home (no family),ahrefs,2,https://www.arizona.edu/admissions,"P2 target present, buried",yes,
oboe performance,exact,https://www.arizona.edu/degree-search/majors/performance-oboe-emphasis,1,BASE,Rule 2 — specific entity (kept),metadata,1,https://www.arizona.edu/degree-search/majors/performance-oboe-emphasis,P0 already #1,no (already #1),
occupational health and safety degree,exact,https://www.arizona.edu/degree-search/majors/public-health-environmental-and-occupational-health-emphasis,1,BASE,Rule 2 — specific entity (kept),ahrefs,absent,https://www.arizona.edu/degree-search,"P2 relevant buried, target absent",yes,
one health,exact,https://www.arizona.edu/degree-search,1,HUB,Rule 1 — generic → DS home (no family),metadata,absent,https://health.arizona.edu/,"P2 relevant buried, target absent",yes,
online creative writing degree,exact,https://www.arizona.edu/degree-search,1,HUB,Rule 1 — generic → DS home (no family),ahrefs,absent,https://www.arizona.edu/degree-search,"P2 relevant buried, target absent",yes,
online meteorology degree,exact,https://www.arizona.edu/degree-search/majors/hydrology-and-atmospheric-sciences-meteorology-and-atmospheric-sciences-emphasis,1,BASE,Rule 2 — specific entity (kept),ahrefs,absent,https://www.arizona.edu/degree-search,"P2 relevant buried, target absent",yes,
operations & supply chain management,exact,https://www.arizona.edu/degree-search,1,HUB,Rule 1 — generic → DS home (no family),ahrefs,absent,https://eller.arizona.edu/,"P2 relevant buried, target absent",yes,
operations and supply chain management,exact,https://www.arizona.edu/degree-search,1,HUB,Rule 1 — generic → DS home (no family),ahrefs,absent,https://eller.arizona.edu/,"P2 relevant buried, target absent",yes,
optical engineer degree,exact,https://www.arizona.edu/degree-search/majors/optical-sciences-engineering-optical-materials-track,1,BASE,Rule 2 — specific entity (kept),ahrefs,absent,https://www.arizona.edu/degree-search,"P2 relevant buried, target absent",yes,
optical engineering,exact,https://www.arizona.edu/degree-search/majors/optical-sciences-engineering-optics-track,1,BASE,Rule 2 — specific entity (kept),metadata,absent,https://engineering.arizona.edu/index,"P2 relevant buried, target absent",yes,
optical engineering degree,exact,https://www.arizona.edu/degree-search/majors/optical-sciences-engineering-optical-materials-track,1,BASE,Rule 2 — specific entity (kept),ahrefs,absent,https://www.arizona.edu/degree-search,"P2 relevant buried, target absent",yes,
optical engineering masters programs,exact,https://www.arizona.edu/degree-search/majors/optical-sciences-ms,1,GRAD,Rule 2 — specific entity (kept),ahrefs,absent,https://engineering.arizona.edu/index,"P2 relevant buried, target absent",yes,
optical engineering optics track,exact,https://www.arizona.edu/degree-search/majors/optical-sciences-engineering-biomedical-optics-track,1,BASE,Rule 2 — specific entity (kept),metadata,absent,https://engineering.arizona.edu/index,"P2 relevant buried, target absent",yes,yes
optical engineering programs,exact,https://www.arizona.edu/degree-search/majors/optical-sciences-engineering-optical-materials-track,1,BASE,Rule 2 — specific entity (kept),ahrefs,absent,https://engineering.arizona.edu/index,"P2 relevant buried, target absent",yes,
optical engineering track,exact,https://www.arizona.edu/degree-search/majors/optical-sciences-engineering-opto-electronics-track,1,BASE,Rule 2 — specific entity (kept),metadata,absent,https://engineering.arizona.edu/index,"P2 relevant buried, target absent",yes,yes
optical sciences,exact,https://www.arizona.edu/degree-search/majors/optical-sciences-ms,1,GRAD,Rule 2 — family multi-promote,metadata,absent,https://www.optics.arizona.edu/home,"P2 relevant buried, target absent",yes,
optical sciences,exact,https://www.arizona.edu/degree-search/majors/optical-sciences-gc,2,CERT,Rule 2 — family multi-promote,metadata,absent,https://www.optics.arizona.edu/home,"P2 relevant buried, target absent",yes,
optical sciences,exact,https://www.arizona.edu/degree-search/majors/optical-sciences-dp,3,PHD,Rule 2 — family multi-promote,metadata,absent,https://www.optics.arizona.edu/home,"P2 relevant buried, target absent",yes,
optical sciences graduate certificate,exact,https://www.arizona.edu/degree-search/majors/optical-sciences-gc,1,CERT,Rule 2 — specific entity (kept),metadata,absent,https://www.optics.arizona.edu/home,"P2 relevant buried, target absent",yes,yes
organ performance,exact,https://www.arizona.edu/degree-search/majors/performance-organ-emphasis,1,BASE,Rule 2 — specific entity (kept),metadata,1,https://www.arizona.edu/degree-search/majors/performance-organ-emphasis,P0 already #1,no (already #1),
organismal biology,exact,https://www.arizona.edu/degree-search/majors/biology-organismal-biology-emphasis,1,BASE,Rule 2 — specific entity (kept),ahrefs,1,https://www.arizona.edu/degree-search/majors/biology-organismal-biology-emphasis,P0 already #1,no (already #1),
organizational leadership and regional commerce organizational leadership,exact,https://www.arizona.edu/degree-search/majors/organizational-leadership-and-regional-commerce-organizational-leadership-emphasis,1,BASE,Rule 2 — specific entity (kept),metadata,absent,https://azcast.arizona.edu/organizational-leadership-regional-commerce,"P2 relevant buried, target absent",yes,
organizational leadership and regional commerce regional commerce,exact,https://www.arizona.edu/degree-search/majors/organizational-leadership-and-regional-commerce-regional-commerce-emphasis,1,BASE,Rule 2 — specific entity (kept),metadata,absent,https://azcast.arizona.edu/organizational-leadership-regional-commerce,"P2 relevant buried, target absent",yes,
p-20 higher education and educational leadership,exact,https://www.arizona.edu/degree-search,1,HUB,Rule 1 — generic → DS home (no family),metadata,2,https://education.arizona.edu/,"P2 target present, buried",yes,
paramedic majors in colleges,exact,https://www.arizona.edu/degree-search/majors/emergency-medical-services-bs,1,UG,Rule 2 — specific entity (kept),ahrefs,absent,https://grad.arizona.edu/degree-services/degree-requirements,P1 all results off-topic,yes,
pediatric nurse practitioner,exact,https://www.arizona.edu/degree-search,1,HUB,Rule 1 — generic → DS home (no family),metadata,5,https://nursing.arizona.edu/,"P2 target present, buried",yes,
percussion,exact,https://www.arizona.edu/degree-search/majors/performance-percussion-emphasis,1,BASE,Rule 2 — specific entity (kept),metadata,1,https://www.arizona.edu/degree-search/majors/performance-percussion-emphasis,P0 already #1,no (already #1),
persian and iranian studies,exact,https://www.arizona.edu/degree-search/majors/persian-and-iranian-studies-ma,1,GRAD,Rule 2 — family multi-promote,metadata,absent,https://persian.arizona.edu/ma,"P2 relevant buried, target absent",yes,
persian and iranian studies,exact,https://www.arizona.edu/degree-search/majors/persian-and-iranian-studies-dp,2,PHD,Rule 2 — family multi-promote,metadata,absent,https://persian.arizona.edu/ma,"P2 relevant buried, target absent",yes,
persian and iranian studies phd,exact,https://www.arizona.edu/degree-search/majors/persian-and-iranian-studies-dp,1,PHD,Rule 2 — specific entity (kept),metadata,absent,https://persian.arizona.edu/ma,"P2 relevant buried, target absent",yes,yes
pharmaceutical science major,exact,https://www.arizona.edu/degree-search/majors/pharmaceutical-sciences,1,BASE,Rule 2 — family multi-promote,ahrefs,5,https://www.arizona.edu/degree-search,"P2 target present, buried",yes,
pharmaceutical science major,exact,https://www.arizona.edu/degree-search/majors/pharmaceutical-sciences-bs,2,UG,Rule 2 — family multi-promote,ahrefs,5,https://www.arizona.edu/degree-search,"P2 target present, buried",yes,
pharmaceutical science major,exact,https://www.arizona.edu/degree-search/majors/pharmaceutical-sciences-ms,3,GRAD,Rule 2 — family multi-promote,ahrefs,5,https://www.arizona.edu/degree-search,"P2 target present, buried",yes,
pharmaceutical science major,exact,https://www.arizona.edu/degree-search/majors/pharmaceutical-sciences-dp,4,PHD,Rule 2 — family multi-promote,ahrefs,5,https://www.arizona.edu/degree-search,"P2 target present, buried",yes,
pharmaceutical sciences,exact,https://www.arizona.edu/degree-search/majors/pharmaceutical-sciences,1,BASE,Rule 2 — family multi-promote,metadata,absent,https://online.arizona.edu/programs/graduate/online-master-science-pharmaceutical-sciences-ms,"P2 relevant buried, target absent",yes,
pharmaceutical sciences,exact,https://www.arizona.edu/degree-search/majors/pharmaceutical-sciences-bs,2,UG,Rule 2 — family multi-promote,metadata,absent,https://online.arizona.edu/programs/graduate/online-master-science-pharmaceutical-sciences-ms,"P2 relevant buried, target absent",yes,
pharmaceutical sciences,exact,https://www.arizona.edu/degree-search/majors/pharmaceutical-sciences-ms,3,GRAD,Rule 2 — family multi-promote,metadata,absent,https://online.arizona.edu/programs/graduate/online-master-science-pharmaceutical-sciences-ms,"P2 relevant buried, target absent",yes,
pharmaceutical sciences,exact,https://www.arizona.edu/degree-search/majors/pharmaceutical-sciences-dp,4,PHD,Rule 2 — family multi-promote,metadata,absent,https://online.arizona.edu/programs/graduate/online-master-science-pharmaceutical-sciences-ms,"P2 relevant buried, target absent",yes,
pharmaceutical sciences ms,exact,https://www.arizona.edu/degree-search/majors/pharmaceutical-sciences-ms,1,GRAD,Rule 2 — specific entity (kept),metadata,3,https://online.arizona.edu/programs/graduate/online-master-science-pharmaceutical-sciences-ms,"P2 target present, buried",yes,yes
pharmaceutical sciences phd,exact,https://www.arizona.edu/degree-search/majors/pharmaceutical-sciences-dp,1,PHD,Rule 2 — specific entity (kept),metadata,5,https://online.arizona.edu/programs/graduate/online-master-science-pharmaceutical-sciences-ms,"P2 target present, buried",yes,yes
pharmacology & toxicology,exact,https://www.arizona.edu/degree-search,1,HUB,Rule 1 — generic → DS home (no family),metadata,9,https://www.pharmacy.arizona.edu/,"P2 target present, buried",yes,
pharmacology and toxicology major,exact,https://www.arizona.edu/degree-search,1,HUB,Rule 1 — generic → DS home (no family),ahrefs,9,https://www.arizona.edu/degree-search,"P2 target present, buried",yes,
phd in botany,exact,https://www.arizona.edu/degree-search/majors/plant-science-dp,1,PHD,Rule 2 — specific entity (kept),ahrefs,absent,https://ecorestore.arizona.edu/events/529-botany-2021-conference,"P2 relevant buried, target absent",yes,
phd in cancer biology,exact,https://www.arizona.edu/degree-search/majors/cancer-biology,1,BASE,Rule 2 — REVIEW: specific term on base page,ahrefs,absent,https://cancerbiology.arizona.edu/training/phd-major,"P2 relevant buried, target absent",yes,
philosophy,exact,https://www.arizona.edu/degree-search/majors/philosophy,1,BASE,Rule 2 — family multi-promote,metadata,absent,https://sbs.arizona.edu/,"P2 relevant buried, target absent",yes,
philosophy,exact,https://www.arizona.edu/degree-search/majors/philosophy-ba,2,UG,Rule 2 — family multi-promote,metadata,absent,https://sbs.arizona.edu/,"P2 relevant buried, target absent",yes,
philosophy,exact,https://www.arizona.edu/degree-search/majors/philosophy-ma,3,GRAD,Rule 2 — family multi-promote,metadata,absent,https://sbs.arizona.edu/,"P2 relevant buried, target absent",yes,
philosophy,exact,https://www.arizona.edu/degree-search/majors/philosophy-dp,4,PHD,Rule 2 — family multi-promote,metadata,absent,https://sbs.arizona.edu/,"P2 relevant buried, target absent",yes,
philosophy ethics,exact,https://www.arizona.edu/degree-search/majors/philosophy-ethics-emphasis,1,BASE,Rule 2 — specific entity (kept),metadata,absent,https://sbs.arizona.edu/,"P2 relevant buried, target absent",yes,
philosophy ma,exact,https://www.arizona.edu/degree-search/majors/philosophy-ma,1,GRAD,Rule 2 — specific entity (kept),metadata,absent,https://sbs.arizona.edu/,"P2 relevant buried, target absent",yes,yes
philosophy university of arizona,exact,https://www.arizona.edu/degree-search/majors/philosophy,1,BASE,Rule 2 — family multi-promote,ahrefs,absent,https://sbs.arizona.edu/,"P2 relevant buried, target absent",yes,
philosophy university of arizona,exact,https://www.arizona.edu/degree-search/majors/philosophy-ba,2,UG,Rule 2 — family multi-promote,ahrefs,absent,https://sbs.arizona.edu/,"P2 relevant buried, target absent",yes,
philosophy university of arizona,exact,https://www.arizona.edu/degree-search/majors/philosophy-ma,3,GRAD,Rule 2 — family multi-promote,ahrefs,absent,https://sbs.arizona.edu/,"P2 relevant buried, target absent",yes,
philosophy university of arizona,exact,https://www.arizona.edu/degree-search/majors/philosophy-dp,4,PHD,Rule 2 — family multi-promote,ahrefs,absent,https://sbs.arizona.edu/,"P2 relevant buried, target absent",yes,
philosophy university of arizona phd,exact,https://www.arizona.edu/degree-search/majors/philosophy-dp,1,PHD,Rule 2 — specific entity (kept),ahrefs,absent,https://sbs.arizona.edu/,"P2 relevant buried, target absent",yes,yes
"philosophy, politics and economics",exact,https://www.arizona.edu/degree-search,1,HUB,Rule 1 — generic → DS home (no family),metadata,absent,https://eller.arizona.edu/,"P2 relevant buried, target absent",yes,
"philosophy, politics and economics law",exact,https://www.arizona.edu/degree-search,1,HUB,Rule 1 — generic → DS home (no family),metadata,absent,https://eller.arizona.edu/,"P2 relevant buried, target absent",yes,yes
physics,exact,https://www.arizona.edu/degree-search/majors/physics,1,BASE,Rule 2 — family multi-promote,metadata,absent,https://science.arizona.edu/,P1 all results off-topic,yes,
physics,exact,https://www.arizona.edu/degree-search/majors/physics-bs,2,UG,Rule 2 — family multi-promote,metadata,absent,https://science.arizona.edu/,P1 all results off-topic,yes,
physics,exact,https://www.arizona.edu/degree-search/majors/physics-dp,3,PHD,Rule 2 — family multi-promote,metadata,absent,https://science.arizona.edu/,P1 all results off-topic,yes,
physics bs,exact,https://www.arizona.edu/degree-search/majors/physics-bs,1,UG,Rule 2 — specific entity (kept),metadata,absent,https://science.arizona.edu/,P1 all results off-topic,yes,yes
physics phd,exact,https://www.arizona.edu/degree-search/majors/physics-dp,1,PHD,Rule 2 — specific entity (kept),metadata,absent,https://science.arizona.edu/,P1 all results off-topic,yes,yes
physiological sciences,exact,https://www.arizona.edu/degree-search/majors/physiological-sciences-ms,1,GRAD,Rule 2 — family multi-promote,metadata,absent,https://physiological-sciences.arizona.edu/node/39,"P2 relevant buried, target absent",yes,
physiological sciences,exact,https://www.arizona.edu/degree-search/majors/physiological-sciences-dp,2,PHD,Rule 2 — family multi-promote,metadata,absent,https://physiological-sciences.arizona.edu/node/39,"P2 relevant buried, target absent",yes,
physiological sciences phd,exact,https://www.arizona.edu/degree-search/majors/physiological-sciences-dp,1,PHD,Rule 2 — specific entity (kept),metadata,absent,https://physiological-sciences.arizona.edu/node/39,"P2 relevant buried, target absent",yes,yes
physiology and medical sciences medical sciences,exact,https://www.arizona.edu/degree-search/majors/physiology-and-medical-sciences-medical-sciences-emphasis,1,BASE,Rule 2 — specific entity (kept),metadata,2,https://physiology.arizona.edu/news/2021/why-physiology-and-medical-sciences,"P2 target present, buried",yes,
physiology and medical sciences physiological research and innovation,exact,https://www.arizona.edu/degree-search/majors/physiology-and-medical-sciences-physiological-research-and-innovation-emphasis,1,BASE,Rule 2 — specific entity (kept),metadata,1,https://www.arizona.edu/degree-search/majors/physiology-and-medical-sciences-physiological-research-and-innovation-emphasis,P0 already #1,no (already #1),
physiology and medical sciences physiology,exact,https://www.arizona.edu/degree-search/majors/physiology-and-medical-sciences-physiology-emphasis,1,BASE,Rule 2 — specific entity (kept),metadata,2,https://physiology.arizona.edu/news/2021/why-physiology-and-medical-sciences,"P2 target present, buried",yes,
piano,exact,https://www.arizona.edu/degree-search/majors/performance-piano-emphasis,1,BASE,Rule 2 — specific entity (kept),metadata,7,https://wowlit.org/catalog/9781580891912,"P2 target present, buried",yes,
planetary geology degree,exact,https://www.arizona.edu/degree-search/majors/planetary-geoscience,1,BASE,REVIEW: base-page mapping (verify generic vs keep),ahrefs,absent,https://www.arizona.edu/degree-search,"P2 relevant buried, target absent",yes,
planetary sciences,exact,https://www.arizona.edu/degree-search,1,HUB,Rule 1 — generic → DS home (no family),metadata,absent,https://www.lpl.arizona.edu/graduate/policies/ms-degree-requirements,"P2 relevant buried, target absent",yes,
plant pathology,exact,https://www.arizona.edu/degree-search/majors/plant-pathology-ms,1,GRAD,Rule 2 — family multi-promote,metadata,4,https://spls.arizona.edu/research/plant-protection-pathology,"P2 target present, buried",yes,
plant pathology,exact,https://www.arizona.edu/degree-search/majors/plant-pathology-dp,2,PHD,Rule 2 — family multi-promote,metadata,4,https://spls.arizona.edu/research/plant-protection-pathology,"P2 target present, buried",yes,
plant science,exact,https://www.arizona.edu/degree-search/majors/plant-sciences,1,BASE,Rule 2 — family multi-promote,metadata,absent,https://science.arizona.edu/,"P2 relevant buried, target absent",yes,
plant science,exact,https://www.arizona.edu/degree-search/majors/plant-science-ms,2,GRAD,Rule 2 — family multi-promote,metadata,absent,https://science.arizona.edu/,"P2 relevant buried, target absent",yes,
plant science,exact,https://www.arizona.edu/degree-search/majors/plant-science-dp,3,PHD,Rule 2 — family multi-promote,metadata,absent,https://science.arizona.edu/,"P2 relevant buried, target absent",yes,
plant science ph.d.,exact,https://www.arizona.edu/degree-search/majors/plant-pathology-dp,1,PHD,Rule 2 — specific entity (kept),metadata,absent,https://science.arizona.edu/,"P2 relevant buried, target absent",yes,
plant sciences plant health sciences,exact,https://www.arizona.edu/degree-search/majors/plant-sciences-plant-health-sciences-emphasis,1,BASE,Rule 2 — specific entity (kept),metadata,absent,,P1 no results,yes,
political science comparative politics,exact,https://www.arizona.edu/degree-search/majors/political-science-comparative-politics-emphasis,1,BASE,Rule 2 — specific entity (kept),metadata,absent,https://science.arizona.edu/,"P2 relevant buried, target absent",yes,
political science degree,exact,https://www.arizona.edu/degree-search,1,HUB,Rule 1 — generic → DS home (no family),ahrefs,absent,https://www.arizona.edu/degree-search,"P2 relevant buried, target absent",yes,
political science foreign affairs,exact,https://www.arizona.edu/degree-search/majors/political-science-foreign-affairs-emphasis,1,BASE,Rule 2 — specific entity (kept),metadata,absent,https://science.arizona.edu/,"P2 relevant buried, target absent",yes,
political science ideas and methods,exact,https://www.arizona.edu/degree-search/majors/political-science-ideas-and-methods-emphasis,1,BASE,Rule 2 — specific entity (kept),metadata,absent,https://science.arizona.edu/,"P2 relevant buried, target absent",yes,
political science international affairs,exact,https://www.arizona.edu/degree-search/majors/political-science-international-affairs-emphasis,1,BASE,Rule 2 — specific entity (kept),metadata,5,https://international.arizona.edu/study-abroad,"P2 target present, buried",yes,
political science international relations,exact,https://www.arizona.edu/degree-search/majors/political-science-international-relations-emphasis,1,BASE,Rule 2 — specific entity (kept),metadata,absent,https://international.arizona.edu/study-abroad,"P2 relevant buried, target absent",yes,
political science law and public policy,exact,https://www.arizona.edu/degree-search/majors/political-science-law-and-public-policy-emphasis,1,BASE,Rule 2 — specific entity (kept),metadata,4,https://law.arizona.edu/,"P2 target present, buried",yes,
political science university of arizona,exact,https://www.arizona.edu/degree-search,1,HUB,Rule 1 — generic → DS home (no family),ahrefs,10,https://science.arizona.edu/,"P2 target present, buried",yes,
pr university,exact,https://www.arizona.edu/degree-search/majors/public-relations,1,BASE,REVIEW: base-page mapping (verify generic vs keep),ahrefs,absent,https://www.arizona.edu/admissions,P1 all results off-topic,yes,
pre veterinary major,exact,https://www.arizona.edu/degree-search/majors/veterinary-science,1,BASE,REVIEW: base-page mapping (verify generic vs keep),ahrefs,absent,https://www.arizona.edu/degree-search,"P2 relevant buried, target absent",yes,
pre-psychological science,exact,https://www.arizona.edu/degree-search/majors/psychological-science,1,BASE,REVIEW: base-page mapping (verify generic vs keep),metadata,absent,https://science.arizona.edu/,"P2 relevant buried, target absent",yes,
precision nutrition and wellness,exact,https://www.arizona.edu/degree-search,1,HUB,Rule 1 — generic → DS home (no family),metadata,absent,https://health.arizona.edu/,"P2 relevant buried, target absent",yes,
professional and technical writing,exact,https://www.arizona.edu/degree-search,1,HUB,Rule 1 — generic → DS home (no family),ahrefs,12,https://english.arizona.edu/degree-requirements-professional-and-technical-writing,"P2 target present, buried",yes,
professional geographic information systems technology,exact,https://www.arizona.edu/degree-search,1,HUB,Rule 1 — generic → DS home (no family),metadata,12,https://it.arizona.edu/,"P2 target present, buried",yes,
psych doctorate,exact,https://www.arizona.edu/degree-search/majors/psychology-dp,1,PHD,Rule 2 — specific entity (kept),ahrefs,absent,https://caps.arizona.edu/cdip,"P2 relevant buried, target absent",yes,
psychology,exact,https://www.arizona.edu/degree-search/majors/psychology,1,BASE,Rule 2 — family multi-promote,metadata,absent,https://science.arizona.edu/,P1 all results off-topic,yes,
psychology,exact,https://www.arizona.edu/degree-search/majors/psychology-ba,2,UG,Rule 2 — family multi-promote,metadata,absent,https://science.arizona.edu/,P1 all results off-topic,yes,
psychology,exact,https://www.arizona.edu/degree-search/majors/psychology-dp,3,PHD,Rule 2 — family multi-promote,metadata,absent,https://science.arizona.edu/,P1 all results off-topic,yes,
psychology major university of arizona,exact,https://www.arizona.edu/degree-search/majors/psychology,1,BASE,Rule 2 — family multi-promote,ahrefs,absent,https://www.arizona.edu/degree-search,P1 all results off-topic,yes,
psychology major university of arizona,exact,https://www.arizona.edu/degree-search/majors/psychology-ba,2,UG,Rule 2 — family multi-promote,ahrefs,absent,https://www.arizona.edu/degree-search,P1 all results off-topic,yes,
psychology major university of arizona,exact,https://www.arizona.edu/degree-search/majors/psychology-dp,3,PHD,Rule 2 — family multi-promote,ahrefs,absent,https://www.arizona.edu/degree-search,P1 all results off-topic,yes,
public administration,exact,https://www.arizona.edu/degree-search,1,HUB,Rule 1 — generic → DS home (no family),metadata,1,https://www.arizona.edu/degree-search/majors/public-administration,P0 already #1,no (already #1),
public affairs environmental policy,exact,https://www.arizona.edu/degree-search/majors/public-affairs-environmental-policy-emphasis,1,BASE,Rule 2 — specific entity (kept),metadata,3,https://sgpp.arizona.edu/bs-public-management-policy/requirements,"P2 target present, buried",yes,
public affairs public administration and management,exact,https://www.arizona.edu/degree-search/majors/public-affairs-public-administration-and-management-emphasis,1,BASE,Rule 2 — specific entity (kept),metadata,absent,https://eller.arizona.edu/,"P2 relevant buried, target absent",yes,
public affairs public policy,exact,https://www.arizona.edu/degree-search/majors/public-affairs-public-policy-emphasis,1,BASE,Rule 2 — specific entity (kept),metadata,8,https://sgpp.arizona.edu/bs-public-management-policy/requirements,"P2 target present, buried",yes,
public health,exact,https://www.arizona.edu/degree-search/majors/public-health-mph,1,GRAD,Rule 2 — family multi-promote,metadata,absent,https://health.arizona.edu/,"P2 relevant buried, target absent",yes,
public health,exact,https://www.arizona.edu/degree-search/majors/public-health-gc,2,CERT,Rule 2 — family multi-promote,metadata,absent,https://health.arizona.edu/,"P2 relevant buried, target absent",yes,
public health,exact,https://www.arizona.edu/degree-search/majors/public-health-dph,3,PHD,Rule 2 — family multi-promote,metadata,absent,https://health.arizona.edu/,"P2 relevant buried, target absent",yes,
public health analyst,exact,https://www.arizona.edu/degree-search/majors/public-health-quantitative-methods-in-public-health-emphasis,1,BASE,Rule 2 — specific entity (kept),metadata,absent,https://health.arizona.edu/,"P2 relevant buried, target absent",yes,
public health class requirements,exact,https://www.arizona.edu/degree-search/majors/public-health-public-health-practice-emphasis,1,BASE,Rule 2 — specific entity (kept),ahrefs,absent,https://health.arizona.edu/,"P2 relevant buried, target absent",yes,
public health emergency and epidemic preparedness,exact,https://www.arizona.edu/degree-search,1,HUB,Rule 1 — generic → DS home (no family),metadata,absent,https://uapd.arizona.edu/,"P2 relevant buried, target absent",yes,
public health graduate certificate,exact,https://www.arizona.edu/degree-search/majors/public-health-gc,1,CERT,Rule 2 — specific entity (kept),metadata,absent,https://health.arizona.edu/,"P2 relevant buried, target absent",yes,yes
public health one health,exact,https://www.arizona.edu/degree-search/majors/public-health-one-health-emphasis,1,BASE,Rule 2 — specific entity (kept),metadata,absent,https://health.arizona.edu/,"P2 relevant buried, target absent",yes,
public health university of arizona,exact,https://www.arizona.edu/degree-search/majors/public-health-mph,1,GRAD,Rule 2 — family multi-promote,ahrefs,absent,https://health.arizona.edu/,"P2 relevant buried, target absent",yes,
public health university of arizona,exact,https://www.arizona.edu/degree-search/majors/public-health-gc,2,CERT,Rule 2 — family multi-promote,ahrefs,absent,https://health.arizona.edu/,"P2 relevant buried, target absent",yes,
public health university of arizona,exact,https://www.arizona.edu/degree-search/majors/public-health-dph,3,PHD,Rule 2 — family multi-promote,ahrefs,absent,https://health.arizona.edu/,"P2 relevant buried, target absent",yes,
public management and policy environmental policy,exact,https://www.arizona.edu/degree-search/majors/public-management-and-policy-environmental-policy-emphasis,1,BASE,Rule 2 — specific entity (kept),metadata,absent,https://eller.arizona.edu/,"P2 relevant buried, target absent",yes,
public management and policy public administration and management,exact,https://www.arizona.edu/degree-search/majors/public-management-and-policy-public-administration-and-management-emphasis,1,BASE,Rule 2 — specific entity (kept),metadata,absent,https://eller.arizona.edu/,"P2 relevant buried, target absent",yes,
public management and policy public policy,exact,https://www.arizona.edu/degree-search/majors/public-management-and-policy-public-policy-emphasis,1,BASE,Rule 2 — specific entity (kept),metadata,absent,https://eller.arizona.edu/,"P2 relevant buried, target absent",yes,
public policy,exact,https://www.arizona.edu/degree-search,1,HUB,Rule 1 — generic → DS home (no family),metadata,20,https://sgpp.arizona.edu/bs-public-management-policy/requirements,"P2 target present, buried",yes,
public relations degrees,exact,https://www.arizona.edu/degree-search,1,HUB,Rule 1 — generic → DS home (no family),ahrefs,absent,https://english.arizona.edu/declare,"P2 relevant buried, target absent",yes,
quality & reliability engineering,exact,https://www.arizona.edu/degree-search,1,HUB,Rule 1 — generic → DS home (no family),metadata,2,https://engineering.arizona.edu/index,"P2 target present, buried",yes,
rangeland management,exact,https://www.arizona.edu/degree-search/majors/natural-resources-ecology-management-and-restoration-of-rangelands-emphasis,1,BASE,Rule 2 — specific entity (kept),ahrefs,absent,https://eller.arizona.edu/,"P2 relevant buried, target absent",yes,
real estate development analysis graduate,exact,https://www.arizona.edu/degree-search/majors/real-estate-development-analysis,1,BASE,Rule 2 — REVIEW: specific term on base page,metadata,2,https://www.arizona.edu/degree-search/majors/real-estate-development,"P2 target present, buried",yes,
real estate development finance graduate,exact,https://www.arizona.edu/degree-search/majors/real-estate-development-finance,1,BASE,Rule 2 — REVIEW: specific term on base page,metadata,absent,https://eller.arizona.edu/,"P2 relevant buried, target absent",yes,
real estate development practice graduate,exact,https://www.arizona.edu/degree-search/majors/real-estate-development-practice,1,BASE,Rule 2 — REVIEW: specific term on base page,metadata,2,https://www.arizona.edu/degree-search/majors/real-estate-development,"P2 target present, buried",yes,
real estate valuation,exact,https://www.arizona.edu/degree-search,1,HUB,Rule 1 — generic → DS home (no family),metadata,2,https://eller.arizona.edu/programs/non-degree/certificates/realestate,"P2 target present, buried",yes,
regulatory science,exact,https://www.arizona.edu/degree-search,1,HUB,Rule 1 — generic → DS home (no family),metadata,11,https://science.arizona.edu/,"P2 target present, buried",yes,
rehabilitation major,exact,https://www.arizona.edu/degree-search,1,HUB,Rule 1 — generic → DS home (no family),ahrefs,18,https://www.arizona.edu/degree-search,"P2 target present, buried",yes,
rehabilitation studies,exact,https://www.arizona.edu/degree-search,1,HUB,Rule 1 — generic → DS home (no family),ahrefs,3,https://education.arizona.edu/majors/rehabilitation-studies-services-bse,"P2 target present, buried",yes,
religious studies for health professionals,exact,https://www.arizona.edu/degree-search,1,HUB,Rule 1 — generic → DS home (no family),metadata,3,https://health.arizona.edu/,"P2 target present, buried",yes,
religious studies university of arizona,exact,https://www.arizona.edu/degree-search,1,HUB,Rule 1 — generic → DS home (no family),ahrefs,3,https://www.arizona.edu/admissions,"P2 target present, buried",yes,
resilience practice,exact,https://www.arizona.edu/degree-search,1,HUB,Rule 1 — generic → DS home (no family),metadata,15,https://air.arizona.edu/events/info-session-ms-resilience-practice,"P2 target present, buried",yes,
retailing and consumer science,exact,https://www.arizona.edu/degree-search,1,HUB,Rule 1 — generic → DS home (no family),ahrefs,2,https://science.arizona.edu/,"P2 target present, buried",yes,
"rhetoric, composition and the teaching of english",exact,https://www.arizona.edu/degree-search/majors/rhetoric-composition-and-teaching-of-english-ma,1,GRAD,Rule 2 — family multi-promote,metadata,absent,https://sbs.arizona.edu/,"P2 relevant buried, target absent",yes,
"rhetoric, composition and the teaching of english",exact,https://www.arizona.edu/degree-search/majors/rhetoric-composition-and-teaching-of-english-dp,2,PHD,Rule 2 — family multi-promote,metadata,absent,https://sbs.arizona.edu/,"P2 relevant buried, target absent",yes,
"rhetoric, composition and the teaching of english phd",exact,https://www.arizona.edu/degree-search/majors/rhetoric-composition-and-teaching-of-english-dp,1,PHD,Rule 2 — specific entity (kept),metadata,15,https://sbs.arizona.edu/,"P2 target present, buried",yes,yes
rock engineering certificate,exact,https://www.arizona.edu/degree-search/majors/rock-mechanics,1,BASE,Rule 2 — REVIEW: specific term on base page,ahrefs,absent,https://www.arizona.edu/degree-search,"P2 relevant buried, target absent",yes,
russian degree,exact,https://www.arizona.edu/degree-search,1,HUB,Rule 1 — generic → DS home (no family),ahrefs,absent,https://www.arizona.edu/degree-search,"P2 relevant buried, target absent",yes,
russian studies culture intensive,exact,https://www.arizona.edu/degree-search/majors/russian-culture-focused-emphasis,1,BASE,Rule 2 — specific entity (kept),metadata,absent,https://humanities.arizona.edu/,"P2 relevant buried, target absent",yes,
saxophone performance,exact,https://www.arizona.edu/degree-search/majors/performance-saxophone-emphasis,1,BASE,Rule 2 — specific entity (kept),metadata,1,https://www.arizona.edu/degree-search/majors/performance-saxophone-emphasis,P0 already #1,no (already #1),
school psychology,exact,https://www.arizona.edu/degree-search/majors/school-psychology-es,1,GRAD,Rule 2 — family multi-promote,metadata,absent,https://science.arizona.edu/,P1 all results off-topic,yes,
school psychology,exact,https://www.arizona.edu/degree-search/majors/school-psychology-dp,2,PHD,Rule 2 — family multi-promote,metadata,absent,https://science.arizona.edu/,P1 all results off-topic,yes,
school psychology education specialist,exact,https://www.arizona.edu/degree-search/majors/school-psychology-es,1,GRAD,Rule 2 — specific entity (kept),metadata,absent,https://science.arizona.edu/,P1 all results off-topic,yes,yes
science communication,exact,https://www.arizona.edu/degree-search,1,HUB,Rule 1 — generic → DS home (no family),metadata,absent,https://sbs.arizona.edu/,"P2 relevant buried, target absent",yes,
science degree university,exact,https://www.arizona.edu/degree-search/majors/science-ba,1,UG,Rule 2 — family multi-promote,ahrefs,absent,https://www.arizona.edu/degree-search,"P2 relevant buried, target absent",yes,
science degree university,exact,https://www.arizona.edu/degree-search/majors/science-bs,2,UG,Rule 2 — family multi-promote,ahrefs,absent,https://www.arizona.edu/degree-search,"P2 relevant buried, target absent",yes,
science fashion,exact,https://www.arizona.edu/degree-search,1,HUB,Rule 1 — generic → DS home (no family),ahrefs,6,https://science.arizona.edu/,"P2 target present, buried",yes,
science law,exact,https://www.arizona.edu/degree-search,1,HUB,Rule 1 — generic → DS home (no family),metadata,absent,https://law.arizona.edu/,"P2 relevant buried, target absent",yes,
second language acquisition and teaching,exact,https://www.arizona.edu/degree-search,1,HUB,Rule 1 — generic → DS home (no family),metadata,3,https://education.arizona.edu/,"P2 target present, buried",yes,
secondary education,exact,https://www.arizona.edu/degree-search,1,HUB,Rule 1 — generic → DS home (no family),metadata,absent,https://education.arizona.edu/,"P2 relevant buried, target absent",yes,
semiconductor processing,exact,https://www.arizona.edu/degree-search,1,HUB,Rule 1 — generic → DS home (no family),metadata,3,https://online.arizona.edu/programs/graduate-certificate/online-graduate-certificate-semiconductor-processing-gcert,"P2 target present, buried",yes,
"social, cultural and critical theory",exact,https://www.arizona.edu/degree-search,1,HUB,Rule 1 — generic → DS home (no family),metadata,2,https://gidp.arizona.edu/academic-programs/social-cultural-and-critical-theory,"P2 target present, buried",yes,
sociology,exact,https://www.arizona.edu/degree-search/majors/sociology,1,BASE,Rule 2 — family multi-promote,metadata,absent,https://sbs.arizona.edu/,"P2 relevant buried, target absent",yes,
sociology,exact,https://www.arizona.edu/degree-search/majors/sociology-ba,2,UG,Rule 2 — family multi-promote,metadata,absent,https://sbs.arizona.edu/,"P2 relevant buried, target absent",yes,
sociology,exact,https://www.arizona.edu/degree-search/majors/sociology-dp,3,PHD,Rule 2 — family multi-promote,metadata,absent,https://sbs.arizona.edu/,"P2 relevant buried, target absent",yes,
sociology phd,exact,https://www.arizona.edu/degree-search/majors/sociology-dp,1,PHD,Rule 2 — specific entity (kept),metadata,absent,https://sbs.arizona.edu/,"P2 relevant buried, target absent",yes,yes
socioology,exact,https://www.arizona.edu/degree-search/majors/sociology-ba,1,UG,Rule 2 — specific entity (kept),ahrefs,absent,https://sociology.arizona.edu/ba-sociology/requirements,P1 all results off-topic,yes,
software engineering,exact,https://www.arizona.edu/degree-search/majors/software-engineering,1,BASE,Rule 2 — family multi-promote,metadata,absent,https://engineering.arizona.edu/index,"P2 relevant buried, target absent",yes,
software engineering,exact,https://www.arizona.edu/degree-search/majors/software-engineering-bsse,2,UG,Rule 2 — family multi-promote,metadata,absent,https://engineering.arizona.edu/index,"P2 relevant buried, target absent",yes,
software engineering,exact,https://www.arizona.edu/degree-search/majors/software-engineering-ms,3,GRAD,Rule 2 — family multi-promote,metadata,absent,https://engineering.arizona.edu/index,"P2 relevant buried, target absent",yes,
software engineering ms,exact,https://www.arizona.edu/degree-search/majors/software-engineering-ms,1,GRAD,Rule 2 — specific entity (kept),metadata,absent,https://engineering.arizona.edu/index,"P2 relevant buried, target absent",yes,yes
software engineering university of arizona,exact,https://www.arizona.edu/degree-search/majors/software-engineering,1,BASE,Rule 2 — family multi-promote,ahrefs,absent,https://engineering.arizona.edu/index,"P2 relevant buried, target absent",yes,
software engineering university of arizona,exact,https://www.arizona.edu/degree-search/majors/software-engineering-bsse,2,UG,Rule 2 — family multi-promote,ahrefs,absent,https://engineering.arizona.edu/index,"P2 relevant buried, target absent",yes,
software engineering university of arizona,exact,https://www.arizona.edu/degree-search/majors/software-engineering-ms,3,GRAD,Rule 2 — family multi-promote,ahrefs,absent,https://engineering.arizona.edu/index,"P2 relevant buried, target absent",yes,
spanish,exact,https://www.arizona.edu/degree-search/majors/spanish,1,BASE,Rule 2 — family multi-promote,metadata,absent,https://humanities.arizona.edu/,P1 all results off-topic,yes,
spanish,exact,https://www.arizona.edu/degree-search/majors/spanish-ba,2,UG,Rule 2 — family multi-promote,metadata,absent,https://humanities.arizona.edu/,P1 all results off-topic,yes,
spanish,exact,https://www.arizona.edu/degree-search/majors/spanish-ma,3,GRAD,Rule 2 — family multi-promote,metadata,absent,https://humanities.arizona.edu/,P1 all results off-topic,yes,
spanish,exact,https://www.arizona.edu/degree-search/majors/spanish-dp,4,PHD,Rule 2 — family multi-promote,metadata,absent,https://humanities.arizona.edu/,P1 all results off-topic,yes,
spanish and portuguese,exact,https://www.arizona.edu/degree-search/majors/spanish-spanish-and-portuguese-emphasis,1,BASE,Rule 2 — specific entity (kept),metadata,absent,https://humanities.arizona.edu/,"P2 relevant buried, target absent",yes,
spanish ba,exact,https://www.arizona.edu/degree-search/majors/spanish-ba,1,UG,Rule 2 — specific entity (kept),metadata,absent,https://humanities.arizona.edu/,P1 all results off-topic,yes,yes
spanish hispanic linguistics,exact,https://www.arizona.edu/degree-search/majors/spanish-hispanic-linguistics-emphasis,1,BASE,Rule 2 — specific entity (kept),metadata,absent,https://sbs.arizona.edu/,"P2 relevant buried, target absent",yes,
spanish literature,exact,https://www.arizona.edu/degree-search/majors/spanish-hispanic-literature-emphasis,1,BASE,Rule 2 — specific entity (kept),metadata,absent,https://humanities.arizona.edu/,"P2 relevant buried, target absent",yes,
spanish ma,exact,https://www.arizona.edu/degree-search/majors/spanish-ma,1,GRAD,Rule 2 — specific entity (kept),metadata,absent,https://humanities.arizona.edu/,P1 all results off-topic,yes,yes
spanish � hispanic linguistics,exact,https://www.arizona.edu/degree-search/majors/spanish-dp,1,PHD,Rule 2 — specific entity (kept),metadata,absent,https://sbs.arizona.edu/,"P2 relevant buried, target absent",yes,
special education,exact,https://www.arizona.edu/degree-search/majors/special-education-ma,1,GRAD,Rule 2 — family multi-promote,metadata,absent,https://education.arizona.edu/,"P2 relevant buried, target absent",yes,
special education,exact,https://www.arizona.edu/degree-search/majors/special-education-dp,2,PHD,Rule 2 — family multi-promote,metadata,absent,https://education.arizona.edu/,"P2 relevant buried, target absent",yes,
special education phd,exact,https://www.arizona.edu/degree-search/majors/special-education-dp,1,PHD,Rule 2 — specific entity (kept),metadata,absent,https://education.arizona.edu/,"P2 relevant buried, target absent",yes,yes
speech language and hearing sciences,exact,https://www.arizona.edu/degree-search/majors/speech-language-and-hearing-sciences,1,BASE,Rule 2 — family multi-promote,metadata,absent,https://science.arizona.edu/,"P2 relevant buried, target absent",yes,
speech language and hearing sciences,exact,https://www.arizona.edu/degree-search/majors/speech-language-and-hearing-sciences-bs,2,UG,Rule 2 — family multi-promote,metadata,absent,https://science.arizona.edu/,"P2 relevant buried, target absent",yes,
speech language and hearing sciences,exact,https://www.arizona.edu/degree-search/majors/speech-language-and-hearing-sciences-ms,3,GRAD,Rule 2 — family multi-promote,metadata,absent,https://science.arizona.edu/,"P2 relevant buried, target absent",yes,
speech language and hearing sciences,exact,https://www.arizona.edu/degree-search/majors/speech-language-and-hearing-sciences-dp,4,PHD,Rule 2 — family multi-promote,metadata,absent,https://science.arizona.edu/,"P2 relevant buried, target absent",yes,
"speech, language and hearing sciences",exact,https://www.arizona.edu/degree-search/majors/speech-language-and-hearing-sciences,1,BASE,Rule 2 — family multi-promote,metadata,absent,https://slhs.arizona.edu/clinic/ua-speech-language-hearing-clinic,"P2 relevant buried, target absent",yes,
"speech, language and hearing sciences",exact,https://www.arizona.edu/degree-search/majors/speech-language-and-hearing-sciences-bs,2,UG,Rule 2 — family multi-promote,metadata,absent,https://slhs.arizona.edu/clinic/ua-speech-language-hearing-clinic,"P2 relevant buried, target absent",yes,
"speech, language and hearing sciences",exact,https://www.arizona.edu/degree-search/majors/speech-language-and-hearing-sciences-ms,3,GRAD,Rule 2 — family multi-promote,metadata,absent,https://slhs.arizona.edu/clinic/ua-speech-language-hearing-clinic,"P2 relevant buried, target absent",yes,
"speech, language and hearing sciences",exact,https://www.arizona.edu/degree-search/majors/speech-language-and-hearing-sciences-dp,4,PHD,Rule 2 — family multi-promote,metadata,absent,https://slhs.arizona.edu/clinic/ua-speech-language-hearing-clinic,"P2 relevant buried, target absent",yes,
"speech, language and hearing sciences phd",exact,https://www.arizona.edu/degree-search/majors/speech-language-and-hearing-sciences-dp,1,PHD,Rule 2 — specific entity (kept),metadata,absent,https://slhs.arizona.edu/clinic/ua-speech-language-hearing-clinic,"P2 relevant buried, target absent",yes,yes
sport and recreation leadership,exact,https://www.arizona.edu/degree-search,1,HUB,Rule 1 — generic → DS home (no family),metadata,10,https://rec.arizona.edu/,"P2 target present, buried",yes,
sport and recreation management,exact,https://www.arizona.edu/degree-search,1,HUB,Rule 1 — generic → DS home (no family),metadata,absent,https://eller.arizona.edu/,"P2 relevant buried, target absent",yes,
stage and screen studies,exact,https://www.arizona.edu/degree-search,1,HUB,Rule 1 — generic → DS home (no family),metadata,1,https://www.arizona.edu/degree-search/majors/stage-and-screen-studies,P0 already #1,no (already #1),
statistics and data science,exact,https://www.arizona.edu/degree-search/majors/statistics-and-data-science-ba,1,UG,Rule 2 — family multi-promote,metadata,absent,https://infosci.arizona.edu/,"P2 relevant buried, target absent",yes,
statistics and data science,exact,https://www.arizona.edu/degree-search/majors/statistics-and-data-science-bs,2,UG,Rule 2 — family multi-promote,metadata,absent,https://infosci.arizona.edu/,"P2 relevant buried, target absent",yes,
statistics and data science,exact,https://www.arizona.edu/degree-search/majors/statistics-and-data-science-ms,3,GRAD,Rule 2 — family multi-promote,metadata,absent,https://infosci.arizona.edu/,"P2 relevant buried, target absent",yes,
statistics and data science,exact,https://www.arizona.edu/degree-search/majors/statistics-and-data-science-gc,4,CERT,Rule 2 — family multi-promote,metadata,absent,https://infosci.arizona.edu/,"P2 relevant buried, target absent",yes,
statistics and data science,exact,https://www.arizona.edu/degree-search/majors/statistics-and-data-science-dp,5,PHD,Rule 2 — family multi-promote,metadata,absent,https://infosci.arizona.edu/,"P2 relevant buried, target absent",yes,
statistics and data science graduate certificate,exact,https://www.arizona.edu/degree-search/majors/statistics-and-data-science-gc,1,CERT,Rule 2 — specific entity (kept),metadata,absent,https://infosci.arizona.edu/,"P2 relevant buried, target absent",yes,yes
statistics and data science ms,exact,https://www.arizona.edu/degree-search/majors/statistics-and-data-science-ms,1,GRAD,Rule 2 — specific entity (kept),metadata,absent,https://infosci.arizona.edu/,"P2 relevant buried, target absent",yes,yes
statistics and data science phd,exact,https://www.arizona.edu/degree-search/majors/statistics-and-data-science-dp,1,PHD,Rule 2 — specific entity (kept),metadata,absent,https://infosci.arizona.edu/,"P2 relevant buried, target absent",yes,yes
string bass performance,exact,https://www.arizona.edu/degree-search/majors/performance-string-bass-emphasis,1,BASE,Rule 2 — specific entity (kept),metadata,1,https://www.arizona.edu/degree-search/majors/performance-string-bass-emphasis,P0 already #1,no (already #1),
studies of global media,exact,https://www.arizona.edu/degree-search/majors/studies-of-global-media,1,BASE,Rule 2 — family multi-promote,metadata,absent,https://international.arizona.edu/study-abroad,"P2 relevant buried, target absent",yes,
studies of global media,exact,https://www.arizona.edu/degree-search/majors/studies-of-global-media-ba,2,UG,Rule 2 — family multi-promote,metadata,absent,https://international.arizona.edu/study-abroad,"P2 relevant buried, target absent",yes,
studies of global media,exact,https://www.arizona.edu/degree-search/majors/studies-of-global-media-ma,3,GRAD,Rule 2 — family multi-promote,metadata,absent,https://international.arizona.edu/study-abroad,"P2 relevant buried, target absent",yes,
studies of global media ba,exact,https://www.arizona.edu/degree-search/majors/studies-of-global-media-ba,1,UG,Rule 2 — specific entity (kept),metadata,absent,https://international.arizona.edu/study-abroad,"P2 relevant buried, target absent",yes,yes
studies of global media ma,exact,https://www.arizona.edu/degree-search/majors/studies-of-global-media-ma,1,GRAD,Rule 2 — specific entity (kept),metadata,absent,https://international.arizona.edu/study-abroad,"P2 relevant buried, target absent",yes,yes
studio art 2d,exact,https://www.arizona.edu/degree-search/majors/studio-art-two-dimensional-emphasis,1,BASE,Rule 2 — specific entity (kept),ahrefs,20,https://cfa.arizona.edu/,"P2 target present, buried",yes,
studio arts degree,exact,https://www.arizona.edu/degree-search,1,HUB,Rule 1 — generic → DS home (no family),ahrefs,2,https://www.arizona.edu/degree-search,"P2 target present, buried",yes,
studio illustration,exact,https://www.arizona.edu/degree-search/majors/studio-art-illustration-design-and-animation-emphasis,1,BASE,Rule 2 — specific entity (kept),ahrefs,3,https://education.arizona.edu/calendar/illustrator-studio-oil-painting-demonstration,"P2 target present, buried",yes,
sustainability community development degree,exact,https://www.arizona.edu/degree-search/majors/sustainable-built-environments-sustainable-communities-emphasis,1,BASE,Rule 2 — specific entity (kept),ahrefs,absent,https://www.arizona.edu/degree-search,"P2 relevant buried, target absent",yes,
sustainable built environment,exact,https://www.arizona.edu/degree-search,1,HUB,Rule 1 — generic → DS home (no family),ahrefs,10,https://environment.arizona.edu/major/sustainable-built-environments,"P2 target present, buried",yes,
sustainable built environments,exact,https://www.arizona.edu/degree-search,1,HUB,Rule 1 — generic → DS home (no family),ahrefs,10,https://environment.arizona.edu/major/sustainable-built-environments,"P2 target present, buried",yes,
sustainable built environments sustainable landscapes,exact,https://www.arizona.edu/degree-search/majors/sustainable-built-environments-sustainable-landscapes-emphasis,1,BASE,Rule 2 — specific entity (kept),metadata,1,https://www.arizona.edu/degree-search/majors/sustainable-built-environments-sustainable-landscapes-emphasis,P0 already #1,no (already #1),
sustainable design and construction,exact,https://www.arizona.edu/degree-search/majors/sustainable-built-environments-sustainable-buildings-emphasis,1,BASE,Rule 2 — specific entity (kept),ahrefs,absent,https://sustainability.arizona.edu/projects/sustainability-climate-action-plan/initiatives/create-dedicated-sustainable-design,"P2 relevant buried, target absent",yes,
sustainable horticulture degree,exact,https://www.arizona.edu/degree-search/majors/sustainable-plant-systems-urban-horticulture-emphasis,1,BASE,Rule 2 — specific entity (kept),ahrefs,3,https://www.arizona.edu/degree-search,"P2 target present, buried",yes,
sustainable plant systems agronomy,exact,https://www.arizona.edu/degree-search,1,HUB,Rule 1 — generic → DS home (no family),metadata,absent,https://www.arizona.edu/degree-search/majors/sustainable-plant-systems-agronomy-and-horticulture-emphasis,"P2 relevant buried, target absent",yes,
sustainable plant systems agronomy and horticulture,exact,https://www.arizona.edu/degree-search/majors/sustainable-plant-systems-agronomy-and-horticulture-emphasis,1,BASE,Rule 2 — specific entity (kept),metadata,1,https://www.arizona.edu/degree-search/majors/sustainable-plant-systems-agronomy-and-horticulture-emphasis,P0 already #1,no (already #1),
sustainable plant systems fresh produce safety,exact,https://www.arizona.edu/degree-search,1,HUB,Rule 1 — generic → DS home (no family),metadata,3,https://online.arizona.edu/programs/undergraduate/online-bachelor-science-sustainable-plant-systems-fresh-produce-safety-bs,"P2 target present, buried",yes,
sustainable real estate development,exact,https://www.arizona.edu/degree-search/majors/sustainable-built-environments-sustainable-real-estate-development-emphasis,1,BASE,Rule 2 — specific entity (kept),ahrefs,2,https://www.arizona.edu/degree-search/majors/real-estate-development,"P2 target present, buried",yes,
systems & industrial engineering,exact,https://www.arizona.edu/degree-search,1,HUB,Rule 1 — generic → DS home (no family),metadata,absent,https://engineering.arizona.edu/index,"P2 relevant buried, target absent",yes,
systems engineer major,exact,https://www.arizona.edu/degree-search/majors/systems-engineering-bsse,1,UG,Rule 2 — specific entity (kept),ahrefs,absent,https://www.arizona.edu/degree-search,"P2 relevant buried, target absent",yes,
systems engineering,exact,https://www.arizona.edu/degree-search/majors/systems-engineering,1,BASE,Rule 2 — family multi-promote,metadata,absent,https://engineering.arizona.edu/index,"P2 relevant buried, target absent",yes,
systems engineering,exact,https://www.arizona.edu/degree-search/majors/systems-engineering-bsse,2,UG,Rule 2 — family multi-promote,metadata,absent,https://engineering.arizona.edu/index,"P2 relevant buried, target absent",yes,
systems engineering,exact,https://www.arizona.edu/degree-search/majors/systems-engineering-ms,3,GRAD,Rule 2 — family multi-promote,metadata,absent,https://engineering.arizona.edu/index,"P2 relevant buried, target absent",yes,
systems engineering,exact,https://www.arizona.edu/degree-search/majors/systems-engineering-gc,4,CERT,Rule 2 — family multi-promote,metadata,absent,https://engineering.arizona.edu/index,"P2 relevant buried, target absent",yes,
systems engineering graduate certificate,exact,https://www.arizona.edu/degree-search/majors/systems-engineering-gc,1,CERT,Rule 2 — specific entity (kept),metadata,absent,https://engineering.arizona.edu/index,"P2 relevant buried, target absent",yes,yes
systems engineering ms,exact,https://www.arizona.edu/degree-search/majors/systems-engineering-ms,1,GRAD,Rule 2 — specific entity (kept),metadata,absent,https://engineering.arizona.edu/index,"P2 relevant buried, target absent",yes,yes
teaching & learning,exact,https://www.arizona.edu/degree-search,1,HUB,Rule 1 — generic → DS home (no family),metadata,absent,https://education.arizona.edu/,"P2 relevant buried, target absent",yes,
teaching english as a second language,exact,https://www.arizona.edu/degree-search,1,HUB,Rule 1 — generic → DS home (no family),metadata,absent,https://sbs.arizona.edu/,"P2 relevant buried, target absent",yes,
teaching english as a second/foreign language,exact,https://www.arizona.edu/degree-search,1,HUB,Rule 1 — generic → DS home (no family),metadata,absent,https://sbs.arizona.edu/,"P2 relevant buried, target absent",yes,
teaching persian as a second language,exact,https://www.arizona.edu/degree-search,1,HUB,Rule 1 — generic → DS home (no family),metadata,3,https://education.arizona.edu/,"P2 target present, buried",yes,
"teaching, learning & sociocultural studies",exact,https://www.arizona.edu/degree-search,1,HUB,Rule 1 — generic → DS home (no family),metadata,8,https://education.arizona.edu/,"P2 target present, buried",yes,
technology in second language teaching,exact,https://www.arizona.edu/degree-search,1,HUB,Rule 1 — generic → DS home (no family),metadata,2,https://education.arizona.edu/,"P2 target present, buried",yes,
the university of arizona majors,exact,https://www.arizona.edu/degree-search/majors/science-bs,1,UG,Rule 2 — specific entity (kept),ahrefs,absent,https://www.arizona.edu/admissions,P1 all results off-topic,yes,
theatre arts,exact,https://www.arizona.edu/degree-search,1,HUB,Rule 1 — generic → DS home (no family),metadata,absent,https://cfa.arizona.edu/,"P2 relevant buried, target absent",yes,
theatre production design and technical production,exact,https://www.arizona.edu/degree-search/majors/theatre-production-design-and-technical-production-emphasis,1,BASE,Rule 2 — specific entity (kept),metadata,absent,https://cfa.arizona.edu/,"P2 relevant buried, target absent",yes,
theatre production professional actors training program,exact,https://www.arizona.edu/degree-search/majors/theatre-production-professional-actors-training-program-emphasis,1,BASE,Rule 2 — specific entity (kept),metadata,absent,https://www.arizona.edu/degree-search,"P2 relevant buried, target absent",yes,
topics in cognitive science,exact,https://www.arizona.edu/degree-search/majors/neuroscience-and-cognitive-science-language-and-communication-science-emphasis,1,BASE,Rule 2 — specific entity (kept),ahrefs,absent,https://science.arizona.edu/,"P2 relevant buried, target absent",yes,
topics of finance,exact,https://www.arizona.edu/degree-search,1,HUB,Rule 1 — generic → DS home (no family),metadata,absent,https://eller.arizona.edu/,"P2 relevant buried, target absent",yes,
transcultural german studies,exact,https://www.arizona.edu/degree-search,1,HUB,Rule 1 — generic → DS home (no family),metadata,10,https://humanities.arizona.edu/,"P2 target present, buried",yes,
transgender studies degree,exact,https://www.arizona.edu/degree-search/majors/gender-women-s-studies-queer-trans-and-sexuality-studies-emphasis,1,BASE,Rule 2 — specific entity (kept),ahrefs,absent,https://www.arizona.edu/degree-search,"P2 relevant buried, target absent",yes,
translate bachelor degree in spanish,exact,https://www.arizona.edu/degree-search/majors/spanish-translation-and-interpretation-emphasis,1,BASE,Rule 2 — specific entity (kept),ahrefs,absent,https://www.arizona.edu/degree-search,P1 all results off-topic,yes,
trombone performance,exact,https://www.arizona.edu/degree-search/majors/performance-trombone-emphasis,1,BASE,Rule 2 — specific entity (kept),metadata,1,https://www.arizona.edu/degree-search/majors/performance-trombone-emphasis,P0 already #1,no (already #1),
trumpet performance,exact,https://www.arizona.edu/degree-search/majors/performance-trumpet-emphasis,1,BASE,Rule 2 — specific entity (kept),metadata,1,https://www.arizona.edu/degree-search/majors/performance-trumpet-emphasis,P0 already #1,no (already #1),
tuba performance,exact,https://www.arizona.edu/degree-search/majors/performance-tuba-emphasis,1,BASE,Rule 2 — specific entity (kept),metadata,1,https://www.arizona.edu/degree-search/majors/performance-tuba-emphasis,P0 already #1,no (already #1),
tv degree,exact,https://www.arizona.edu/degree-search/majors/film-and-television-ba,1,UG,Rule 2 — specific entity (kept),ahrefs,absent,https://www.arizona.edu/degree-search,P1 all results off-topic,yes,
u of a accounting,exact,https://www.arizona.edu/degree-search/majors/accounting,1,BASE,Rule 2 — family multi-promote,ahrefs,absent,https://eller.arizona.edu/,"P2 relevant buried, target absent",yes,
u of a accounting,exact,https://www.arizona.edu/degree-search/majors/accounting-bsba,2,UG,Rule 2 — family multi-promote,ahrefs,absent,https://eller.arizona.edu/,"P2 relevant buried, target absent",yes,
u of a accounting,exact,https://www.arizona.edu/degree-search/majors/accounting-ma,3,GRAD,Rule 2 — family multi-promote,ahrefs,absent,https://eller.arizona.edu/,"P2 relevant buried, target absent",yes,
u of a accounting,exact,https://www.arizona.edu/degree-search/majors/accounting-ms,4,GRAD,Rule 2 — family multi-promote,ahrefs,absent,https://eller.arizona.edu/,"P2 relevant buried, target absent",yes,
u of a accounting,exact,https://www.arizona.edu/degree-search/majors/accounting-gc,5,CERT,Rule 2 — family multi-promote,ahrefs,absent,https://eller.arizona.edu/,"P2 relevant buried, target absent",yes,
u of a degrees,exact,https://www.arizona.edu/degree-search/majors/law,1,BASE,REVIEW: base-page mapping (verify generic vs keep),ahrefs,absent,https://english.arizona.edu/declare,P1 all results off-topic,yes,
u of a doctoral programs,exact,https://www.arizona.edu/degree-search/majors/higher-education-dp,1,PHD,Rule 2 — specific entity (kept),ahrefs,absent,https://vetmed.arizona.edu/academics/post-doctoral-programs,"P2 relevant buried, target absent",yes,
u of a psychology,exact,https://www.arizona.edu/degree-search/majors/psychology,1,BASE,Rule 2 — family multi-promote,ahrefs,absent,https://science.arizona.edu/,P1 all results off-topic,yes,
u of a psychology,exact,https://www.arizona.edu/degree-search/majors/psychology-ba,2,UG,Rule 2 — family multi-promote,ahrefs,absent,https://science.arizona.edu/,P1 all results off-topic,yes,
u of a psychology,exact,https://www.arizona.edu/degree-search/majors/psychology-dp,3,PHD,Rule 2 — family multi-promote,ahrefs,absent,https://science.arizona.edu/,P1 all results off-topic,yes,
u of a transfer credits,exact,https://www.arizona.edu/degree-search/transfer-credit,1,NAV,Unchanged — navigational/non-major,ahrefs,8,https://transfersupport.arizona.edu/transfer-credit,"P2 target present, buried",yes,
ua degree search,exact,https://www.arizona.edu/degree-search/majors/law,1,BASE,REVIEW: base-page mapping (verify generic vs keep),ahrefs,absent,https://www.arizona.edu/degree-search,"P2 relevant buried, target absent",yes,
university of arizona accounting,exact,https://www.arizona.edu/degree-search/majors/accounting,1,BASE,Rule 2 — family multi-promote,ahrefs,absent,https://eller.arizona.edu/,"P2 relevant buried, target absent",yes,
university of arizona accounting,exact,https://www.arizona.edu/degree-search/majors/accounting-bsba,2,UG,Rule 2 — family multi-promote,ahrefs,absent,https://eller.arizona.edu/,"P2 relevant buried, target absent",yes,
university of arizona accounting,exact,https://www.arizona.edu/degree-search/majors/accounting-ma,3,GRAD,Rule 2 — family multi-promote,ahrefs,absent,https://eller.arizona.edu/,"P2 relevant buried, target absent",yes,
university of arizona accounting,exact,https://www.arizona.edu/degree-search/majors/accounting-ms,4,GRAD,Rule 2 — family multi-promote,ahrefs,absent,https://eller.arizona.edu/,"P2 relevant buried, target absent",yes,
university of arizona accounting,exact,https://www.arizona.edu/degree-search/majors/accounting-gc,5,CERT,Rule 2 — family multi-promote,ahrefs,absent,https://eller.arizona.edu/,"P2 relevant buried, target absent",yes,
university of arizona africana studies,exact,https://www.arizona.edu/degree-search,1,HUB,Rule 1 — generic → DS home (no family),ahrefs,3,https://africana.arizona.edu/,"P2 target present, buried",yes,
university of arizona animation,exact,https://www.arizona.edu/degree-search/majors/studio-art-illustration-design-and-animation-emphasis,1,BASE,Rule 2 — specific entity (kept),ahrefs,absent,https://www.arizona.edu/admissions,P1 all results off-topic,yes,
university of arizona applied computing,exact,https://www.arizona.edu/degree-search/majors/applied-computing-software-development-emphasis,1,BASE,Rule 2 — specific entity (kept),ahrefs,11,https://www.arizona.edu/admissions,"P2 target present, buried",yes,
university of arizona applied computing devops emphasis,exact,https://www.arizona.edu/degree-search/majors/applied-computing-devops-emphasis,1,BASE,Rule 2 — specific entity (kept),ahrefs,8,https://www.arizona.edu/admissions,"P2 target present, buried",yes,yes
university of arizona applied computing emphasis,exact,https://www.arizona.edu/degree-search/majors/applied-computing-information-management-emphasis,1,BASE,Rule 2 — specific entity (kept),ahrefs,9,https://www.arizona.edu/admissions,"P2 target present, buried",yes,yes
university of arizona applied computing intelligence emphasis,exact,https://www.arizona.edu/degree-search/majors/applied-computing-applied-artificial-intelligence-emphasis,1,BASE,Rule 2 — specific entity (kept),ahrefs,7,https://www.arizona.edu/admissions,"P2 target present, buried",yes,yes
university of arizona architecture,exact,https://www.arizona.edu/degree-search/majors/architecture,1,BASE,Rule 2 — family multi-promote,ahrefs,absent,https://capla.arizona.edu/,"P2 relevant buried, target absent",yes,
university of arizona architecture,exact,https://www.arizona.edu/degree-search/majors/architecture-ba,2,UG,Rule 2 — family multi-promote,ahrefs,absent,https://capla.arizona.edu/,"P2 relevant buried, target absent",yes,
university of arizona architecture,exact,https://www.arizona.edu/degree-search/majors/architecture-ma,3,GRAD,Rule 2 — family multi-promote,ahrefs,absent,https://capla.arizona.edu/,"P2 relevant buried, target absent",yes,
university of arizona architecture,exact,https://www.arizona.edu/degree-search/majors/architecture-ms,4,GRAD,Rule 2 — family multi-promote,ahrefs,absent,https://capla.arizona.edu/,"P2 relevant buried, target absent",yes,
university of arizona artificial intelligence,exact,https://www.arizona.edu/degree-search,1,HUB,Rule 1 — generic → DS home (no family),ahrefs,10,https://azcast.arizona.edu/node/803,"P2 target present, buried",yes,
university of arizona astronomy,exact,https://www.arizona.edu/degree-search,1,HUB,Rule 1 — generic → DS home (no family),ahrefs,absent,https://science.arizona.edu/,P1 all results off-topic,yes,
university of arizona biochemistry,exact,https://www.arizona.edu/degree-search/majors/biochemistry-ba,1,UG,Rule 2 — family multi-promote,ahrefs,absent,https://science.arizona.edu/,P1 all results off-topic,yes,
university of arizona biochemistry,exact,https://www.arizona.edu/degree-search/majors/biochemistry-bs,2,UG,Rule 2 — family multi-promote,ahrefs,absent,https://science.arizona.edu/,P1 all results off-topic,yes,
university of arizona biochemistry,exact,https://www.arizona.edu/degree-search/majors/biochemistry-ms,3,GRAD,Rule 2 — family multi-promote,ahrefs,absent,https://science.arizona.edu/,P1 all results off-topic,yes,
university of arizona biochemistry,exact,https://www.arizona.edu/degree-search/majors/biochemistry-dp,4,PHD,Rule 2 — family multi-promote,ahrefs,absent,https://science.arizona.edu/,P1 all results off-topic,yes,
university of arizona bioinformatics,exact,https://www.arizona.edu/degree-search,1,HUB,Rule 1 — generic → DS home (no family),ahrefs,4,https://www.arizona.edu/admissions,"P2 target present, buried",yes,
university of arizona biology major,exact,https://www.arizona.edu/degree-search/majors/molecular-and-cellular-biology,1,BASE,Rule 2 — family multi-promote,ahrefs,absent,https://www.arizona.edu/degree-search,"P2 relevant buried, target absent",yes,
university of arizona biology major,exact,https://www.arizona.edu/degree-search/majors/molecular-and-cellular-biology-ba,2,UG,Rule 2 — family multi-promote,ahrefs,absent,https://www.arizona.edu/degree-search,"P2 relevant buried, target absent",yes,
university of arizona biology major,exact,https://www.arizona.edu/degree-search/majors/molecular-and-cellular-biology-bs,3,UG,Rule 2 — family multi-promote,ahrefs,absent,https://www.arizona.edu/degree-search,"P2 relevant buried, target absent",yes,
university of arizona biology major,exact,https://www.arizona.edu/degree-search/majors/molecular-and-cellular-biology-ms,4,GRAD,Rule 2 — family multi-promote,ahrefs,absent,https://www.arizona.edu/degree-search,"P2 relevant buried, target absent",yes,
university of arizona biology major,exact,https://www.arizona.edu/degree-search/majors/molecular-and-cellular-biology-dp,5,PHD,Rule 2 — family multi-promote,ahrefs,absent,https://www.arizona.edu/degree-search,"P2 relevant buried, target absent",yes,
university of arizona biomedical engineering ranking,exact,https://www.arizona.edu/degree-search/majors/biomedical-engineering-ms,1,GRAD,Rule 2 — specific entity (kept),ahrefs,absent,https://engineering.arizona.edu/index,"P2 relevant buried, target absent",yes,
university of arizona business administration,exact,https://www.arizona.edu/degree-search/majors/business-administration,1,BASE,Rule 2 — family multi-promote,ahrefs,absent,https://eller.arizona.edu/,"P2 relevant buried, target absent",yes,
university of arizona business administration,exact,https://www.arizona.edu/degree-search/majors/business-administration-bsba,2,UG,Rule 2 — family multi-promote,ahrefs,absent,https://eller.arizona.edu/,"P2 relevant buried, target absent",yes,
university of arizona business administration,exact,https://www.arizona.edu/degree-search/majors/business-administration-mba,3,GRAD,Rule 2 — family multi-promote,ahrefs,absent,https://eller.arizona.edu/,"P2 relevant buried, target absent",yes,
university of arizona business majors,exact,https://www.arizona.edu/degree-search/majors/business-administration,1,BASE,Rule 2 — family multi-promote,ahrefs,absent,https://eller.arizona.edu/,"P2 relevant buried, target absent",yes,
university of arizona business majors,exact,https://www.arizona.edu/degree-search/majors/business-administration-bsba,2,UG,Rule 2 — family multi-promote,ahrefs,absent,https://eller.arizona.edu/,"P2 relevant buried, target absent",yes,
university of arizona business majors,exact,https://www.arizona.edu/degree-search/majors/business-administration-mba,3,GRAD,Rule 2 — family multi-promote,ahrefs,absent,https://eller.arizona.edu/,"P2 relevant buried, target absent",yes,
university of arizona communications,exact,https://www.arizona.edu/degree-search/majors/communication,1,BASE,Rule 2 — family multi-promote,ahrefs,absent,https://www.arizona.edu/admissions,"P2 relevant buried, target absent",yes,
university of arizona communications,exact,https://www.arizona.edu/degree-search/majors/communication-ba,2,UG,Rule 2 — family multi-promote,ahrefs,absent,https://www.arizona.edu/admissions,"P2 relevant buried, target absent",yes,
university of arizona communications,exact,https://www.arizona.edu/degree-search/majors/communication-ma,3,GRAD,Rule 2 — family multi-promote,ahrefs,absent,https://www.arizona.edu/admissions,"P2 relevant buried, target absent",yes,
university of arizona communications,exact,https://www.arizona.edu/degree-search/majors/communication-dp,4,PHD,Rule 2 — family multi-promote,ahrefs,absent,https://www.arizona.edu/admissions,"P2 relevant buried, target absent",yes,
university of arizona communications major,exact,https://www.arizona.edu/degree-search/majors/communication,1,BASE,Rule 2 — family multi-promote,ahrefs,absent,https://www.arizona.edu/degree-search,P1 all results off-topic,yes,
university of arizona communications major,exact,https://www.arizona.edu/degree-search/majors/communication-ba,2,UG,Rule 2 — family multi-promote,ahrefs,absent,https://www.arizona.edu/degree-search,P1 all results off-topic,yes,
university of arizona communications major,exact,https://www.arizona.edu/degree-search/majors/communication-ma,3,GRAD,Rule 2 — family multi-promote,ahrefs,absent,https://www.arizona.edu/degree-search,P1 all results off-topic,yes,
university of arizona communications major,exact,https://www.arizona.edu/degree-search/majors/communication-dp,4,PHD,Rule 2 — family multi-promote,ahrefs,absent,https://www.arizona.edu/degree-search,P1 all results off-topic,yes,
university of arizona computer science acceptance rate,exact,https://www.arizona.edu/degree-search/majors/computer-science-ms,1,GRAD,Rule 2 — specific entity (kept),ahrefs,absent,https://science.arizona.edu/,"P2 relevant buried, target absent",yes,
university of arizona course equivalency,exact,https://www.arizona.edu/degree-search/transfer-credit,1,NAV,Unchanged — navigational/non-major,ahrefs,absent,https://www.arizona.edu/admissions,"P2 relevant buried, target absent",yes,
university of arizona criminal justice,exact,https://www.arizona.edu/degree-search,1,HUB,Rule 1 — generic → DS home (no family),ahrefs,5,https://sgpp.arizona.edu/bs-criminal-justice-studies/requirements,"P2 target present, buried",yes,
university of arizona cs,exact,https://www.arizona.edu/degree-search/majors/computer-science-bs,1,UG,Rule 2 — specific entity (kept),ahrefs,absent,https://www.arizona.edu/admissions,P1 all results off-topic,yes,
university of arizona cs emphasis,exact,https://www.arizona.edu/degree-search/majors/environmental-science-the-biosphere-emphasis,1,BASE,Rule 2 — specific entity (kept),ahrefs,absent,https://www.arizona.edu/admissions,P1 all results off-topic,yes,yes
university of arizona cybersecurity masters,exact,https://www.arizona.edu/degree-search/majors/cybersecurity,1,BASE,Rule 2 — REVIEW: specific term on base page,ahrefs,absent,https://infosci.arizona.edu/,"P2 relevant buried, target absent",yes,
university of arizona dance acceptance rate,exact,https://www.arizona.edu/degree-search/majors/dance,1,BASE,REVIEW: base-page mapping (verify generic vs keep),ahrefs,11,https://cfa.arizona.edu/,"P2 target present, buried",yes,
university of arizona dance program,exact,https://www.arizona.edu/degree-search,1,HUB,Rule 1 — generic → DS home (no family),ahrefs,12,https://cfa.arizona.edu/,"P2 target present, buried",yes,
university of arizona data science,exact,https://www.arizona.edu/degree-search/majors/statistics-and-data-science-ba,1,UG,Rule 2 — family multi-promote,ahrefs,absent,https://infosci.arizona.edu/,"P2 relevant buried, target absent",yes,
university of arizona data science,exact,https://www.arizona.edu/degree-search/majors/statistics-and-data-science-bs,2,UG,Rule 2 — family multi-promote,ahrefs,absent,https://infosci.arizona.edu/,"P2 relevant buried, target absent",yes,
university of arizona data science,exact,https://www.arizona.edu/degree-search/majors/statistics-and-data-science-ms,3,GRAD,Rule 2 — family multi-promote,ahrefs,absent,https://infosci.arizona.edu/,"P2 relevant buried, target absent",yes,
university of arizona data science,exact,https://www.arizona.edu/degree-search/majors/statistics-and-data-science-gc,4,CERT,Rule 2 — family multi-promote,ahrefs,absent,https://infosci.arizona.edu/,"P2 relevant buried, target absent",yes,
university of arizona data science,exact,https://www.arizona.edu/degree-search/majors/statistics-and-data-science-dp,5,PHD,Rule 2 — family multi-promote,ahrefs,absent,https://infosci.arizona.edu/,"P2 relevant buried, target absent",yes,
university of arizona data science masters,exact,https://www.arizona.edu/degree-search/majors/data-science,1,BASE,Rule 2 — REVIEW: specific term on base page,ahrefs,absent,https://infosci.arizona.edu/,"P2 relevant buried, target absent",yes,
university of arizona data science science,exact,https://www.arizona.edu/degree-search,1,HUB,Rule 1 — generic → DS home (no family),ahrefs,absent,https://infosci.arizona.edu/,"P2 relevant buried, target absent",yes,yes
university of arizona degree,exact,https://www.arizona.edu/degree-search/majors/science-ba,1,UG,Rule 2 — specific entity (kept),ahrefs,absent,https://www.arizona.edu/degree-search,P1 all results off-topic,yes,
university of arizona degree programs,exact,https://www.arizona.edu/degree-search/majors/neuroscience-and-cognitive-science-philosophy-of-mind-emphasis,1,BASE,Rule 2 — specific entity (kept),ahrefs,absent,https://www.arizona.edu/degree-search,P1 all results off-topic,yes,
university of arizona degrees,exact,https://www.arizona.edu/degree-search/majors,1,NAV,Unchanged — navigational/non-major,ahrefs,1,https://www.arizona.edu/degree-search/majors,P0 already #1,no (already #1),
university of arizona dnp,exact,https://www.arizona.edu/degree-search/majors/nursing-dnp,1,PHD,Rule 2 — specific entity (kept),ahrefs,absent,https://nursing.arizona.edu/,"P2 relevant buried, target absent",yes,
university of arizona dnp acceptance rate,exact,https://www.arizona.edu/degree-search/majors/nursing-dnp,1,PHD,Rule 2 — specific entity (kept),ahrefs,absent,https://nursing.arizona.edu/,"P2 relevant buried, target absent",yes,
university of arizona doctoral programs,exact,https://www.arizona.edu/degree-search/majors/higher-education-dp,1,PHD,Rule 2 — specific entity (kept),ahrefs,absent,https://www.arizona.edu/admissions,"P2 relevant buried, target absent",yes,
university of arizona econ phd,exact,https://www.arizona.edu/degree-search/majors/economics-dp,1,PHD,Rule 2 — specific entity (kept),ahrefs,absent,https://www.arizona.edu/admissions,"P2 relevant buried, target absent",yes,
university of arizona economics phd,exact,https://www.arizona.edu/degree-search/majors/economics-dp,1,PHD,Rule 2 — specific entity (kept),ahrefs,absent,https://eller.arizona.edu/,"P2 relevant buried, target absent",yes,
university of arizona electrical and computer engineering,exact,https://www.arizona.edu/degree-search/majors/electrical-and-computer-engineering-ms,1,GRAD,Rule 2 — family multi-promote,ahrefs,absent,https://engineering.arizona.edu/index,"P2 relevant buried, target absent",yes,
university of arizona electrical and computer engineering,exact,https://www.arizona.edu/degree-search/majors/electrical-and-computer-engineering-dp,2,PHD,Rule 2 — family multi-promote,ahrefs,absent,https://engineering.arizona.edu/index,"P2 relevant buried, target absent",yes,
university of arizona electrical engineering online,exact,https://www.arizona.edu/degree-search/majors/electrical-and-computer-engineering-ms,1,GRAD,Rule 2 — family multi-promote,ahrefs,absent,https://engineering.arizona.edu/index,"P2 relevant buried, target absent",yes,
university of arizona electrical engineering online,exact,https://www.arizona.edu/degree-search/majors/electrical-and-computer-engineering-dp,2,PHD,Rule 2 — family multi-promote,ahrefs,absent,https://engineering.arizona.edu/index,"P2 relevant buried, target absent",yes,
university of arizona engineering management,exact,https://www.arizona.edu/degree-search/majors/engineering-management,1,BASE,Rule 2 — family multi-promote,ahrefs,absent,https://engineering.arizona.edu/index,"P2 relevant buried, target absent",yes,
university of arizona engineering management,exact,https://www.arizona.edu/degree-search/majors/engineering-management-ms,2,GRAD,Rule 2 — family multi-promote,ahrefs,absent,https://engineering.arizona.edu/index,"P2 relevant buried, target absent",yes,
university of arizona engineering management,exact,https://www.arizona.edu/degree-search/majors/engineering-management-gc,3,CERT,Rule 2 — family multi-promote,ahrefs,absent,https://engineering.arizona.edu/index,"P2 relevant buried, target absent",yes,
university of arizona environmental science,exact,https://www.arizona.edu/degree-search/majors/environmental-science-ms,1,GRAD,Rule 2 — family multi-promote,ahrefs,absent,https://science.arizona.edu/,"P2 relevant buried, target absent",yes,
university of arizona environmental science,exact,https://www.arizona.edu/degree-search/majors/environmental-science-dp,2,PHD,Rule 2 — family multi-promote,ahrefs,absent,https://science.arizona.edu/,"P2 relevant buried, target absent",yes,
university of arizona fashion major,exact,https://www.arizona.edu/degree-search/majors/applied-humanities-fashion-studies-emphasis,1,BASE,Rule 2 — specific entity (kept),ahrefs,absent,https://www.arizona.edu/degree-search,"P2 relevant buried, target absent",yes,
university of arizona fashion major studies,exact,https://www.arizona.edu/degree-search/majors/environmental-studies,1,BASE,REVIEW: base-page mapping (verify generic vs keep),ahrefs,absent,https://www.arizona.edu/degree-search,"P2 relevant buried, target absent",yes,yes
university of arizona fashion major technology,exact,https://www.arizona.edu/degree-search,1,HUB,Rule 1 — generic → DS home (no family),ahrefs,18,https://www.arizona.edu/degree-search,"P2 target present, buried",yes,yes
university of arizona film and television,exact,https://www.arizona.edu/degree-search/majors/film-and-television-ba,1,UG,Rule 2 — family multi-promote,ahrefs,7,https://cfa.arizona.edu/,"P2 target present, buried",yes,
university of arizona film and television,exact,https://www.arizona.edu/degree-search/majors/film-and-television-bfa,2,UG,Rule 2 — family multi-promote,ahrefs,7,https://cfa.arizona.edu/,"P2 target present, buried",yes,
university of arizona finance,exact,https://www.arizona.edu/degree-search/majors/finance,1,BASE,Rule 2 — family multi-promote,ahrefs,absent,https://eller.arizona.edu/,"P2 relevant buried, target absent",yes,
university of arizona finance,exact,https://www.arizona.edu/degree-search/majors/finance-bsba,2,UG,Rule 2 — family multi-promote,ahrefs,absent,https://eller.arizona.edu/,"P2 relevant buried, target absent",yes,
university of arizona finance,exact,https://www.arizona.edu/degree-search/majors/finance-ms,3,GRAD,Rule 2 — family multi-promote,ahrefs,absent,https://eller.arizona.edu/,"P2 relevant buried, target absent",yes,
university of arizona finance major,exact,https://www.arizona.edu/degree-search/majors/finance,1,BASE,Rule 2 — family multi-promote,ahrefs,absent,https://eller.arizona.edu/,"P2 relevant buried, target absent",yes,
university of arizona finance major,exact,https://www.arizona.edu/degree-search/majors/finance-bsba,2,UG,Rule 2 — family multi-promote,ahrefs,absent,https://eller.arizona.edu/,"P2 relevant buried, target absent",yes,
university of arizona finance major,exact,https://www.arizona.edu/degree-search/majors/finance-ms,3,GRAD,Rule 2 — family multi-promote,ahrefs,absent,https://eller.arizona.edu/,"P2 relevant buried, target absent",yes,
university of arizona forensic science,exact,https://www.arizona.edu/degree-search/majors/criminal-justice-studies,1,BASE,REVIEW: base-page mapping (verify generic vs keep),ahrefs,absent,https://science.arizona.edu/,"P2 relevant buried, target absent",yes,
university of arizona geomechanics,exact,https://www.arizona.edu/degree-search/majors/rock-mechanics,1,BASE,REVIEW: base-page mapping (verify generic vs keep),ahrefs,absent,https://www.arizona.edu/admissions,"P2 relevant buried, target absent",yes,
university of arizona gis,exact,https://www.arizona.edu/degree-search/majors/geography-geographic-information-science-emphasis,1,BASE,Rule 2 — specific entity (kept),ahrefs,absent,https://www.arizona.edu/admissions,"P2 relevant buried, target absent",yes,
university of arizona industrial engineering,exact,https://www.arizona.edu/degree-search/majors/industrial-engineering,1,BASE,Rule 2 — family multi-promote,ahrefs,absent,https://engineering.arizona.edu/index,"P2 relevant buried, target absent",yes,
university of arizona industrial engineering,exact,https://www.arizona.edu/degree-search/majors/industrial-engineering-bsie,2,UG,Rule 2 — family multi-promote,ahrefs,absent,https://engineering.arizona.edu/index,"P2 relevant buried, target absent",yes,
university of arizona industrial engineering,exact,https://www.arizona.edu/degree-search/majors/industrial-engineering-ms,3,GRAD,Rule 2 — family multi-promote,ahrefs,absent,https://engineering.arizona.edu/index,"P2 relevant buried, target absent",yes,
university of arizona integrative medicine,exact,https://www.arizona.edu/degree-search/majors/medicine-integrative-and-practice-focused-medicine-emphasis,1,BASE,Rule 2 — specific entity (kept),ahrefs,6,https://www.arizona.edu/admissions,"P2 target present, buried",yes,
university of arizona intelligence studies,exact,https://www.arizona.edu/degree-search/majors/intelligence-and-information-operations-information-warfare-emphasis,1,BASE,Rule 2 — specific entity (kept),ahrefs,absent,https://www.arizona.edu/admissions,"P2 relevant buried, target absent",yes,
university of arizona intelligence studies emphasis,exact,https://www.arizona.edu/degree-search/majors/intelligence-and-information-operations-operational-intelligence-emphasis,1,BASE,Rule 2 — specific entity (kept),ahrefs,9,https://www.arizona.edu/admissions,"P2 target present, buried",yes,yes
university of arizona interdisciplinary studies,exact,https://www.arizona.edu/degree-search/majors/interdisciplinary-studies-science-technology-health-society-emphasis-ba,1,UG,Rule 2 — specific entity (kept),ahrefs,absent,https://humanities.arizona.edu/,"P2 relevant buried, target absent",yes,
university of arizona interior design,exact,https://www.arizona.edu/degree-search/majors/design-arts-and-practice-spatial-design-emphasis,1,BASE,Rule 2 — specific entity (kept),ahrefs,17,https://www.arizona.edu/admissions,"P2 target present, buried",yes,
university of arizona interior design emphasis,exact,https://www.arizona.edu/degree-search/majors/natural-resources-conservation-biology-emphasis,1,BASE,Rule 2 — specific entity (kept),ahrefs,absent,https://www.arizona.edu/admissions,"P2 relevant buried, target absent",yes,yes
university of arizona journalism,exact,https://www.arizona.edu/degree-search/majors/journalism-ba,1,UG,Rule 2 — family multi-promote,ahrefs,absent,https://sbs.arizona.edu/,"P2 relevant buried, target absent",yes,
university of arizona journalism,exact,https://www.arizona.edu/degree-search/majors/journalism-ma,2,GRAD,Rule 2 — family multi-promote,ahrefs,absent,https://sbs.arizona.edu/,"P2 relevant buried, target absent",yes,
university of arizona kinesiology,exact,https://www.arizona.edu/degree-search/majors/physiology-and-medical-sciences-exercise-and-extreme-physiology-emphasis,1,BASE,Rule 2 — specific entity (kept),ahrefs,absent,https://www.arizona.edu/admissions,P1 all results off-topic,yes,
university of arizona kinesiology performance,exact,https://www.arizona.edu/degree-search/majors/nutrition-and-human-performance,1,BASE,REVIEW: base-page mapping (verify generic vs keep),ahrefs,absent,https://www.arizona.edu/admissions,P1 all results off-topic,yes,yes
university of arizona majors,exact,https://www.arizona.edu/degree-search/majors/computer-science-bs,1,UG,Rule 2 — specific entity (kept),ahrefs,absent,https://www.arizona.edu/admissions,P1 all results off-topic,yes,
university of arizona majors intelligence,exact,https://www.arizona.edu/degree-search,1,HUB,Rule 1 — generic → DS home (no family),ahrefs,absent,https://www.arizona.edu/admissions,P1 all results off-topic,yes,yes
university of arizona management information systems,exact,https://www.arizona.edu/degree-search/majors/management-information-systems,1,BASE,Rule 2 — family multi-promote,ahrefs,absent,https://eller.arizona.edu/,"P2 relevant buried, target absent",yes,
university of arizona management information systems,exact,https://www.arizona.edu/degree-search/majors/management-information-systems-bsba,2,UG,Rule 2 — family multi-promote,ahrefs,absent,https://eller.arizona.edu/,"P2 relevant buried, target absent",yes,
university of arizona management information systems,exact,https://www.arizona.edu/degree-search/majors/management-information-systems-ms,3,GRAD,Rule 2 — family multi-promote,ahrefs,absent,https://eller.arizona.edu/,"P2 relevant buried, target absent",yes,
university of arizona marketing major,exact,https://www.arizona.edu/degree-search,1,HUB,Rule 1 — generic → DS home (no family),ahrefs,absent,https://www.arizona.edu/degree-search,"P2 relevant buried, target absent",yes,
university of arizona masters in public health,exact,https://www.arizona.edu/degree-search/majors/public-health-mph,1,GRAD,Rule 2 — specific entity (kept),ahrefs,absent,https://health.arizona.edu/,"P2 relevant buried, target absent",yes,
university of arizona masters of public health,exact,https://www.arizona.edu/degree-search/majors/public-health-mph,1,GRAD,Rule 2 — specific entity (kept),ahrefs,absent,https://health.arizona.edu/,"P2 relevant buried, target absent",yes,
university of arizona materials science,exact,https://www.arizona.edu/degree-search/majors/materials-science-engineering,1,BASE,Rule 2 — family multi-promote,ahrefs,5,https://science.arizona.edu/,"P2 target present, buried",yes,
university of arizona materials science,exact,https://www.arizona.edu/degree-search/majors/materials-science-and-engineering-ms,2,GRAD,Rule 2 — family multi-promote,ahrefs,5,https://science.arizona.edu/,"P2 target present, buried",yes,
university of arizona materials science,exact,https://www.arizona.edu/degree-search/majors/materials-science-and-engineering-dp,3,PHD,Rule 2 — family multi-promote,ahrefs,5,https://science.arizona.edu/,"P2 target present, buried",yes,
university of arizona materials science phd,exact,https://www.arizona.edu/degree-search/majors/materials-science-and-engineering-dp,1,PHD,Rule 2 — specific entity (kept),ahrefs,20,https://science.arizona.edu/,"P2 target present, buried",yes,yes
university of arizona math,exact,https://www.arizona.edu/degree-search/majors/mathematics-probability-and-statistics-emphasis-bs,1,UG,Rule 2 — specific entity (kept),ahrefs,absent,https://www.arizona.edu/admissions,"P2 relevant buried, target absent",yes,
university of arizona mba acceptance rate,exact,https://www.arizona.edu/degree-search/majors/business-administration-mba,1,GRAD,Rule 2 — specific entity (kept),ahrefs,2,https://eller.arizona.edu/,"P2 target present, buried",yes,
university of arizona mechanical engineering,exact,https://www.arizona.edu/degree-search/majors/mechanical-engineering,1,BASE,Rule 2 — family multi-promote,ahrefs,absent,https://engineering.arizona.edu/index,"P2 relevant buried, target absent",yes,
university of arizona mechanical engineering,exact,https://www.arizona.edu/degree-search/majors/mechanical-engineering-bsme,2,UG,Rule 2 — family multi-promote,ahrefs,absent,https://engineering.arizona.edu/index,"P2 relevant buried, target absent",yes,
university of arizona mechanical engineering,exact,https://www.arizona.edu/degree-search/majors/mechanical-engineering-ms,3,GRAD,Rule 2 — family multi-promote,ahrefs,absent,https://engineering.arizona.edu/index,"P2 relevant buried, target absent",yes,
university of arizona mechanical engineering,exact,https://www.arizona.edu/degree-search/majors/mechanical-engineering-dp,4,PHD,Rule 2 — family multi-promote,ahrefs,absent,https://engineering.arizona.edu/index,"P2 relevant buried, target absent",yes,
university of arizona mred,exact,https://www.arizona.edu/degree-search/majors/real-estate-development,1,BASE,REVIEW: base-page mapping (verify generic vs keep),ahrefs,absent,https://www.arizona.edu/admissions,"P2 relevant buried, target absent",yes,
university of arizona msn,exact,https://www.arizona.edu/degree-search/majors/nursing-ms,1,GRAD,Rule 2 — specific entity (kept),ahrefs,absent,https://www.arizona.edu/admissions,"P2 relevant buried, target absent",yes,
university of arizona neuroscience,exact,https://www.arizona.edu/degree-search,1,HUB,Rule 1 — generic → DS home (no family),ahrefs,absent,https://science.arizona.edu/,P1 all results off-topic,yes,
university of arizona nutrition,exact,https://www.arizona.edu/degree-search,1,HUB,Rule 1 — generic → DS home (no family),ahrefs,9,https://www.arizona.edu/admissions,"P2 target present, buried",yes,
university of arizona nutrition major,exact,https://www.arizona.edu/degree-search,1,HUB,Rule 1 — generic → DS home (no family),ahrefs,absent,https://www.arizona.edu/degree-search,"P2 relevant buried, target absent",yes,
university of arizona nutrition major dietetics,exact,https://www.arizona.edu/degree-search,1,HUB,Rule 1 — generic → DS home (no family),ahrefs,17,https://www.arizona.edu/degree-search,"P2 target present, buried",yes,yes
university of arizona nutritional sciences,exact,https://www.arizona.edu/degree-search,1,HUB,Rule 1 — generic → DS home (no family),ahrefs,2,https://www.arizona.edu/admissions,"P2 target present, buried",yes,
university of arizona occupational therapy,exact,https://www.arizona.edu/degree-search/majors/rehabilitation-studies-and-services,1,BASE,REVIEW: base-page mapping (verify generic vs keep),ahrefs,absent,https://caps.arizona.edu/,"P2 relevant buried, target absent",yes,
university of arizona online meteorology degree,exact,https://www.arizona.edu/degree-search/majors,1,NAV,Unchanged — navigational/non-major,ahrefs,absent,https://www.arizona.edu/degree-search,"P2 relevant buried, target absent",yes,
university of arizona online phd in organizational development and leadership,exact,https://www.arizona.edu/degree-search/majors/educational-leadership,1,BASE,Rule 2 — REVIEW: specific term on base page,ahrefs,absent,https://online.arizona.edu/,"P2 relevant buried, target absent",yes,
university of arizona optical sciences,exact,https://www.arizona.edu/degree-search/majors/optical-sciences-ms,1,GRAD,Rule 2 — family multi-promote,ahrefs,8,https://www.optics.arizona.edu/home,"P2 target present, buried",yes,
university of arizona optical sciences,exact,https://www.arizona.edu/degree-search/majors/optical-sciences-gc,2,CERT,Rule 2 — family multi-promote,ahrefs,8,https://www.optics.arizona.edu/home,"P2 target present, buried",yes,
university of arizona optical sciences,exact,https://www.arizona.edu/degree-search/majors/optical-sciences-dp,3,PHD,Rule 2 — family multi-promote,ahrefs,8,https://www.optics.arizona.edu/home,"P2 target present, buried",yes,
university of arizona optics,exact,https://www.arizona.edu/degree-search/majors/optical-sciences-ms,1,GRAD,Rule 2 — specific entity (kept),ahrefs,absent,https://www.arizona.edu/admissions,"P2 relevant buried, target absent",yes,
university of arizona paramedic program,exact,https://www.arizona.edu/degree-search/majors/emergency-medical-services-bs,1,UG,Rule 2 — specific entity (kept),ahrefs,absent,https://www.arizona.edu/degree-search,P1 all results off-topic,yes,
university of arizona phd economics,exact,https://www.arizona.edu/degree-search/majors/economics-dp,1,PHD,Rule 2 — specific entity (kept),ahrefs,absent,https://eller.arizona.edu/,"P2 relevant buried, target absent",yes,
university of arizona philosophy,exact,https://www.arizona.edu/degree-search/majors/philosophy,1,BASE,Rule 2 — family multi-promote,ahrefs,absent,https://sbs.arizona.edu/,"P2 relevant buried, target absent",yes,
university of arizona philosophy,exact,https://www.arizona.edu/degree-search/majors/philosophy-ba,2,UG,Rule 2 — family multi-promote,ahrefs,absent,https://sbs.arizona.edu/,"P2 relevant buried, target absent",yes,
university of arizona philosophy,exact,https://www.arizona.edu/degree-search/majors/philosophy-ma,3,GRAD,Rule 2 — family multi-promote,ahrefs,absent,https://sbs.arizona.edu/,"P2 relevant buried, target absent",yes,
university of arizona philosophy,exact,https://www.arizona.edu/degree-search/majors/philosophy-dp,4,PHD,Rule 2 — family multi-promote,ahrefs,absent,https://sbs.arizona.edu/,"P2 relevant buried, target absent",yes,
university of arizona philosophy phd,exact,https://www.arizona.edu/degree-search/majors/philosophy-dp,1,PHD,Rule 2 — specific entity (kept),ahrefs,absent,https://sbs.arizona.edu/,"P2 relevant buried, target absent",yes,yes
university of arizona physical therapy,exact,https://www.arizona.edu/degree-search,1,HUB,Rule 1 — generic → DS home (no family),ahrefs,2,https://caps.arizona.edu/,"P2 target present, buried",yes,
university of arizona physical therapy program,exact,https://www.arizona.edu/degree-search,1,HUB,Rule 1 — generic → DS home (no family),ahrefs,3,https://www.arizona.edu/degree-search,"P2 target present, buried",yes,
university of arizona pmhnp,exact,https://www.arizona.edu/degree-search/majors/psychiatric-mental-health-nurse-practitioner,1,BASE,REVIEW: base-page mapping (verify generic vs keep),ahrefs,absent,https://www.arizona.edu/admissions,P1 all results off-topic,yes,
university of arizona political science,exact,https://www.arizona.edu/degree-search,1,HUB,Rule 1 — generic → DS home (no family),ahrefs,10,https://science.arizona.edu/,"P2 target present, buried",yes,
university of arizona psyd,exact,https://www.arizona.edu/degree-search/majors/psychology-dp,1,PHD,Rule 2 — specific entity (kept),ahrefs,absent,https://www.arizona.edu/admissions,P1 all results off-topic,yes,
university of arizona psyd online,exact,https://www.arizona.edu/degree-search/majors/psychology-dp,1,PHD,Rule 2 — specific entity (kept),ahrefs,absent,https://online.arizona.edu/,"P2 relevant buried, target absent",yes,
university of arizona real estate,exact,https://www.arizona.edu/degree-search,1,HUB,Rule 1 — generic → DS home (no family),ahrefs,7,https://rea.arizona.edu/real-estate-sale,"P2 target present, buried",yes,
university of arizona real estate major,exact,https://www.arizona.edu/degree-search,1,HUB,Rule 1 — generic → DS home (no family),ahrefs,8,https://www.arizona.edu/degree-search,"P2 target present, buried",yes,
university of arizona religious studies,exact,https://www.arizona.edu/degree-search,1,HUB,Rule 1 — generic → DS home (no family),ahrefs,3,https://religion.arizona.edu/,"P2 target present, buried",yes,
university of arizona school of dance,exact,https://www.arizona.edu/degree-search/majors/dance,1,BASE,REVIEW: base-page mapping (verify generic vs keep),ahrefs,19,https://cfa.arizona.edu/,"P2 target present, buried",yes,
university of arizona slp masters,exact,https://www.arizona.edu/degree-search/majors/speech-language-and-hearing-sciences-ms,1,GRAD,Rule 2 — specific entity (kept),ahrefs,absent,https://www.arizona.edu/admissions,P1 all results off-topic,yes,
university of arizona sociology,exact,https://www.arizona.edu/degree-search/majors/sociology,1,BASE,Rule 2 — family multi-promote,ahrefs,absent,https://sbs.arizona.edu/,"P2 relevant buried, target absent",yes,
university of arizona sociology,exact,https://www.arizona.edu/degree-search/majors/sociology-ba,2,UG,Rule 2 — family multi-promote,ahrefs,absent,https://sbs.arizona.edu/,"P2 relevant buried, target absent",yes,
university of arizona sociology,exact,https://www.arizona.edu/degree-search/majors/sociology-dp,3,PHD,Rule 2 — family multi-promote,ahrefs,absent,https://sbs.arizona.edu/,"P2 relevant buried, target absent",yes,
university of arizona software engineering,exact,https://www.arizona.edu/degree-search/majors/software-engineering,1,BASE,Rule 2 — family multi-promote,ahrefs,absent,https://engineering.arizona.edu/index,"P2 relevant buried, target absent",yes,
university of arizona software engineering,exact,https://www.arizona.edu/degree-search/majors/software-engineering-bsse,2,UG,Rule 2 — family multi-promote,ahrefs,absent,https://engineering.arizona.edu/index,"P2 relevant buried, target absent",yes,
university of arizona software engineering,exact,https://www.arizona.edu/degree-search/majors/software-engineering-ms,3,GRAD,Rule 2 — family multi-promote,ahrefs,absent,https://engineering.arizona.edu/index,"P2 relevant buried, target absent",yes,
university of arizona statistics,exact,https://www.arizona.edu/degree-search/majors/statistics-and-data-science-ba,1,UG,Rule 2 — family multi-promote,ahrefs,19,https://www.arizona.edu/admissions,"P2 target present, buried",yes,
university of arizona statistics,exact,https://www.arizona.edu/degree-search/majors/statistics-and-data-science-bs,2,UG,Rule 2 — family multi-promote,ahrefs,19,https://www.arizona.edu/admissions,"P2 target present, buried",yes,
university of arizona statistics,exact,https://www.arizona.edu/degree-search/majors/statistics-and-data-science-ms,3,GRAD,Rule 2 — family multi-promote,ahrefs,19,https://www.arizona.edu/admissions,"P2 target present, buried",yes,
university of arizona statistics,exact,https://www.arizona.edu/degree-search/majors/statistics-and-data-science-gc,4,CERT,Rule 2 — family multi-promote,ahrefs,19,https://www.arizona.edu/admissions,"P2 target present, buried",yes,
university of arizona statistics,exact,https://www.arizona.edu/degree-search/majors/statistics-and-data-science-dp,5,PHD,Rule 2 — family multi-promote,ahrefs,19,https://www.arizona.edu/admissions,"P2 target present, buried",yes,
university of arizona supply chain management,exact,https://www.arizona.edu/degree-search,1,HUB,Rule 1 — generic → DS home (no family),ahrefs,absent,https://eller.arizona.edu/,"P2 relevant buried, target absent",yes,
university of arizona sustainable built environments,exact,https://www.arizona.edu/degree-search,1,HUB,Rule 1 — generic → DS home (no family),ahrefs,8,https://environment.arizona.edu/major/sustainable-built-environments,"P2 target present, buried",yes,
university of arizona systems engineering,exact,https://www.arizona.edu/degree-search/majors/systems-engineering,1,BASE,Rule 2 — family multi-promote,ahrefs,absent,https://engineering.arizona.edu/index,"P2 relevant buried, target absent",yes,
university of arizona systems engineering,exact,https://www.arizona.edu/degree-search/majors/systems-engineering-bsse,2,UG,Rule 2 — family multi-promote,ahrefs,absent,https://engineering.arizona.edu/index,"P2 relevant buried, target absent",yes,
university of arizona systems engineering,exact,https://www.arizona.edu/degree-search/majors/systems-engineering-ms,3,GRAD,Rule 2 — family multi-promote,ahrefs,absent,https://engineering.arizona.edu/index,"P2 relevant buried, target absent",yes,
university of arizona systems engineering,exact,https://www.arizona.edu/degree-search/majors/systems-engineering-gc,4,CERT,Rule 2 — family multi-promote,ahrefs,absent,https://engineering.arizona.edu/index,"P2 relevant buried, target absent",yes,
university of criminal justice,exact,https://www.arizona.edu/degree-search,1,HUB,Rule 1 — generic → DS home (no family),ahrefs,7,https://sgpp.arizona.edu/bs-criminal-justice-studies/requirements,"P2 target present, buried",yes,
uofa computer science,exact,https://www.arizona.edu/degree-search/majors/environmental-science-the-biosphere-emphasis,1,BASE,Rule 2 — specific entity (kept),ahrefs,absent,https://science.arizona.edu/,"P2 relevant buried, target absent",yes,
uofa finance major,exact,https://www.arizona.edu/degree-search/majors/personal-and-family-financial-planning,1,BASE,REVIEW: base-page mapping (verify generic vs keep),ahrefs,absent,https://eller.arizona.edu/,"P2 relevant buried, target absent",yes,
uofa majors,exact,https://www.arizona.edu/degree-search/majors/science-ba,1,UG,Rule 2 — specific entity (kept),ahrefs,absent,https://phoenixmed.arizona.edu/2025-review,P1 all results off-topic,yes,
uofa phd programs,exact,https://www.arizona.edu/degree-search/majors/higher-education-dp,1,PHD,Rule 2 — specific entity (kept),ahrefs,absent,https://history.arizona.edu/phd-history/requirements,P1 all results off-topic,yes,
uofa psychology,exact,https://www.arizona.edu/degree-search/majors/psychology,1,BASE,Rule 2 — family multi-promote,ahrefs,absent,https://science.arizona.edu/,P1 all results off-topic,yes,
uofa psychology,exact,https://www.arizona.edu/degree-search/majors/psychology-ba,2,UG,Rule 2 — family multi-promote,ahrefs,absent,https://science.arizona.edu/,P1 all results off-topic,yes,
uofa psychology,exact,https://www.arizona.edu/degree-search/majors/psychology-dp,3,PHD,Rule 2 — family multi-promote,ahrefs,absent,https://science.arizona.edu/,P1 all results off-topic,yes,
uofa public health,exact,https://www.arizona.edu/degree-search/majors/public-health-mph,1,GRAD,Rule 2 — family multi-promote,ahrefs,absent,https://health.arizona.edu/,"P2 relevant buried, target absent",yes,
uofa public health,exact,https://www.arizona.edu/degree-search/majors/public-health-gc,2,CERT,Rule 2 — family multi-promote,ahrefs,absent,https://health.arizona.edu/,"P2 relevant buried, target absent",yes,
uofa public health,exact,https://www.arizona.edu/degree-search/majors/public-health-dph,3,PHD,Rule 2 — family multi-promote,ahrefs,absent,https://health.arizona.edu/,"P2 relevant buried, target absent",yes,
uofa software engineering,exact,https://www.arizona.edu/degree-search/majors/software-engineering,1,BASE,Rule 2 — family multi-promote,ahrefs,absent,https://engineering.arizona.edu/index,"P2 relevant buried, target absent",yes,
uofa software engineering,exact,https://www.arizona.edu/degree-search/majors/software-engineering-bsse,2,UG,Rule 2 — family multi-promote,ahrefs,absent,https://engineering.arizona.edu/index,"P2 relevant buried, target absent",yes,
uofa software engineering,exact,https://www.arizona.edu/degree-search/majors/software-engineering-ms,3,GRAD,Rule 2 — family multi-promote,ahrefs,absent,https://engineering.arizona.edu/index,"P2 relevant buried, target absent",yes,
uofa transfer credits,exact,https://www.arizona.edu/degree-search/transfer-credit,1,NAV,Unchanged — navigational/non-major,ahrefs,8,https://transfersupport.arizona.edu/transfer-credit,"P2 target present, buried",yes,
urban and regional development,exact,https://www.arizona.edu/degree-search,1,HUB,Rule 1 — generic → DS home (no family),metadata,7,https://geography.arizona.edu/bs-urban-regional-development/requirements,"P2 target present, buried",yes,
urban planning,exact,https://www.arizona.edu/degree-search,1,HUB,Rule 1 — generic → DS home (no family),metadata,18,https://capla.arizona.edu/academics/master-science-urban-planning/admissions-cost,"P2 target present, buried",yes,
veterinarian science,exact,https://www.arizona.edu/degree-search/majors/veterinary-science,1,BASE,REVIEW: base-page mapping (verify generic vs keep),ahrefs,absent,https://science.arizona.edu/,"P2 relevant buried, target absent",yes,
veterinary majors,exact,https://www.arizona.edu/degree-search,1,HUB,Rule 1 — generic → DS home (no family),ahrefs,absent,https://vetmed.arizona.edu/,"P2 relevant buried, target absent",yes,
veterinary science applied animal behavior,exact,https://www.arizona.edu/degree-search/majors/veterinary-science-applied-animal-behavior-emphasis,1,BASE,Rule 2 — specific entity (kept),metadata,3,https://science.arizona.edu/,"P2 target present, buried",yes,
viola performance,exact,https://www.arizona.edu/degree-search/majors/performance-viola-emphasis,1,BASE,Rule 2 — specific entity (kept),metadata,1,https://www.arizona.edu/degree-search/majors/performance-viola-emphasis,P0 already #1,no (already #1),
violin performance,exact,https://www.arizona.edu/degree-search/majors/performance-violin-emphasis,1,BASE,Rule 2 — specific entity (kept),metadata,2,https://news.arizona.edu/events/performance-black-violin,"P2 target present, buried",yes,
vocal major,exact,https://www.arizona.edu/degree-search/majors/performance-voice-emphasis,1,BASE,Rule 2 — specific entity (kept),ahrefs,absent,https://www.arizona.edu/degree-search,"P2 relevant buried, target absent",yes,
vocal performance major colleges,exact,https://www.arizona.edu/degree-search/majors/performance-voice-emphasis,1,BASE,Rule 2 — specific entity (kept),ahrefs,absent,https://www.arizona.edu/degree-search,"P2 relevant buried, target absent",yes,
waste management course arizona,exact,https://www.arizona.edu/degree-search/majors/environmental-engineering-bsee,1,UG,Rule 2 — specific entity (kept),ahrefs,absent,https://eller.arizona.edu/,"P2 relevant buried, target absent",yes,
water policy,exact,https://www.arizona.edu/degree-search,1,HUB,Rule 1 — generic → DS home (no family),metadata,absent,https://news.arizona.edu/news-tags/water,"P2 relevant buried, target absent",yes,
"water, society and policy",exact,https://www.arizona.edu/degree-search,1,HUB,Rule 1 — generic → DS home (no family),metadata,2,https://snre.arizona.edu/graduate/ms-water-society-policy,"P2 target present, buried",yes,
wellness and health promotion practice aging and population health,exact,https://www.arizona.edu/degree-search/majors/wellness-and-health-promotion-practice-aging-and-population-health-emphasis,1,BASE,Rule 2 — specific entity (kept),metadata,16,https://health.arizona.edu/,"P2 target present, buried",yes,
wellness and health promotion practice health and wellness,exact,https://www.arizona.edu/degree-search/majors/wellness-and-health-promotion-practice-health-and-wellness-emphasis,1,BASE,Rule 2 — specific entity (kept),metadata,absent,https://health.arizona.edu/,"P2 relevant buried, target absent",yes,
wellness and health promotion practice health education,exact,https://www.arizona.edu/degree-search/majors/wellness-and-health-promotion-practice-health-education-emphasis,1,BASE,Rule 2 — specific entity (kept),metadata,absent,https://education.arizona.edu/,"P2 relevant buried, target absent",yes,
what does mse stand for degree,exact,https://www.arizona.edu/degree-search/majors/materials-science-engineering,1,BASE,REVIEW: base-page mapping (verify generic vs keep),ahrefs,absent,https://www.arizona.edu/degree-search,"P2 relevant buried, target absent",yes,
what is 2d studio art,exact,https://www.arizona.edu/degree-search/majors/studio-art-two-dimensional-emphasis,1,BASE,Rule 2 — specific entity (kept),ahrefs,absent,https://cfa.arizona.edu/,"P2 relevant buried, target absent",yes,
what is a classics degree,exact,https://www.arizona.edu/degree-search/majors/classics-classical-civilization-emphasis,1,BASE,Rule 2 — specific entity (kept),ahrefs,absent,https://www.arizona.edu/degree-search,P1 all results off-topic,yes,
what is creative writing in college,exact,https://www.arizona.edu/degree-search/majors/creative-writing,1,BASE,REVIEW: base-page mapping (verify generic vs keep),ahrefs,19,https://english.arizona.edu/ba-creative-writing/requirements,"P2 target present, buried",yes,
what is m/s in chemistry,exact,https://www.arizona.edu/degree-search/majors/chemistry-ms,1,GRAD,Rule 2 — specific entity (kept),ahrefs,absent,https://science.arizona.edu/,P1 all results off-topic,yes,
what is organismal biology,exact,https://www.arizona.edu/degree-search/majors/biology-organismal-biology-emphasis,1,BASE,Rule 2 — specific entity (kept),ahrefs,1,https://www.arizona.edu/degree-search/majors/biology-organismal-biology-emphasis,P0 already #1,no (already #1),
what major is law,exact,https://www.arizona.edu/degree-search/majors/law,1,BASE,REVIEW: base-page mapping (verify generic vs keep),ahrefs,absent,https://law.arizona.edu/,"P2 relevant buried, target absent",yes,
wildlife science degree,exact,https://www.arizona.edu/degree-search/majors/natural-resources-wildlife-conservation-and-management-emphasis,1,BASE,Rule 2 — specific entity (kept),ahrefs,absent,https://www.arizona.edu/degree-search,"P2 relevant buried, target absent",yes,
world literature studies,exact,https://www.arizona.edu/degree-search/majors/world-literature,1,BASE,REVIEW: base-page mapping (verify generic vs keep),metadata,absent,https://www.arizona.edu/admissions,"P2 relevant buried, target absent",yes,
