trigger,match_type,promote_url,previous_promote_url,source,target_current_rank,current_top_result,priority,promotion_needed,disambiguated,url_level_original,rule_applied,change_note
2d studio art,exact,https://www.arizona.edu/degree-search/majors/studio-art-two-dimensional-emphasis,https://www.arizona.edu/degree-search/majors/studio-art-two-dimensional-emphasis,ahrefs,absent,https://cfa.arizona.edu/,"P2 relevant buried, target absent",yes,,EMPHASIS,Rule 2 — specific entity (kept),
3d art class,exact,https://www.arizona.edu/degree-search/majors/studio-art-3d-and-extended-media-emphasis,https://www.arizona.edu/degree-search/majors/studio-art-3d-and-extended-media-emphasis,ahrefs,absent,https://cfa.arizona.edu/,"P2 relevant buried, target absent",yes,,EMPHASIS,Rule 2 — specific entity (kept),
3d art degree,exact,https://www.arizona.edu/degree-search/majors/studio-art-3d-and-extended-media-emphasis,https://www.arizona.edu/degree-search/majors/studio-art-3d-and-extended-media-emphasis,ahrefs,absent,https://cfa.arizona.edu/,"P2 relevant buried, target absent",yes,,EMPHASIS,Rule 2 — specific entity (kept),
3d studio art,exact,https://www.arizona.edu/degree-search/majors/studio-art-3d-and-extended-media-emphasis,https://www.arizona.edu/degree-search/majors/studio-art-3d-and-extended-media-emphasis,ahrefs,absent,https://cfa.arizona.edu/,"P2 relevant buried, target absent",yes,,EMPHASIS,Rule 2 — specific entity (kept),
accounting,exact,https://www.arizona.edu/degree-search,https://www.arizona.edu/degree-search/majors/accounting,metadata,absent,https://eller.arizona.edu/,"P2 relevant buried, target absent",yes,,BASE,Rule 1 — generic term → DS home,was: https://www.arizona.edu/degree-search/majors/accounting
accounting graduate certificate,exact,https://www.arizona.edu/degree-search/majors/accounting-gc,https://www.arizona.edu/degree-search/majors/accounting-gc,metadata,absent,https://eller.arizona.edu/,"P2 relevant buried, target absent",yes,yes,GRAD,Rule 2 — specific entity (kept),
accounting ma,exact,https://www.arizona.edu/degree-search/majors/accounting-ma,https://www.arizona.edu/degree-search/majors/accounting-ma,metadata,absent,https://eller.arizona.edu/,"P2 relevant buried, target absent",yes,yes,GRAD,Rule 2 — specific entity (kept),
accounting ms,exact,https://www.arizona.edu/degree-search/majors/accounting-ms,https://www.arizona.edu/degree-search/majors/accounting-ms,metadata,absent,https://eller.arizona.edu/,"P2 relevant buried, target absent",yes,yes,GRAD,Rule 2 — specific entity (kept),
administration and management of american indian natural resources graduate,exact,https://www.arizona.edu/degree-search/majors/administration-and-management-of-american-indian-natural-resources,https://www.arizona.edu/degree-search/majors/administration-and-management-of-american-indian-natural-resources,metadata,absent,https://eller.arizona.edu/,"P2 relevant buried, target absent",yes,,BASE,Rule 2 — REVIEW: specific term on base page,needs GRAD entity; no matching level page in dataset — verify
adult-gerontology acute care nurse practitioner,exact,https://www.arizona.edu/degree-search,https://www.arizona.edu/degree-search/majors/adult-gerontology-acute-care-nurse-practitioner,metadata,4,https://nursing.arizona.edu/,"P2 target present, buried",yes,,BASE,Rule 1 — generic term → DS home,was: https://www.arizona.edu/degree-search/majors/adult-gerontology-acute-care-nurse-practitioner
advanced clinical pharmacy practice,exact,https://www.arizona.edu/degree-search,https://www.arizona.edu/degree-search/majors/advanced-clinical-pharmacy-practice,metadata,2,https://www.pharmacy.arizona.edu/,"P2 target present, buried",yes,,BASE,Rule 1 — generic term → DS home,was: https://www.arizona.edu/degree-search/majors/advanced-clinical-pharmacy-practice
advanced transportation engineering,exact,https://www.arizona.edu/degree-search,https://www.arizona.edu/degree-search/majors/advanced-transportation-engineering,metadata,absent,https://engineering.arizona.edu/index,"P2 relevant buried, target absent",yes,,BASE,Rule 1 — generic term → DS home,was: https://www.arizona.edu/degree-search/majors/advanced-transportation-engineering
aerospace engineering,exact,https://www.arizona.edu/degree-search,https://www.arizona.edu/degree-search/majors/aerospace-engineering,metadata,absent,https://engineering.arizona.edu/index,"P2 relevant buried, target absent",yes,,BASE,Rule 1 — generic term → DS home,was: https://www.arizona.edu/degree-search/majors/aerospace-engineering
aerospace engineering ms,exact,https://www.arizona.edu/degree-search/majors/aerospace-engineering-ms,https://www.arizona.edu/degree-search/majors/aerospace-engineering-ms,metadata,absent,https://engineering.arizona.edu/index,"P2 relevant buried, target absent",yes,yes,GRAD,Rule 2 — specific entity (kept),
aerospace engineering phd,exact,https://www.arizona.edu/degree-search/majors/aerospace-engineering-dp,https://www.arizona.edu/degree-search/majors/aerospace-engineering-dp,metadata,absent,https://engineering.arizona.edu/index,"P2 relevant buried, target absent",yes,yes,PHD,Rule 2 — specific entity (kept),
africana studies university of arizona,exact,https://www.arizona.edu/degree-search,https://www.arizona.edu/degree-search/majors/africana-studies,ahrefs,3,https://africana.arizona.edu/,"P2 target present, buried",yes,,BASE,Rule 1 — generic term → DS home,was: https://www.arizona.edu/degree-search/majors/africana-studies
aging graduate,exact,https://www.arizona.edu/degree-search/majors/innovations-in-aging-gc,https://www.arizona.edu/degree-search/majors/innovations-in-aging-gc,metadata,absent,https://innovationsinaging.uahs.arizona.edu/programs/masters-program,"P2 relevant buried, target absent",yes,,GRAD,Rule 2 — specific entity (kept),
aging law and policy,exact,https://www.arizona.edu/degree-search,https://www.arizona.edu/degree-search/majors/aging-law-and-policy,metadata,4,https://law.arizona.edu/,"P2 target present, buried",yes,,BASE,Rule 1 — generic term → DS home,was: https://www.arizona.edu/degree-search/majors/aging-law-and-policy
agribusiness economics & management,exact,https://www.arizona.edu/degree-search/majors/agricultural-and-applied-economics-agribusiness-economics-and-management-emphasis,https://www.arizona.edu/degree-search/majors/agricultural-and-applied-economics-agribusiness-economics-and-management-emphasis,metadata,absent,https://eller.arizona.edu/,"P2 relevant buried, target absent",yes,,EMPHASIS,Rule 2 — specific entity (kept),
agribusiness economics and management agribusiness management,exact,https://www.arizona.edu/degree-search/majors/agribusiness-economics-and-management-agribusiness-management-emphasis,https://www.arizona.edu/degree-search/majors/agribusiness-economics-and-management-agribusiness-management-emphasis,metadata,absent,https://eller.arizona.edu/,"P2 relevant buried, target absent",yes,,EMPHASIS,Rule 2 — specific entity (kept),
agribusiness economics and management agricultural economics,exact,https://www.arizona.edu/degree-search/majors/agribusiness-economics-and-management-agricultural-economics-emphasis,https://www.arizona.edu/degree-search/majors/agribusiness-economics-and-management-agricultural-economics-emphasis,metadata,absent,https://eller.arizona.edu/,"P2 relevant buried, target absent",yes,,EMPHASIS,Rule 2 — specific entity (kept),
agricultural and resource economics,exact,https://www.arizona.edu/degree-search,https://www.arizona.edu/degree-search/majors/agricultural-and-resource-economics,metadata,absent,https://eller.arizona.edu/,"P2 relevant buried, target absent",yes,,BASE,Rule 1 — generic term → DS home,was: https://www.arizona.edu/degree-search/majors/agricultural-and-resource-economics
agricultural education and teaching,exact,https://www.arizona.edu/degree-search/majors/agricultural-technology-management-and-education-teaching-emphasis,https://www.arizona.edu/degree-search/majors/agricultural-technology-management-and-education-teaching-emphasis,metadata,absent,https://education.arizona.edu/,"P2 relevant buried, target absent",yes,,EMPHASIS,Rule 2 — specific entity (kept),
"agricultural education, leadership and communication",exact,https://www.arizona.edu/degree-search/majors/agricultural-technology-management-and-education-leadership-and-communication-emphasis,https://www.arizona.edu/degree-search/majors/agricultural-technology-management-and-education-leadership-and-communication-emphasis,metadata,absent,https://sbs.arizona.edu/,"P2 relevant buried, target absent",yes,,EMPHASIS,Rule 2 — specific entity (kept),
agriculture and technology,exact,https://www.arizona.edu/degree-search/majors/agricultural-technology-management-and-education-agricultural-technology-management-emphasis,https://www.arizona.edu/degree-search/majors/agricultural-technology-management-and-education-agricultural-technology-management-emphasis,ahrefs,absent,https://cales.arizona.edu/,"P2 relevant buried, target absent",yes,,EMPHASIS,Rule 2 — specific entity (kept),
ai for business,exact,https://www.arizona.edu/degree-search,https://www.arizona.edu/degree-search/majors/ai-for-business,metadata,absent,https://eller.arizona.edu/,"P2 relevant buried, target absent",yes,,BASE,Rule 1 — generic term → DS home,was: https://www.arizona.edu/degree-search/majors/ai-for-business
american indian higher education graduate,exact,https://www.arizona.edu/degree-search/majors/american-indian-higher-education,https://www.arizona.edu/degree-search/majors/american-indian-higher-education,metadata,4,https://education.arizona.edu/,"P2 target present, buried",yes,,BASE,Rule 2 — REVIEW: specific term on base page,needs GRAD entity; no matching level page in dataset — verify
american indian studies,exact,https://www.arizona.edu/degree-search,https://www.arizona.edu/degree-search/majors/american-indian-studies,metadata,absent,https://ais.arizona.edu/degree-requirements,"P2 relevant buried, target absent",yes,,BASE,Rule 1 — generic term → DS home,was: https://www.arizona.edu/degree-search/majors/american-indian-studies
american indian studies phd,exact,https://www.arizona.edu/degree-search/majors/american-indian-studies-dp,https://www.arizona.edu/degree-search/majors/american-indian-studies-dp,metadata,absent,https://ais.arizona.edu/degree-requirements,"P2 relevant buried, target absent",yes,yes,PHD,Rule 2 — specific entity (kept),
animal and comparative biomedical sciences,exact,https://www.arizona.edu/degree-search,https://www.arizona.edu/degree-search/majors/animal-and-comparative-biomedical-sciences-ms,metadata,absent,https://vetmed.arizona.edu/,"P2 relevant buried, target absent",yes,,GRAD,Rule 1 — generic term → DS home,was: https://www.arizona.edu/degree-search/majors/animal-and-comparative-biomedical-sciences-ms
animal and comparative biomedical sciences phd,exact,https://www.arizona.edu/degree-search/majors/animal-and-comparative-biomedical-sciences-dp,https://www.arizona.edu/degree-search/majors/animal-and-comparative-biomedical-sciences-dp,metadata,absent,https://vetmed.arizona.edu/,"P2 relevant buried, target absent",yes,yes,PHD,Rule 2 — specific entity (kept),
animal science animal industry,exact,https://www.arizona.edu/degree-search/majors/animal-sciences-animal-industry-emphasis,https://www.arizona.edu/degree-search/majors/animal-sciences-animal-industry-emphasis,metadata,3,https://science.arizona.edu/,"P2 target present, buried",yes,,EMPHASIS,Rule 2 — specific entity (kept),
animal science pictures,exact,https://www.arizona.edu/degree-search/majors/animal-sciences-science-and-pre-professional-emphasis,https://www.arizona.edu/degree-search/majors/animal-sciences-science-and-pre-professional-emphasis,ahrefs,absent,https://science.arizona.edu/,"P2 relevant buried, target absent",yes,,EMPHASIS,Rule 2 — specific entity (kept),
animal sciences race industry,exact,https://www.arizona.edu/degree-search/majors/animal-sciences-race-track-industry-emphasis,https://www.arizona.edu/degree-search/majors/animal-sciences-race-track-industry-emphasis,metadata,3,https://vetmed.arizona.edu/,"P2 target present, buried",yes,,EMPHASIS,Rule 2 — specific entity (kept),
anthropology,exact,https://www.arizona.edu/degree-search,https://www.arizona.edu/degree-search/majors/anthropology,metadata,absent,https://sbs.arizona.edu/,"P2 relevant buried, target absent",yes,,BASE,Rule 1 — generic term → DS home,was: https://www.arizona.edu/degree-search/majors/anthropology
anthropology and linguistics,exact,https://www.arizona.edu/degree-search,https://www.arizona.edu/degree-search/majors/anthropology-and-linguistics,metadata,absent,https://sbs.arizona.edu/,"P2 relevant buried, target absent",yes,,BASE,Rule 1 — generic term → DS home,was: https://www.arizona.edu/degree-search/majors/anthropology-and-linguistics
anthropology archaeological sciences,exact,https://www.arizona.edu/degree-search/majors/anthropology-archaeological-sciences-emphasis,https://www.arizona.edu/degree-search/majors/anthropology-archaeological-sciences-emphasis,metadata,absent,https://sbs.arizona.edu/,"P2 relevant buried, target absent",yes,,EMPHASIS,Rule 2 — specific entity (kept),
anthropology ba,exact,https://www.arizona.edu/degree-search/majors/anthropology-ba,https://www.arizona.edu/degree-search/majors/anthropology-ba,metadata,absent,https://sbs.arizona.edu/,"P2 relevant buried, target absent",yes,yes,UG,Rule 2 — specific entity (kept),
anthropology human biology,exact,https://www.arizona.edu/degree-search/majors/anthropology-human-biology-emphasis,https://www.arizona.edu/degree-search/majors/anthropology-human-biology-emphasis,metadata,absent,https://sbs.arizona.edu/,"P2 relevant buried, target absent",yes,,EMPHASIS,Rule 2 — specific entity (kept),
anthropology ma,exact,https://www.arizona.edu/degree-search/majors/anthropology-ma,https://www.arizona.edu/degree-search/majors/anthropology-ma,metadata,absent,https://sbs.arizona.edu/,"P2 relevant buried, target absent",yes,yes,GRAD,Rule 2 — specific entity (kept),
anthropology phd,exact,https://www.arizona.edu/degree-search/majors/anthropology-dp,https://www.arizona.edu/degree-search/majors/anthropology-dp,metadata,absent,https://sbs.arizona.edu/,"P2 relevant buried, target absent",yes,yes,PHD,Rule 2 — specific entity (kept),
applied behavior analysis,exact,https://www.arizona.edu/degree-search,https://www.arizona.edu/degree-search/majors/applied-behavior-analysis,metadata,4,https://behavioranalysis.arizona.edu/masters-aba,"P2 target present, buried",yes,,BASE,Rule 1 — generic term → DS home,was: https://www.arizona.edu/degree-search/majors/applied-behavior-analysis
applied biosciences,exact,https://www.arizona.edu/degree-search,https://www.arizona.edu/degree-search/majors/applied-biosciences,metadata,absent,https://abs.arizona.edu/prospective-students/how-apply,"P2 relevant buried, target absent",yes,,BASE,Rule 1 — generic term → DS home,was: https://www.arizona.edu/degree-search/majors/applied-biosciences
applied biotechnology,exact,https://www.arizona.edu/degree-search,https://www.arizona.edu/degree-search/majors/applied-biotechnology,ahrefs,9,https://spls.arizona.edu/undergraduate/bs-applied-biotechnology,"P2 target present, buried",yes,,BASE,Rule 1 — generic term → DS home,was: https://www.arizona.edu/degree-search/majors/applied-biotechnology
applied biotechnology food and beverage fermentation,exact,https://www.arizona.edu/degree-search/majors/applied-biotechnology-food-and-beverage-fermentation-emphasis,https://www.arizona.edu/degree-search/majors/applied-biotechnology-food-and-beverage-fermentation-emphasis,metadata,3,https://union.arizona.edu/,"P2 target present, buried",yes,,EMPHASIS,Rule 2 — specific entity (kept),
applied biotechnology industrial plant and microbial biotechnology,exact,https://www.arizona.edu/degree-search/majors/applied-biotechnology-industrial-plant-and-microbial-biotechnology-emphasis,https://www.arizona.edu/degree-search/majors/applied-biotechnology-industrial-plant-and-microbial-biotechnology-emphasis,metadata,1,https://www.arizona.edu/degree-search/majors/applied-biotechnology-industrial-plant-and-microbial-biotechnology-emphasis,P0 already #1,no (already #1),,EMPHASIS,Rule 2 — specific entity (kept),
applied computing,exact,https://www.arizona.edu/degree-search/majors/applied-computing-applied-artificial-intelligence-emphasis,https://www.arizona.edu/degree-search/majors/applied-computing-applied-artificial-intelligence-emphasis,ahrefs,8,https://azcast.arizona.edu/node/801,"P2 target present, buried",yes,,EMPHASIS,Rule 2 — specific entity (kept),
applied computing university of arizona,exact,https://www.arizona.edu/degree-search/majors/applied-computing-network-operations-emphasis,https://www.arizona.edu/degree-search/majors/applied-computing-network-operations-emphasis,ahrefs,10,https://www.arizona.edu/admissions,"P2 target present, buried",yes,,EMPHASIS,Rule 2 — specific entity (kept),
applied computing university of arizona emphasis,exact,https://www.arizona.edu/degree-search/majors/applied-computing-cloud-computing-emphasis,https://www.arizona.edu/degree-search/majors/applied-computing-cloud-computing-emphasis,ahrefs,2,https://www.arizona.edu/admissions,"P2 target present, buried",yes,yes,EMPHASIS,Rule 2 — specific entity (kept),
applied humanities astrobiology,exact,https://www.arizona.edu/degree-search/majors/applied-humanities-astrobiology-emphasis,https://www.arizona.edu/degree-search/majors/applied-humanities-astrobiology-emphasis,metadata,absent,https://humanities.arizona.edu/,"P2 relevant buried, target absent",yes,,EMPHASIS,Rule 2 — specific entity (kept),
applied humanities business administration,exact,https://www.arizona.edu/degree-search/majors/applied-humanities-business-administration-emphasis,https://www.arizona.edu/degree-search/majors/applied-humanities-business-administration-emphasis,ahrefs,absent,https://eller.arizona.edu/,"P2 relevant buried, target absent",yes,,EMPHASIS,Rule 2 — specific entity (kept),
"applied humanities consumer, market and retail studies",exact,https://www.arizona.edu/degree-search/majors/applied-humanities-consumer-market-and-retail-studies-emphasis,https://www.arizona.edu/degree-search/majors/applied-humanities-consumer-market-and-retail-studies-emphasis,metadata,3,https://humanities.arizona.edu/,"P2 target present, buried",yes,,EMPHASIS,Rule 2 — specific entity (kept),
applied humanities engineering approaches,exact,https://www.arizona.edu/degree-search/majors/applied-humanities-engineering-approaches-emphasis,https://www.arizona.edu/degree-search/majors/applied-humanities-engineering-approaches-emphasis,metadata,absent,https://engineering.arizona.edu/index,"P2 relevant buried, target absent",yes,,EMPHASIS,Rule 2 — specific entity (kept),
applied humanities entrepreneurship,exact,https://www.arizona.edu/degree-search/majors/applied-humanities-entrepreneurship-emphasis,https://www.arizona.edu/degree-search/majors/applied-humanities-entrepreneurship-emphasis,metadata,absent,https://eller.arizona.edu/,"P2 relevant buried, target absent",yes,,EMPHASIS,Rule 2 — specific entity (kept),
applied humanities environmental systems,exact,https://www.arizona.edu/degree-search/majors/applied-humanities-environmental-systems-emphasis,https://www.arizona.edu/degree-search/majors/applied-humanities-environmental-systems-emphasis,metadata,absent,https://humanities.arizona.edu/,"P2 relevant buried, target absent",yes,,EMPHASIS,Rule 2 — specific entity (kept),
applied humanities game studies,exact,https://www.arizona.edu/degree-search/majors/applied-humanities-game-studies-emphasis,https://www.arizona.edu/degree-search/majors/applied-humanities-game-studies-emphasis,metadata,absent,https://humanities.arizona.edu/,"P2 relevant buried, target absent",yes,,EMPHASIS,Rule 2 — specific entity (kept),
applied humanities human-animal interaction,exact,https://www.arizona.edu/degree-search/majors/applied-humanities-human-animal-interaction-emphasis,https://www.arizona.edu/degree-search/majors/applied-humanities-human-animal-interaction-emphasis,metadata,5,https://humanities.arizona.edu/,"P2 target present, buried",yes,,EMPHASIS,Rule 2 — specific entity (kept),
applied humanities medicine,exact,https://www.arizona.edu/degree-search/majors/applied-humanities-medicine-emphasis,https://www.arizona.edu/degree-search/majors/applied-humanities-medicine-emphasis,metadata,absent,https://humanities.arizona.edu/,"P2 relevant buried, target absent",yes,,EMPHASIS,Rule 2 — specific entity (kept),
applied humanities plant studies,exact,https://www.arizona.edu/degree-search/majors/applied-humanities-plant-studies-emphasis,https://www.arizona.edu/degree-search/majors/applied-humanities-plant-studies-emphasis,metadata,absent,https://humanities.arizona.edu/,"P2 relevant buried, target absent",yes,,EMPHASIS,Rule 2 — specific entity (kept),
applied humanities rural leadership and renewal,exact,https://www.arizona.edu/degree-search/majors/applied-humanities-rural-leadership-and-renewal-emphasis,https://www.arizona.edu/degree-search/majors/applied-humanities-rural-leadership-and-renewal-emphasis,metadata,7,https://humanities.arizona.edu/,"P2 target present, buried",yes,,EMPHASIS,Rule 2 — specific entity (kept),
applied humanities university of arizona,exact,https://www.arizona.edu/degree-search/majors/applied-humanities-business-administration-emphasis,https://www.arizona.edu/degree-search/majors/applied-humanities-business-administration-emphasis,ahrefs,absent,https://humanities.arizona.edu/,"P2 relevant buried, target absent",yes,,EMPHASIS,Rule 2 — specific entity (kept),
applied humanities university of arizona emphasis,exact,https://www.arizona.edu/degree-search/majors/applied-humanities-public-health-emphasis,https://www.arizona.edu/degree-search/majors/applied-humanities-public-health-emphasis,ahrefs,absent,https://humanities.arizona.edu/,"P2 relevant buried, target absent",yes,yes,EMPHASIS,Rule 2 — specific entity (kept),
applied intercultural arts research,exact,https://www.arizona.edu/degree-search,https://www.arizona.edu/degree-search/majors/applied-intercultural-arts-research-ma,metadata,absent,https://aiar.arizona.edu/phd-applied-intercultural-arts-research,"P2 relevant buried, target absent",yes,,GRAD,Rule 1 — generic term → DS home,was: https://www.arizona.edu/degree-search/majors/applied-intercultural-arts-research-ma
applied intercultural arts research phd,exact,https://www.arizona.edu/degree-search/majors/applied-intercultural-arts-research-dp,https://www.arizona.edu/degree-search/majors/applied-intercultural-arts-research-dp,metadata,absent,https://aiar.arizona.edu/phd-applied-intercultural-arts-research,"P2 relevant buried, target absent",yes,yes,PHD,Rule 2 — specific entity (kept),
applied mathematics,exact,https://www.arizona.edu/degree-search/majors/mathematics-applied-emphasis-ba,https://www.arizona.edu/degree-search/majors/mathematics-applied-emphasis-ba,metadata,absent,https://appliedmath.arizona.edu/admissions/application-procedures,"P2 relevant buried, target absent",yes,,EMPHASIS,Rule 2 — specific entity (kept),
applied mathematics graduate certificate,exact,https://www.arizona.edu/degree-search/majors/applied-mathematics-gc,https://www.arizona.edu/degree-search/majors/applied-mathematics-gc,metadata,absent,https://appliedmath.arizona.edu/admissions/application-procedures,"P2 relevant buried, target absent",yes,yes,GRAD,Rule 2 — specific entity (kept),
applied mathematics ms,exact,https://www.arizona.edu/degree-search/majors/applied-mathematics-ms,https://www.arizona.edu/degree-search/majors/applied-mathematics-ms,metadata,absent,https://appliedmath.arizona.edu/admissions/application-procedures,"P2 relevant buried, target absent",yes,yes,GRAD,Rule 2 — specific entity (kept),
applied mathematics phd,exact,https://www.arizona.edu/degree-search/majors/applied-mathematics-dp,https://www.arizona.edu/degree-search/majors/applied-mathematics-dp,metadata,absent,https://appliedmath.arizona.edu/admissions/application-procedures,"P2 relevant buried, target absent",yes,yes,PHD,Rule 2 — specific entity (kept),
applied nutrition,exact,https://www.arizona.edu/degree-search,https://www.arizona.edu/degree-search/majors/applied-nutrition-gc,metadata,7,https://snsw.arizona.edu/graduate/online-distance-programs/psm-applied-nutrition-nutrition-wellness-ms-pathway,"P2 target present, buried",yes,,GRAD,Rule 1 — generic term → DS home,was: https://www.arizona.edu/degree-search/majors/applied-nutrition-gc
applied nutrition professional science masters,exact,https://www.arizona.edu/degree-search/majors/applied-nutrition-psm,https://www.arizona.edu/degree-search/majors/applied-nutrition-psm,metadata,8,https://snsw.arizona.edu/graduate/online-distance-programs/psm-applied-nutrition-nutrition-wellness-ms-pathway,"P2 target present, buried",yes,yes,GRAD,Rule 2 — specific entity (kept),
applied physics,exact,https://www.arizona.edu/degree-search,https://www.arizona.edu/degree-search/majors/applied-physics,ahrefs,absent,https://science.arizona.edu/,P1 all results off-topic,yes,,BASE,Rule 1 — generic term → DS home,was: https://www.arizona.edu/degree-search/majors/applied-physics
applied physics degree,exact,https://www.arizona.edu/degree-search,https://www.arizona.edu/degree-search/majors/applied-physics,ahrefs,absent,https://www.arizona.edu/degree-search,P1 all results off-topic,yes,,BASE,Rule 1 — generic term → DS home,was: https://www.arizona.edu/degree-search/majors/applied-physics
applied physics major,exact,https://www.arizona.edu/degree-search,https://www.arizona.edu/degree-search/majors/applied-physics,ahrefs,absent,https://www.arizona.edu/degree-search,P1 all results off-topic,yes,,BASE,Rule 1 — generic term → DS home,was: https://www.arizona.edu/degree-search/majors/applied-physics
applied science administration of justice,exact,https://www.arizona.edu/degree-search/majors/applied-science-administration-of-justice-emphasis,https://www.arizona.edu/degree-search/majors/applied-science-administration-of-justice-emphasis,metadata,absent,https://science.arizona.edu/,"P2 relevant buried, target absent",yes,,EMPHASIS,Rule 2 — specific entity (kept),
aquaculture,exact,https://www.arizona.edu/degree-search,https://www.arizona.edu/degree-search/majors/aquaculture,metadata,1,https://www.arizona.edu/degree-search/majors/aquaculture,P0 already #1,no (already #1),,BASE,Rule 1 — generic term → DS home,was: https://www.arizona.edu/degree-search/majors/aquaculture
arabic,exact,https://www.arizona.edu/degree-search,https://www.arizona.edu/degree-search/majors/arabic,metadata,13,https://international-admissions.arizona.edu/application-requirements/united-arab-emirates,"P2 target present, buried",yes,,BASE,Rule 1 — generic term → DS home,was: https://www.arizona.edu/degree-search/majors/arabic
architectural design and spatial thinking,exact,https://www.arizona.edu/degree-search/majors/applied-humanities-spatial-organization-and-design-thinking-emphasis,https://www.arizona.edu/degree-search/majors/applied-humanities-spatial-organization-and-design-thinking-emphasis,metadata,1,https://www.arizona.edu/degree-search/majors/applied-humanities-spatial-organization-and-design-thinking-emphasis,P0 already #1,no (already #1),,EMPHASIS,Rule 2 — specific entity (kept),
architectural engineering,exact,https://www.arizona.edu/degree-search,https://www.arizona.edu/degree-search/majors/architectural-engineering,ahrefs,absent,https://engineering.arizona.edu/index,"P2 relevant buried, target absent",yes,,BASE,Rule 1 — generic term → DS home,was: https://www.arizona.edu/degree-search/majors/architectural-engineering
architectural engineering bachelor degree,exact,https://www.arizona.edu/degree-search/majors/architectural-engineering,https://www.arizona.edu/degree-search/majors/architectural-engineering,ahrefs,12,https://www.arizona.edu/degree-search,"P2 target present, buried",yes,,BASE,Rule 2 — REVIEW: specific term on base page,needs UG entity; no matching level page in dataset — verify
architectural engineering education requirements,exact,https://www.arizona.edu/degree-search/majors/architectural-engineering,https://www.arizona.edu/degree-search/majors/architectural-engineering,ahrefs,absent,https://education.arizona.edu/,"P2 relevant buried, target absent",yes,,BASE,REVIEW: base-page mapping (verify generic vs keep),trigger not a clean field-name match; left unchanged
architecture,exact,https://www.arizona.edu/degree-search,https://www.arizona.edu/degree-search/majors/architecture,metadata,absent,https://capla.arizona.edu/,"P2 relevant buried, target absent",yes,,BASE,Rule 1 — generic term → DS home,was: https://www.arizona.edu/degree-search/majors/architecture
architecture ma,exact,https://www.arizona.edu/degree-search/majors/architecture-ma,https://www.arizona.edu/degree-search/majors/architecture-ma,metadata,absent,https://capla.arizona.edu/,"P2 relevant buried, target absent",yes,yes,GRAD,Rule 2 — specific entity (kept),
architecture major,exact,https://www.arizona.edu/degree-search,https://www.arizona.edu/degree-search/majors/architecture-ba,ahrefs,absent,https://capla.arizona.edu/,"P2 relevant buried, target absent",yes,,UG,Rule 1 — generic term → DS home,was: https://www.arizona.edu/degree-search/majors/architecture-ba
architecture ms,exact,https://www.arizona.edu/degree-search/majors/architecture-ms,https://www.arizona.edu/degree-search/majors/architecture-ms,metadata,absent,https://capla.arizona.edu/,"P2 relevant buried, target absent",yes,yes,GRAD,Rule 2 — specific entity (kept),
archival studies,exact,https://www.arizona.edu/degree-search,https://www.arizona.edu/degree-search/majors/archival-studies,metadata,5,https://mas.arizona.edu/archives,"P2 target present, buried",yes,,BASE,Rule 1 — generic term → DS home,was: https://www.arizona.edu/degree-search/majors/archival-studies
arid lands resource sciences,exact,https://www.arizona.edu/degree-search,https://www.arizona.edu/degree-search/majors/arid-lands-resource-sciences,metadata,absent,https://alrs.arizona.edu/degree-requirements,"P2 relevant buried, target absent",yes,,BASE,Rule 1 — generic term → DS home,was: https://www.arizona.edu/degree-search/majors/arid-lands-resource-sciences
arizona accounting,exact,https://www.arizona.edu/degree-search,https://www.arizona.edu/degree-search/majors/accounting-bsba,ahrefs,absent,https://eller.arizona.edu/,"P2 relevant buried, target absent",yes,,UG,Rule 1 — generic term → DS home,was: https://www.arizona.edu/degree-search/majors/accounting-bsba
arizona astronomy,exact,https://www.arizona.edu/degree-search,https://www.arizona.edu/degree-search/majors/astronomy,ahrefs,absent,https://science.arizona.edu/,P1 all results off-topic,yes,,BASE,Rule 1 — generic term → DS home,was: https://www.arizona.edu/degree-search/majors/astronomy
arizona audiology,exact,https://www.arizona.edu/degree-search/majors/doctor-of-audiology,https://www.arizona.edu/degree-search/majors/doctor-of-audiology,ahrefs,1,https://www.arizona.edu/degree-search/majors/doctor-of-audiology,P0 already #1,no (already #1),,PHD,Rule 2 — specific entity (kept),
arizona chemistry,exact,https://www.arizona.edu/degree-search,https://www.arizona.edu/degree-search/majors/chemistry-bs,ahrefs,absent,https://science.arizona.edu/,P1 all results off-topic,yes,,UG,Rule 1 — generic term → DS home,was: https://www.arizona.edu/degree-search/majors/chemistry-bs
arizona computer science,exact,https://www.arizona.edu/degree-search/majors/environmental-science-the-biosphere-emphasis,https://www.arizona.edu/degree-search/majors/environmental-science-the-biosphere-emphasis,ahrefs,absent,https://science.arizona.edu/,"P2 relevant buried, target absent",yes,,EMPHASIS,Rule 2 — specific entity (kept),
arizona egypt,exact,https://www.arizona.edu/degree-search/majors/egyptian-archaeology,https://www.arizona.edu/degree-search/majors/egyptian-archaeology,ahrefs,absent,https://international-admissions.arizona.edu/application-requirements/egypt,"P2 relevant buried, target absent",yes,,BASE,REVIEW: base-page mapping (verify generic vs keep),trigger not a clean field-name match; left unchanged
arizona equine,exact,https://www.arizona.edu/degree-search/majors/animal-sciences-equine-emphasis,https://www.arizona.edu/degree-search/majors/animal-sciences-equine-emphasis,ahrefs,13,https://www.arizona.edu/admissions,"P2 target present, buried",yes,,EMPHASIS,Rule 2 — specific entity (kept),
arizona paraprofessional certification,exact,https://www.arizona.edu/degree-search/majors/legal-paraprofessional,https://www.arizona.edu/degree-search/majors/legal-paraprofessional,ahrefs,1,https://www.arizona.edu/degree-search/majors/legal-paraprofessional,P0 already #1,no (already #1),,BASE,REVIEW: base-page mapping (verify generic vs keep),trigger not a clean field-name match; left unchanged
arizona philosophy,exact,https://www.arizona.edu/degree-search,https://www.arizona.edu/degree-search/majors/philosophy-ba,ahrefs,absent,https://sbs.arizona.edu/,"P2 relevant buried, target absent",yes,,UG,Rule 1 — generic term → DS home,was: https://www.arizona.edu/degree-search/majors/philosophy-ba
arizona politics,exact,https://www.arizona.edu/degree-search/majors/political-science-american-politics-emphasis,https://www.arizona.edu/degree-search/majors/political-science-american-politics-emphasis,ahrefs,6,https://www.arizona.edu/admissions,"P2 target present, buried",yes,,EMPHASIS,Rule 2 — specific entity (kept),
arizona state university pa program,exact,https://www.arizona.edu/degree-search/majors/physician-assistant,https://www.arizona.edu/degree-search/majors/physician-assistant,ahrefs,absent,https://www.arizona.edu/degree-search,"P2 relevant buried, target absent",yes,,BASE,REVIEW: base-page mapping (verify generic vs keep),trigger not a clean field-name match; left unchanged
arizona university mba,exact,https://www.arizona.edu/degree-search/majors/business-administration-mba,https://www.arizona.edu/degree-search/majors/business-administration-mba,ahrefs,2,https://eller.arizona.edu/,"P2 target present, buried",yes,,GRAD,Rule 2 — specific entity (kept),
art and education,exact,https://www.arizona.edu/degree-search,https://www.arizona.edu/degree-search/majors/art-and-visual-culture-education-teaching-emphasis,metadata,absent,https://cfa.arizona.edu/,"P2 relevant buried, target absent",yes,,EMPHASIS,Rule 1 — generic term → DS home,was: https://www.arizona.edu/degree-search/majors/art-and-visual-culture-education-teaching-emphasis
art and visual culture education,exact,https://www.arizona.edu/degree-search,https://www.arizona.edu/degree-search/majors/art-and-visual-culture-education,metadata,6,https://cfa.arizona.edu/,"P2 target present, buried",yes,,BASE,Rule 1 — generic term → DS home,was: https://www.arizona.edu/degree-search/majors/art-and-visual-culture-education
art education community and museums,exact,https://www.arizona.edu/degree-search/majors/art-and-visual-culture-education-community-museums-emphasis,https://www.arizona.edu/degree-search/majors/art-and-visual-culture-education-community-museums-emphasis,metadata,18,https://cfa.arizona.edu/,"P2 target present, buried",yes,,EMPHASIS,Rule 2 — specific entity (kept),
art history,exact,https://www.arizona.edu/degree-search,https://www.arizona.edu/degree-search/majors/art-history,metadata,absent,https://cfa.arizona.edu/,"P2 relevant buried, target absent",yes,,BASE,Rule 1 — generic term → DS home,was: https://www.arizona.edu/degree-search/majors/art-history
art history and education,exact,https://www.arizona.edu/degree-search,https://www.arizona.edu/degree-search/majors/art-history-and-education,metadata,absent,https://cfa.arizona.edu/,"P2 relevant buried, target absent",yes,,BASE,Rule 1 — generic term → DS home,was: https://www.arizona.edu/degree-search/majors/art-history-and-education
art history ba,exact,https://www.arizona.edu/degree-search/majors/art-history-ba,https://www.arizona.edu/degree-search/majors/art-history-ba,metadata,absent,https://cfa.arizona.edu/,"P2 relevant buried, target absent",yes,yes,UG,Rule 2 — specific entity (kept),
art history masters degree,exact,https://www.arizona.edu/degree-search/majors/art-history-ma,https://www.arizona.edu/degree-search/majors/art-history-ma,ahrefs,absent,https://cfa.arizona.edu/,"P2 relevant buried, target absent",yes,,GRAD,Rule 2 — specific entity (kept),
artificial intelligence university,exact,https://www.arizona.edu/degree-search,https://www.arizona.edu/degree-search/majors/artificial-intelligence,ahrefs,absent,https://azcast.arizona.edu/node/803,"P2 relevant buried, target absent",yes,,BASE,Rule 1 — generic term → DS home,was: https://www.arizona.edu/degree-search/majors/artificial-intelligence
asian dp,exact,https://www.arizona.edu/degree-search/majors/east-asian-studies-dp,https://www.arizona.edu/degree-search/majors/east-asian-studies-dp,ahrefs,absent,https://coh-it.arizona.edu/purchase_req/adapters-mini-dp-vga-mini-dp-hdmi-usb-c-vga-usb-c-hdmi,"P2 relevant buried, target absent",yes,,PHD,Rule 2 — specific entity (kept),
asm degree,exact,https://www.arizona.edu/degree-search/majors/agricultural-systems-management,https://www.arizona.edu/degree-search/majors/agricultural-systems-management,ahrefs,absent,https://www.arizona.edu/degree-search,P1 all results off-topic,yes,,BASE,REVIEW: base-page mapping (verify generic vs keep),trigger not a clean field-name match; left unchanged
astronomy and astrophysics,exact,https://www.arizona.edu/degree-search,https://www.arizona.edu/degree-search/majors/astronomy-and-astrophysics,metadata,absent,https://science.arizona.edu/,P1 all results off-topic,yes,,BASE,Rule 1 — generic term → DS home,was: https://www.arizona.edu/degree-search/majors/astronomy-and-astrophysics
asu biotechnology,exact,https://www.arizona.edu/degree-search/majors/applied-biotechnology,https://www.arizona.edu/degree-search/majors/applied-biotechnology,ahrefs,14,https://www.arizona.edu/degree-search/majors/applied-biotechnology-industrial-plant-and-microbial-biotechnology-emphasis,"P2 target present, buried",yes,,BASE,REVIEW: base-page mapping (verify generic vs keep),trigger not a clean field-name match; left unchanged
asu computer systems engineering,exact,https://www.arizona.edu/degree-search/majors/systems-engineering-bsse,https://www.arizona.edu/degree-search/majors/systems-engineering-bsse,ahrefs,absent,https://engineering.arizona.edu/index,"P2 relevant buried, target absent",yes,,UG,Rule 2 — specific entity (kept),
asu global health,exact,https://www.arizona.edu/degree-search/majors/public-health-global-health-emphasis,https://www.arizona.edu/degree-search/majors/public-health-global-health-emphasis,ahrefs,absent,https://international.arizona.edu/study-abroad,"P2 relevant buried, target absent",yes,,EMPHASIS,Rule 2 — specific entity (kept),
asu meteorology,exact,https://www.arizona.edu/degree-search/majors/hydrology-and-atmospheric-sciences-meteorology-and-atmospheric-sciences-emphasis,https://www.arizona.edu/degree-search/majors/hydrology-and-atmospheric-sciences-meteorology-and-atmospheric-sciences-emphasis,ahrefs,absent,https://climas.arizona.edu/publication/arizona-meteorological-network-brief-overview,"P2 relevant buried, target absent",yes,,EMPHASIS,Rule 2 — specific entity (kept),
asu neuroscience major map,exact,https://www.arizona.edu/degree-search/majors/neuroscience-and-cognitive-science-cognition-emphasis,https://www.arizona.edu/degree-search/majors/neuroscience-and-cognitive-science-cognition-emphasis,ahrefs,absent,https://www.arizona.edu/degree-search,"P2 relevant buried, target absent",yes,,EMPHASIS,Rule 2 — specific entity (kept),
atmospheric sciences,exact,https://www.arizona.edu/degree-search,https://www.arizona.edu/degree-search/majors/atmospheric-sciences-ms,metadata,absent,https://has.arizona.edu/people/committees/admissions-committee,"P2 relevant buried, target absent",yes,,GRAD,Rule 1 — generic term → DS home,was: https://www.arizona.edu/degree-search/majors/atmospheric-sciences-ms
atmospheric sciences phd,exact,https://www.arizona.edu/degree-search/majors/atmospheric-sciences-dp,https://www.arizona.edu/degree-search/majors/atmospheric-sciences-dp,metadata,absent,https://has.arizona.edu/people/committees/admissions-committee,"P2 relevant buried, target absent",yes,yes,PHD,Rule 2 — specific entity (kept),
aviation engineering degree,exact,https://www.arizona.edu/degree-search/majors/aerospace-engineering-bsae,https://www.arizona.edu/degree-search/majors/aerospace-engineering-bsae,ahrefs,absent,https://www.arizona.edu/degree-search,"P2 relevant buried, target absent",yes,,UG,Rule 2 — specific entity (kept),
ba film,exact,https://www.arizona.edu/degree-search/majors/film-and-television-ba,https://www.arizona.edu/degree-search/majors/film-and-television-ba,ahrefs,3,https://cfa.arizona.edu/,"P2 target present, buried",yes,,UG,Rule 2 — specific entity (kept),
ba music education,exact,https://www.arizona.edu/degree-search/majors/music-education,https://www.arizona.edu/degree-search/majors/music-education,ahrefs,absent,https://education.arizona.edu/,"P2 relevant buried, target absent",yes,,BASE,Rule 2 — REVIEW: specific term on base page,needs UG entity; no matching level page in dataset — verify
bachelor degree animal science,exact,https://www.arizona.edu/degree-search/majors/animal-sciences-science-and-pre-professional-emphasis,https://www.arizona.edu/degree-search/majors/animal-sciences-science-and-pre-professional-emphasis,ahrefs,11,https://www.arizona.edu/degree-search,"P2 target present, buried",yes,,EMPHASIS,Rule 2 — specific entity (kept),
bachelor of arts in computer science,exact,https://www.arizona.edu/degree-search/majors/computer-science-ba,https://www.arizona.edu/degree-search/majors/computer-science-ba,ahrefs,3,https://science.arizona.edu/,"P2 target present, buried",yes,,UG,Rule 2 — specific entity (kept),
bachelor of film and television,exact,https://www.arizona.edu/degree-search/majors/film-and-television-bfa,https://www.arizona.edu/degree-search/majors/film-and-television-bfa,ahrefs,4,https://cfa.arizona.edu/,"P2 target present, buried",yes,,UG,Rule 2 — specific entity (kept),
bachelor of fine arts photography,exact,https://www.arizona.edu/degree-search/majors/studio-art-photography-video-and-imaging-emphasis,https://www.arizona.edu/degree-search/majors/studio-art-photography-video-and-imaging-emphasis,ahrefs,1,https://www.arizona.edu/degree-search/majors/studio-art-photography-video-and-imaging-emphasis,P0 already #1,no (already #1),,EMPHASIS,Rule 2 — specific entity (kept),
bachelor of science chemistry,exact,https://www.arizona.edu/degree-search/majors/chemistry-bs,https://www.arizona.edu/degree-search/majors/chemistry-bs,ahrefs,absent,https://science.arizona.edu/,"P2 relevant buried, target absent",yes,,UG,Rule 2 — specific entity (kept),
bachelor of science in business economics,exact,https://www.arizona.edu/degree-search/majors/business-economics,https://www.arizona.edu/degree-search/majors/business-economics,ahrefs,absent,https://eller.arizona.edu/,"P2 relevant buried, target absent",yes,,BASE,Rule 2 — REVIEW: specific term on base page,needs UG entity; no matching level page in dataset — verify
bachelor's in geology,exact,https://www.arizona.edu/degree-search/majors/geosciences-geology-emphasis,https://www.arizona.edu/degree-search/majors/geosciences-geology-emphasis,ahrefs,1,https://www.arizona.edu/degree-search/majors/geosciences-geology-emphasis,P0 already #1,no (already #1),,EMPHASIS,Rule 2 — specific entity (kept),
bachelors in religious studies,exact,https://www.arizona.edu/degree-search/majors/religious-studies,https://www.arizona.edu/degree-search/majors/religious-studies,ahrefs,1,https://www.arizona.edu/degree-search/majors/religious-studies,P0 already #1,no (already #1),,BASE,Rule 2 — REVIEW: specific term on base page,needs UG entity; no matching level page in dataset — verify
bachelors in studio art,exact,https://www.arizona.edu/degree-search/majors/studio-art,https://www.arizona.edu/degree-search/majors/studio-art,ahrefs,5,https://cfa.arizona.edu/,"P2 target present, buried",yes,,BASE,Rule 2 — REVIEW: specific term on base page,needs UG entity; no matching level page in dataset — verify
bachelors of arts computer science,exact,https://www.arizona.edu/degree-search/majors/computer-science-ba,https://www.arizona.edu/degree-search/majors/computer-science-ba,ahrefs,3,https://science.arizona.edu/,"P2 target present, buried",yes,,UG,Rule 2 — specific entity (kept),
bachelors of arts in computer science,exact,https://www.arizona.edu/degree-search/majors/computer-science-ba,https://www.arizona.edu/degree-search/majors/computer-science-ba,ahrefs,3,https://science.arizona.edu/,"P2 target present, buried",yes,,UG,Rule 2 — specific entity (kept),
bas in applied computing,exact,https://www.arizona.edu/degree-search/majors/applied-computing-applied-artificial-intelligence-emphasis,https://www.arizona.edu/degree-search/majors/applied-computing-applied-artificial-intelligence-emphasis,ahrefs,12,https://online.arizona.edu/programs/undergraduate/online-bachelor-applied-science-cyber-defense-applied-science-bas,"P2 target present, buried",yes,,EMPHASIS,Rule 2 — specific entity (kept),
bassoon performance studies,exact,https://www.arizona.edu/degree-search/majors/performance-bassoon-emphasis,https://www.arizona.edu/degree-search/majors/performance-bassoon-emphasis,metadata,absent,https://anthropology.arizona.edu/person/ellen-b-basso,"P2 relevant buried, target absent",yes,,EMPHASIS,Rule 2 — specific entity (kept),
bilingual audiology,exact,https://www.arizona.edu/degree-search,https://www.arizona.edu/degree-search/majors/bilingual-audiology,metadata,1,https://www.arizona.edu/degree-search/majors/bilingual-audiology,P0 already #1,no (already #1),,BASE,Rule 1 — generic term → DS home,was: https://www.arizona.edu/degree-search/majors/bilingual-audiology
bilingual education,exact,https://www.arizona.edu/degree-search/majors/elementary-education-bilingual-emphasis,https://www.arizona.edu/degree-search/majors/elementary-education-bilingual-emphasis,metadata,absent,https://education.arizona.edu/,"P2 relevant buried, target absent",yes,,EMPHASIS,Rule 2 — specific entity (kept),
bilingual journalism,exact,https://www.arizona.edu/degree-search,https://www.arizona.edu/degree-search/majors/bilingual-journalism,metadata,absent,https://sbs.arizona.edu/,"P2 relevant buried, target absent",yes,,BASE,Rule 1 — generic term → DS home,was: https://www.arizona.edu/degree-search/majors/bilingual-journalism
biochemistry,exact,https://www.arizona.edu/degree-search,https://www.arizona.edu/degree-search/majors/biochemistry-ba,ahrefs,absent,https://science.arizona.edu/,P1 all results off-topic,yes,,UG,Rule 1 — generic term → DS home,was: https://www.arizona.edu/degree-search/majors/biochemistry-ba
biochemistry major map asu,exact,https://www.arizona.edu/degree-search/majors/biochemistry-bs,https://www.arizona.edu/degree-search/majors/biochemistry-bs,ahrefs,absent,https://science.arizona.edu/,"P2 relevant buried, target absent",yes,,UG,Rule 2 — specific entity (kept),
biochemistry ms,exact,https://www.arizona.edu/degree-search/majors/biochemistry-ms,https://www.arizona.edu/degree-search/majors/biochemistry-ms,metadata,absent,https://science.arizona.edu/,P1 all results off-topic,yes,yes,GRAD,Rule 2 — specific entity (kept),
biochemistry phd,exact,https://www.arizona.edu/degree-search/majors/biochemistry-dp,https://www.arizona.edu/degree-search/majors/biochemistry-dp,metadata,absent,https://science.arizona.edu/,P1 all results off-topic,yes,yes,PHD,Rule 2 — specific entity (kept),
biochemistry university of arizona,exact,https://www.arizona.edu/degree-search,https://www.arizona.edu/degree-search/majors/biochemistry-bs,ahrefs,absent,https://science.arizona.edu/,P1 all results off-topic,yes,,UG,Rule 1 — generic term → DS home,was: https://www.arizona.edu/degree-search/majors/biochemistry-bs
bioinformatics university of arizona,exact,https://www.arizona.edu/degree-search,https://www.arizona.edu/degree-search/majors/bioinformatics,ahrefs,4,https://www.arizona.edu/admissions,"P2 target present, buried",yes,,BASE,Rule 1 — generic term → DS home,was: https://www.arizona.edu/degree-search/majors/bioinformatics
biological and biomedical sciences major,exact,https://www.arizona.edu/degree-search/majors/biology-biomedical-sciences-emphasis,https://www.arizona.edu/degree-search/majors/biology-biomedical-sciences-emphasis,ahrefs,14,https://www.arizona.edu/degree-search,"P2 target present, buried",yes,,EMPHASIS,Rule 2 — specific entity (kept),
biomed science,exact,https://www.arizona.edu/degree-search/majors/biology-biomedical-sciences-emphasis,https://www.arizona.edu/degree-search/majors/biology-biomedical-sciences-emphasis,ahrefs,absent,https://science.arizona.edu/,"P2 relevant buried, target absent",yes,,EMPHASIS,Rule 2 — specific entity (kept),
biomedical engineering,exact,https://www.arizona.edu/degree-search,https://www.arizona.edu/degree-search/majors/biomedical-engineering,metadata,absent,https://engineering.arizona.edu/index,"P2 relevant buried, target absent",yes,,BASE,Rule 1 — generic term → DS home,was: https://www.arizona.edu/degree-search/majors/biomedical-engineering
biomedical engineering asu major map,exact,https://www.arizona.edu/degree-search/majors/biomedical-engineering-bsbe,https://www.arizona.edu/degree-search/majors/biomedical-engineering-bsbe,ahrefs,absent,https://engineering.arizona.edu/index,"P2 relevant buried, target absent",yes,,UG,Rule 2 — specific entity (kept),
biomedical engineering phd,exact,https://www.arizona.edu/degree-search/majors/biomedical-engineering-dp,https://www.arizona.edu/degree-search/majors/biomedical-engineering-dp,metadata,absent,https://engineering.arizona.edu/index,"P2 relevant buried, target absent",yes,yes,PHD,Rule 2 — specific entity (kept),
biomedical engineering schooling,exact,https://www.arizona.edu/degree-search/majors/biomedical-engineering-bsbe,https://www.arizona.edu/degree-search/majors/biomedical-engineering-bsbe,ahrefs,absent,https://engineering.arizona.edu/index,"P2 relevant buried, target absent",yes,,UG,Rule 2 — specific entity (kept),
biomedical sciences,exact,https://www.arizona.edu/degree-search,https://www.arizona.edu/degree-search/majors/biomedical-sciences,metadata,absent,https://acbs.arizona.edu/undergraduate/admissions,"P2 relevant buried, target absent",yes,,BASE,Rule 1 — generic term → DS home,was: https://www.arizona.edu/degree-search/majors/biomedical-sciences
biomedical sciences asu major map,exact,https://www.arizona.edu/degree-search/majors/biology-biomedical-sciences-emphasis,https://www.arizona.edu/degree-search/majors/biology-biomedical-sciences-emphasis,ahrefs,absent,https://www.arizona.edu/degree-search,"P2 relevant buried, target absent",yes,,EMPHASIS,Rule 2 — specific entity (kept),
biomedical vs biology,exact,https://www.arizona.edu/degree-search/majors/biology-organismal-biology-emphasis,https://www.arizona.edu/degree-search/majors/biology-organismal-biology-emphasis,ahrefs,absent,https://eeb.arizona.edu/undergraduate/majors-minors/bs-biology-biomedical-sciences,"P2 relevant buried, target absent",yes,,EMPHASIS,Rule 2 — specific entity (kept),
biostatistics,exact,https://www.arizona.edu/degree-search,https://www.arizona.edu/degree-search/majors/biostatistics,metadata,absent,https://publichealth.arizona.edu/,"P2 relevant buried, target absent",yes,,BASE,Rule 1 — generic term → DS home,was: https://www.arizona.edu/degree-search/majors/biostatistics
biosystems analytics and technology,exact,https://www.arizona.edu/degree-search,https://www.arizona.edu/degree-search/majors/biosystems-analytics-technology,metadata,5,https://be.arizona.edu/undergraduate/bs-biosystems-analytics-technology,"P2 target present, buried",yes,,BASE,Rule 1 — generic term → DS home,was: https://www.arizona.edu/degree-search/majors/biosystems-analytics-technology
biosystems analytics and technology ms,exact,https://www.arizona.edu/degree-search/majors/biosystems-analytics-and-technology-ms,https://www.arizona.edu/degree-search/majors/biosystems-analytics-and-technology-ms,metadata,8,https://be.arizona.edu/undergraduate/bs-biosystems-analytics-technology,"P2 target present, buried",yes,yes,GRAD,Rule 2 — specific entity (kept),
biosystems analytics and technology phd,exact,https://www.arizona.edu/degree-search/majors/biosystems-analytics-and-technology-dp,https://www.arizona.edu/degree-search/majors/biosystems-analytics-and-technology-dp,metadata,7,https://be.arizona.edu/undergraduate/bs-biosystems-analytics-technology,"P2 target present, buried",yes,yes,PHD,Rule 2 — specific entity (kept),
biosystems engineering,exact,https://www.arizona.edu/degree-search,https://www.arizona.edu/degree-search/majors/biosystems-engineering,metadata,absent,https://engineering.arizona.edu/index,"P2 relevant buried, target absent",yes,,BASE,Rule 1 — generic term → DS home,was: https://www.arizona.edu/degree-search/majors/biosystems-engineering
biosystems engineering bsbe,exact,https://www.arizona.edu/degree-search/majors/biosystems-engineering-bsbe,https://www.arizona.edu/degree-search/majors/biosystems-engineering-bsbe,metadata,absent,https://engineering.arizona.edu/index,"P2 relevant buried, target absent",yes,yes,UG,Rule 2 — specific entity (kept),
biosystems engineering ms,exact,https://www.arizona.edu/degree-search/majors/biosystems-engineering-ms,https://www.arizona.edu/degree-search/majors/biosystems-engineering-ms,metadata,absent,https://engineering.arizona.edu/index,"P2 relevant buried, target absent",yes,yes,GRAD,Rule 2 — specific entity (kept),
biosystems engineering phd,exact,https://www.arizona.edu/degree-search/majors/biosystems-engineering-dp,https://www.arizona.edu/degree-search/majors/biosystems-engineering-dp,metadata,absent,https://engineering.arizona.edu/index,"P2 relevant buried, target absent",yes,yes,PHD,Rule 2 — specific entity (kept),
botany degree,exact,https://www.arizona.edu/degree-search/majors/plant-sciences,https://www.arizona.edu/degree-search/majors/plant-sciences,ahrefs,absent,https://www.arizona.edu/degree-search,"P2 relevant buried, target absent",yes,,BASE,REVIEW: base-page mapping (verify generic vs keep),trigger not a clean field-name match; left unchanged
business administration,exact,https://www.arizona.edu/degree-search,https://www.arizona.edu/degree-search/majors/business-administration,metadata,absent,https://eller.arizona.edu/,"P2 relevant buried, target absent",yes,,BASE,Rule 1 — generic term → DS home,was: https://www.arizona.edu/degree-search/majors/business-administration
business administration university of arizona,exact,https://www.arizona.edu/degree-search,https://www.arizona.edu/degree-search/majors/business-administration-bsba,ahrefs,absent,https://eller.arizona.edu/,"P2 relevant buried, target absent",yes,,UG,Rule 1 — generic term → DS home,was: https://www.arizona.edu/degree-search/majors/business-administration-bsba
business analytics,exact,https://www.arizona.edu/degree-search,https://www.arizona.edu/degree-search/majors/business-analytics-bsba,metadata,absent,https://eller.arizona.edu/,"P2 relevant buried, target absent",yes,,UG,Rule 1 — generic term → DS home,was: https://www.arizona.edu/degree-search/majors/business-analytics-bsba
business analytics ms,exact,https://www.arizona.edu/degree-search/majors/business-analytics-ms,https://www.arizona.edu/degree-search/majors/business-analytics-ms,metadata,absent,https://eller.arizona.edu/,"P2 relevant buried, target absent",yes,yes,GRAD,Rule 2 — specific entity (kept),
business and finance major,exact,https://www.arizona.edu/degree-search/majors/finance-bsba,https://www.arizona.edu/degree-search/majors/finance-bsba,ahrefs,absent,https://eller.arizona.edu/,"P2 relevant buried, target absent",yes,,UG,Rule 2 — specific entity (kept),
business and management colleges,exact,https://www.arizona.edu/degree-search/majors/business-management,https://www.arizona.edu/degree-search/majors/business-management,ahrefs,absent,https://eller.arizona.edu/,"P2 relevant buried, target absent",yes,,BASE,REVIEW: base-page mapping (verify generic vs keep),trigger not a clean field-name match; left unchanged
business in management,exact,https://www.arizona.edu/degree-search,https://www.arizona.edu/degree-search/majors/business-management,ahrefs,absent,https://eller.arizona.edu/,"P2 relevant buried, target absent",yes,,BASE,Rule 1 — generic term → DS home,was: https://www.arizona.edu/degree-search/majors/business-management
business intelligence & analytics,exact,https://www.arizona.edu/degree-search,https://www.arizona.edu/degree-search/majors/business-intelligence-and-analytics,metadata,absent,https://eller.arizona.edu/,"P2 relevant buried, target absent",yes,,BASE,Rule 1 — generic term → DS home,was: https://www.arizona.edu/degree-search/majors/business-intelligence-and-analytics
business management university of arizona,exact,https://www.arizona.edu/degree-search,https://www.arizona.edu/degree-search/majors/business-management,ahrefs,absent,https://eller.arizona.edu/,"P2 relevant buried, target absent",yes,,BASE,Rule 1 — generic term → DS home,was: https://www.arizona.edu/degree-search/majors/business-management
can a nurse practitioner diagnose autism,exact,https://www.arizona.edu/degree-search/majors/diagnosis-and-management-of-autism-spectrum-disorder,https://www.arizona.edu/degree-search/majors/diagnosis-and-management-of-autism-spectrum-disorder,ahrefs,absent,https://nursing.arizona.edu/,"P2 relevant buried, target absent",yes,,BASE,REVIEW: base-page mapping (verify generic vs keep),trigger not a clean field-name match; left unchanged
can a psychiatric nurse practitioner diagnose autism,exact,https://www.arizona.edu/degree-search/majors/diagnosis-and-management-of-autism-spectrum-disorder,https://www.arizona.edu/degree-search/majors/diagnosis-and-management-of-autism-spectrum-disorder,ahrefs,absent,https://nursing.arizona.edu/,"P2 relevant buried, target absent",yes,,BASE,REVIEW: base-page mapping (verify generic vs keep),trigger not a clean field-name match; left unchanged
can nurse practitioners diagnose autism,exact,https://www.arizona.edu/degree-search/majors/diagnosis-and-management-of-autism-spectrum-disorder,https://www.arizona.edu/degree-search/majors/diagnosis-and-management-of-autism-spectrum-disorder,ahrefs,absent,https://nursing.arizona.edu/,"P2 relevant buried, target absent",yes,,BASE,REVIEW: base-page mapping (verify generic vs keep),trigger not a clean field-name match; left unchanged
care health and society major,exact,https://www.arizona.edu/degree-search,https://www.arizona.edu/degree-search/majors/care-health-and-society,ahrefs,absent,https://health.arizona.edu/,"P2 relevant buried, target absent",yes,,BASE,Rule 1 — generic term → DS home,was: https://www.arizona.edu/degree-search/majors/care-health-and-society
care health and society university of arizona,exact,https://www.arizona.edu/degree-search,https://www.arizona.edu/degree-search/majors/care-health-and-society,ahrefs,20,https://health.arizona.edu/,"P2 target present, buried",yes,,BASE,Rule 1 — generic term → DS home,was: https://www.arizona.edu/degree-search/majors/care-health-and-society
career and technical education administrator,exact,https://www.arizona.edu/degree-search,https://www.arizona.edu/degree-search/majors/career-and-technical-education-administrator,metadata,3,https://talent.arizona.edu/,"P2 target present, buried",yes,,BASE,Rule 1 — generic term → DS home,was: https://www.arizona.edu/degree-search/majors/career-and-technical-education-administrator
cello performance,exact,https://www.arizona.edu/degree-search/majors/performance-cello-emphasis,https://www.arizona.edu/degree-search/majors/performance-cello-emphasis,metadata,1,https://www.arizona.edu/degree-search/majors/performance-cello-emphasis,P0 already #1,no (already #1),,EMPHASIS,Rule 2 — specific entity (kept),
cellular and molecular medicine,exact,https://www.arizona.edu/degree-search,https://www.arizona.edu/degree-search/majors/cellular-and-molecular-medicine,metadata,absent,https://cmm.arizona.edu/education/graduate-programs/masters-science-degree,"P2 relevant buried, target absent",yes,,BASE,Rule 1 — generic term → DS home,was: https://www.arizona.edu/degree-search/majors/cellular-and-molecular-medicine
chemical engineering,exact,https://www.arizona.edu/degree-search,https://www.arizona.edu/degree-search/majors/chemical-engineering,metadata,absent,https://engineering.arizona.edu/index,"P2 relevant buried, target absent",yes,,BASE,Rule 1 — generic term → DS home,was: https://www.arizona.edu/degree-search/majors/chemical-engineering
chemical engineering bsce,exact,https://www.arizona.edu/degree-search/majors/chemical-engineering-bsce,https://www.arizona.edu/degree-search/majors/chemical-engineering-bsce,metadata,absent,https://engineering.arizona.edu/index,"P2 relevant buried, target absent",yes,yes,UG,Rule 2 — specific entity (kept),
chemical engineering ms,exact,https://www.arizona.edu/degree-search/majors/chemical-engineering-ms,https://www.arizona.edu/degree-search/majors/chemical-engineering-ms,metadata,absent,https://engineering.arizona.edu/index,"P2 relevant buried, target absent",yes,yes,GRAD,Rule 2 — specific entity (kept),
chemical engineering phd,exact,https://www.arizona.edu/degree-search/majors/chemical-engineering-dp,https://www.arizona.edu/degree-search/majors/chemical-engineering-dp,metadata,absent,https://engineering.arizona.edu/index,"P2 relevant buried, target absent",yes,yes,PHD,Rule 2 — specific entity (kept),
chemistry,exact,https://www.arizona.edu/degree-search,https://www.arizona.edu/degree-search/majors/chemistry-ba,metadata,absent,https://science.arizona.edu/,P1 all results off-topic,yes,,UG,Rule 1 — generic term → DS home,was: https://www.arizona.edu/degree-search/majors/chemistry-ba
chemistry doctorate programs,exact,https://www.arizona.edu/degree-search/majors/chemistry-dp,https://www.arizona.edu/degree-search/majors/chemistry-dp,ahrefs,absent,https://science.arizona.edu/,P1 all results off-topic,yes,,PHD,Rule 2 — specific entity (kept),
chemistry ma,exact,https://www.arizona.edu/degree-search/majors/chemistry-ma,https://www.arizona.edu/degree-search/majors/chemistry-ma,metadata,absent,https://science.arizona.edu/,P1 all results off-topic,yes,yes,GRAD,Rule 2 — specific entity (kept),
chemistry undergraduate degree,exact,https://www.arizona.edu/degree-search/majors/chemistry-bs,https://www.arizona.edu/degree-search/majors/chemistry-bs,ahrefs,absent,https://science.arizona.edu/,"P2 relevant buried, target absent",yes,,UG,Rule 2 — specific entity (kept),
chinese language,exact,https://www.arizona.edu/degree-search/majors/east-asian-studies-chinese-language-emphasis,https://www.arizona.edu/degree-search/majors/east-asian-studies-chinese-language-emphasis,metadata,3,https://cercll.arizona.edu/training-chinese-teachers-in-communicative-language-teaching/,"P2 target present, buried",yes,,EMPHASIS,Rule 2 — specific entity (kept),
civil engineering & engineering mechanics,exact,https://www.arizona.edu/degree-search,https://www.arizona.edu/degree-search/majors/civil-engineering-and-engineering-mechanics-ms,metadata,absent,https://engineering.arizona.edu/index,"P2 relevant buried, target absent",yes,,GRAD,Rule 1 — generic term → DS home,was: https://www.arizona.edu/degree-search/majors/civil-engineering-and-engineering-mechanics-ms
civil engineering & engineering mechanics phd,exact,https://www.arizona.edu/degree-search/majors/civil-engineering-and-engineering-mechanics-dp,https://www.arizona.edu/degree-search/majors/civil-engineering-and-engineering-mechanics-dp,metadata,absent,https://engineering.arizona.edu/index,"P2 relevant buried, target absent",yes,yes,PHD,Rule 2 — specific entity (kept),
civil engineering major map asu,exact,https://www.arizona.edu/degree-search/majors/civil-engineering,https://www.arizona.edu/degree-search/majors/civil-engineering,ahrefs,absent,https://engineering.arizona.edu/index,"P2 relevant buried, target absent",yes,,BASE,REVIEW: base-page mapping (verify generic vs keep),trigger not a clean field-name match; left unchanged
civil engineering schooling,exact,https://www.arizona.edu/degree-search/majors/civil-engineering,https://www.arizona.edu/degree-search/majors/civil-engineering,ahrefs,absent,https://engineering.arizona.edu/index,"P2 relevant buried, target absent",yes,,BASE,REVIEW: base-page mapping (verify generic vs keep),trigger not a clean field-name match; left unchanged
civil engineering subjects,exact,https://www.arizona.edu/degree-search/majors/civil-engineering,https://www.arizona.edu/degree-search/majors/civil-engineering,ahrefs,absent,https://engineering.arizona.edu/index,"P2 relevant buried, target absent",yes,,BASE,REVIEW: base-page mapping (verify generic vs keep),trigger not a clean field-name match; left unchanged
clarinet performance,exact,https://www.arizona.edu/degree-search/majors/performance-clarinet-emphasis,https://www.arizona.edu/degree-search/majors/performance-clarinet-emphasis,metadata,absent,https://research.arizona.edu/faq/what-corrective-actions-must-be-taken-if-required-survey-not-performed,"P2 relevant buried, target absent",yes,,EMPHASIS,Rule 2 — specific entity (kept),
classical languages,exact,https://www.arizona.edu/degree-search/majors/classics-classical-languages-emphasis,https://www.arizona.edu/degree-search/majors/classics-classical-languages-emphasis,metadata,1,https://www.arizona.edu/degree-search/majors/classics-classical-languages-emphasis,P0 already #1,no (already #1),,EMPHASIS,Rule 2 — specific entity (kept),
classical studies degree,exact,https://www.arizona.edu/degree-search/majors/classics-classical-civilization-emphasis,https://www.arizona.edu/degree-search/majors/classics-classical-civilization-emphasis,ahrefs,absent,https://www.arizona.edu/degree-search,"P2 relevant buried, target absent",yes,,EMPHASIS,Rule 2 — specific entity (kept),
classics,exact,https://www.arizona.edu/degree-search,https://www.arizona.edu/degree-search/majors/classics,metadata,18,https://classics.arizona.edu/,"P2 target present, buried",yes,,BASE,Rule 1 — generic term → DS home,was: https://www.arizona.edu/degree-search/majors/classics
clinical and translational research,exact,https://www.arizona.edu/degree-search,https://www.arizona.edu/degree-search/majors/clinical-and-translational-research,metadata,absent,https://cats.med.arizona.edu/events/clinical-research-professional-meeting-0,"P2 relevant buried, target absent",yes,,BASE,Rule 1 — generic term → DS home,was: https://www.arizona.edu/degree-search/majors/clinical-and-translational-research
clinical and translational science,exact,https://www.arizona.edu/degree-search,https://www.arizona.edu/degree-search/majors/clinical-and-translational-science,metadata,absent,https://science.arizona.edu/,"P2 relevant buried, target absent",yes,,BASE,Rule 1 — generic term → DS home,was: https://www.arizona.edu/degree-search/majors/clinical-and-translational-science
clinical research,exact,https://www.arizona.edu/degree-search,https://www.arizona.edu/degree-search/majors/clinical-research,metadata,absent,https://research.arizona.edu/research-services/clinical-research,"P2 relevant buried, target absent",yes,,BASE,Rule 1 — generic term → DS home,was: https://www.arizona.edu/degree-search/majors/clinical-research
clinical translational sciences,exact,https://www.arizona.edu/degree-search,https://www.arizona.edu/degree-search/majors/clinical-translational-sciences-ms,metadata,absent,https://healthsciences.arizona.edu/academics/clinical-translational-sciences/admissions,"P2 relevant buried, target absent",yes,,GRAD,Rule 1 — generic term → DS home,was: https://www.arizona.edu/degree-search/majors/clinical-translational-sciences-ms
clinical translational sciences phd,exact,https://www.arizona.edu/degree-search/majors/clinical-translational-sciences-dp,https://www.arizona.edu/degree-search/majors/clinical-translational-sciences-dp,metadata,absent,https://healthsciences.arizona.edu/academics/clinical-translational-sciences/admissions,"P2 relevant buried, target absent",yes,yes,PHD,Rule 2 — specific entity (kept),
collaborative governance,exact,https://www.arizona.edu/degree-search,https://www.arizona.edu/degree-search/majors/collaborative-governance,metadata,2,https://sgpp.arizona.edu/faculty/collaborative-governance,"P2 target present, buried",yes,,BASE,Rule 1 — generic term → DS home,was: https://www.arizona.edu/degree-search/majors/collaborative-governance
college teaching,exact,https://www.arizona.edu/degree-search,https://www.arizona.edu/degree-search/majors/college-teaching,metadata,absent,https://education.arizona.edu/,"P2 relevant buried, target absent",yes,,BASE,Rule 1 — generic term → DS home,was: https://www.arizona.edu/degree-search/majors/college-teaching
colleges with creative writing,exact,https://www.arizona.edu/degree-search/majors/creative-writing,https://www.arizona.edu/degree-search/majors/creative-writing,ahrefs,17,https://english.arizona.edu/ba-creative-writing/requirements,"P2 target present, buried",yes,,BASE,REVIEW: base-page mapping (verify generic vs keep),trigger not a clean field-name match; left unchanged
communication,exact,https://www.arizona.edu/degree-search,https://www.arizona.edu/degree-search/majors/communication,metadata,absent,https://sbs.arizona.edu/,"P2 relevant buried, target absent",yes,,BASE,Rule 1 — generic term → DS home,was: https://www.arizona.edu/degree-search/majors/communication
communication major university of arizona,exact,https://www.arizona.edu/degree-search/majors/public-relations,https://www.arizona.edu/degree-search/majors/public-relations,ahrefs,absent,https://sbs.arizona.edu/,"P2 relevant buried, target absent",yes,,BASE,REVIEW: base-page mapping (verify generic vs keep),trigger not a clean field-name match; left unchanged
communication phd,exact,https://www.arizona.edu/degree-search/majors/communication-dp,https://www.arizona.edu/degree-search/majors/communication-dp,metadata,absent,https://sbs.arizona.edu/,"P2 relevant buried, target absent",yes,yes,PHD,Rule 2 — specific entity (kept),
communications major university of arizona,exact,https://www.arizona.edu/degree-search,https://www.arizona.edu/degree-search/majors/communication-ba,ahrefs,absent,https://www.arizona.edu/degree-search,P1 all results off-topic,yes,,UG,Rule 1 — generic term → DS home,was: https://www.arizona.edu/degree-search/majors/communication-ba
community action research,exact,https://www.arizona.edu/degree-search,https://www.arizona.edu/degree-search/majors/community-based-participatory-and-action-research,ahrefs,5,https://azprc.arizona.edu/community-action-board,"P2 target present, buried",yes,,BASE,Rule 1 — generic term → DS home,was: https://www.arizona.edu/degree-search/majors/community-based-participatory-and-action-research
comprehensive math,exact,https://www.arizona.edu/degree-search/majors/mathematics-comprehensive-emphasis-ba,https://www.arizona.edu/degree-search/majors/mathematics-comprehensive-emphasis-ba,ahrefs,absent,https://startnow.arizona.edu/plan-for-college/course-requirements/math-requirements,"P2 relevant buried, target absent",yes,,EMPHASIS,Rule 2 — specific entity (kept),
computational social sciences,exact,https://www.arizona.edu/degree-search,https://www.arizona.edu/degree-search/majors/computational-social-sciences,metadata,absent,https://css.arizona.edu/requirements,"P2 relevant buried, target absent",yes,,BASE,Rule 1 — generic term → DS home,was: https://www.arizona.edu/degree-search/majors/computational-social-sciences
computer science,exact,https://www.arizona.edu/degree-search,https://www.arizona.edu/degree-search/majors/computer-science-dp,metadata,absent,https://science.arizona.edu/,"P2 relevant buried, target absent",yes,,PHD,Rule 1 — generic term → DS home,was: https://www.arizona.edu/degree-search/majors/computer-science-dp
computer science and engineering,exact,https://www.arizona.edu/degree-search,https://www.arizona.edu/degree-search/majors/computer-science-and-engineering-bscse,metadata,absent,https://engineering.arizona.edu/index,"P2 relevant buried, target absent",yes,,UG,Rule 1 — generic term → DS home,was: https://www.arizona.edu/degree-search/majors/computer-science-and-engineering-bscse
computer science and engineering phd,exact,https://www.arizona.edu/degree-search/majors/computer-science-and-engineering-dp,https://www.arizona.edu/degree-search/majors/computer-science-and-engineering-dp,metadata,absent,https://engineering.arizona.edu/index,"P2 relevant buried, target absent",yes,yes,PHD,Rule 2 — specific entity (kept),
computer science university of arizona,exact,https://www.arizona.edu/degree-search,https://www.arizona.edu/degree-search/majors/computer-science-and-engineering-ms,ahrefs,absent,https://science.arizona.edu/,"P2 relevant buried, target absent",yes,,GRAD,Rule 1 — generic term → DS home,was: https://www.arizona.edu/degree-search/majors/computer-science-and-engineering-ms
conservation degree,exact,https://www.arizona.edu/degree-search/majors/natural-resources-wildlife-conservation-and-management-emphasis,https://www.arizona.edu/degree-search/majors/natural-resources-wildlife-conservation-and-management-emphasis,ahrefs,absent,https://www.arizona.edu/degree-search,P1 all results off-topic,yes,,EMPHASIS,Rule 2 — specific entity (kept),
controlled environment agriculture,exact,https://www.arizona.edu/degree-search/majors/sustainable-plant-systems-controlled-environment-agriculture-emphasis,https://www.arizona.edu/degree-search/majors/sustainable-plant-systems-controlled-environment-agriculture-emphasis,metadata,absent,https://cales.arizona.edu/,"P2 relevant buried, target absent",yes,,EMPHASIS,Rule 2 — specific entity (kept),
counseling,exact,https://www.arizona.edu/degree-search,https://www.arizona.edu/degree-search/majors/counseling,metadata,absent,https://caps.arizona.edu/,"P2 relevant buried, target absent",yes,,BASE,Rule 1 — generic term → DS home,was: https://www.arizona.edu/degree-search/majors/counseling
counselor education & supervision,exact,https://www.arizona.edu/degree-search,https://www.arizona.edu/degree-search/majors/counselor-education-and-supervision,metadata,8,https://education.arizona.edu/,"P2 target present, buried",yes,,BASE,Rule 1 — generic term → DS home,was: https://www.arizona.edu/degree-search/majors/counselor-education-and-supervision
creative intelligence and innovation,exact,https://www.arizona.edu/degree-search,https://www.arizona.edu/degree-search/majors/creative-intelligence-and-innovation,metadata,1,https://www.arizona.edu/degree-search/majors/creative-intelligence-and-innovation,P0 already #1,no (already #1),,BASE,Rule 1 — generic term → DS home,was: https://www.arizona.edu/degree-search/majors/creative-intelligence-and-innovation
creative writing,exact,https://www.arizona.edu/degree-search,https://www.arizona.edu/degree-search/majors/fine-arts-in-creative-writing,metadata,absent,https://english.arizona.edu/ba-creative-writing/requirements,"P2 relevant buried, target absent",yes,,BASE,Rule 1 — generic term → DS home,was: https://www.arizona.edu/degree-search/majors/fine-arts-in-creative-writing
culturally sustaining pedagogies,exact,https://www.arizona.edu/degree-search,https://www.arizona.edu/degree-search/majors/culturally-sustaining-pedagogies,metadata,1,https://www.arizona.edu/degree-search/majors/culturally-sustaining-pedagogies,P0 already #1,no (already #1),,BASE,Rule 1 — generic term → DS home,was: https://www.arizona.edu/degree-search/majors/culturally-sustaining-pedagogies
culture intensive chinese studies,exact,https://www.arizona.edu/degree-search/majors/east-asian-studies-chinese-culture-emphasis,https://www.arizona.edu/degree-search/majors/east-asian-studies-chinese-culture-emphasis,metadata,2,https://cercll.arizona.edu/chinese-culture-festival-in-tucson/,"P2 target present, buried",yes,,EMPHASIS,Rule 2 — specific entity (kept),
cyber defense,exact,https://www.arizona.edu/degree-search,https://www.arizona.edu/degree-search/majors/cyber-defense,metadata,7,https://infosci.arizona.edu/,"P2 target present, buried",yes,,BASE,Rule 1 — generic term → DS home,was: https://www.arizona.edu/degree-search/majors/cyber-defense
cyber operations,exact,https://www.arizona.edu/degree-search,https://www.arizona.edu/degree-search/majors/cyber-operations-ms,metadata,absent,https://infosci.arizona.edu/,"P2 relevant buried, target absent",yes,,GRAD,Rule 1 — generic term → DS home,was: https://www.arizona.edu/degree-search/majors/cyber-operations-ms
cyber operations artificial intelligence,exact,https://www.arizona.edu/degree-search/majors/cyber-operations-artificial-intelligence-emphasis,https://www.arizona.edu/degree-search/majors/cyber-operations-artificial-intelligence-emphasis,metadata,2,https://infosci.arizona.edu/,"P2 target present, buried",yes,,EMPHASIS,Rule 2 — specific entity (kept),
cyber operations cyber engineering,exact,https://www.arizona.edu/degree-search/majors/cyber-operations-cyber-engineering-emphasis,https://www.arizona.edu/degree-search/majors/cyber-operations-cyber-engineering-emphasis,metadata,absent,https://engineering.arizona.edu/index,"P2 relevant buried, target absent",yes,,EMPHASIS,Rule 2 — specific entity (kept),
cyber operations cyber law and policy,exact,https://www.arizona.edu/degree-search/majors/cyber-operations-cyber-law-and-policy-emphasis,https://www.arizona.edu/degree-search/majors/cyber-operations-cyber-law-and-policy-emphasis,metadata,absent,https://law.arizona.edu/,"P2 relevant buried, target absent",yes,,EMPHASIS,Rule 2 — specific entity (kept),
cyber operations defense and forensics,exact,https://www.arizona.edu/degree-search/majors/cyber-operations-defense-and-forensics-emphasis,https://www.arizona.edu/degree-search/majors/cyber-operations-defense-and-forensics-emphasis,metadata,absent,https://infosci.arizona.edu/,"P2 relevant buried, target absent",yes,,EMPHASIS,Rule 2 — specific entity (kept),
cyber operations graduate certificate,exact,https://www.arizona.edu/degree-search/majors/cyber-operations-gc,https://www.arizona.edu/degree-search/majors/cyber-operations-gc,metadata,absent,https://infosci.arizona.edu/,"P2 relevant buried, target absent",yes,yes,GRAD,Rule 2 — specific entity (kept),
cyber operations security,exact,https://www.arizona.edu/degree-search/majors/cyber-operations-security-emphasis,https://www.arizona.edu/degree-search/majors/cyber-operations-security-emphasis,metadata,5,https://infosci.arizona.edu/,"P2 target present, buried",yes,,EMPHASIS,Rule 2 — specific entity (kept),
dance,exact,https://www.arizona.edu/degree-search,https://www.arizona.edu/degree-search/majors/fine-arts-in-dance,metadata,absent,https://cfa.arizona.edu/,"P2 relevant buried, target absent",yes,,BASE,Rule 1 — generic term → DS home,was: https://www.arizona.edu/degree-search/majors/fine-arts-in-dance
data science and applied statistics,exact,https://www.arizona.edu/degree-search,https://www.arizona.edu/degree-search/majors/data-science-and-applied-statistics,metadata,absent,https://infosci.arizona.edu/,"P2 relevant buried, target absent",yes,,BASE,Rule 1 — generic term → DS home,was: https://www.arizona.edu/degree-search/majors/data-science-and-applied-statistics
data science applied statistics,exact,https://www.arizona.edu/degree-search,https://www.arizona.edu/degree-search/majors/data-science-applied-statistics-emphasis,metadata,absent,https://infosci.arizona.edu/,"P2 relevant buried, target absent",yes,,EMPHASIS,Rule 1 — generic term → DS home,was: https://www.arizona.edu/degree-search/majors/data-science-applied-statistics-emphasis
data science comprehensive statistics,exact,https://www.arizona.edu/degree-search/majors/data-science-comprehensive-statistics-emphasis,https://www.arizona.edu/degree-search/majors/data-science-comprehensive-statistics-emphasis,metadata,absent,https://infosci.arizona.edu/,"P2 relevant buried, target absent",yes,,EMPHASIS,Rule 2 — specific entity (kept),
data science computing,exact,https://www.arizona.edu/degree-search/majors/data-science-computing-emphasis,https://www.arizona.edu/degree-search/majors/data-science-computing-emphasis,metadata,absent,https://infosci.arizona.edu/,"P2 relevant buried, target absent",yes,,EMPHASIS,Rule 2 — specific entity (kept),
data science for health professionals,exact,https://www.arizona.edu/degree-search,https://www.arizona.edu/degree-search/majors/data-science-for-health-professionals,metadata,absent,https://health.arizona.edu/,"P2 relevant buried, target absent",yes,,BASE,Rule 1 — generic term → DS home,was: https://www.arizona.edu/degree-search/majors/data-science-for-health-professionals
data science molecular and cellular biology,exact,https://www.arizona.edu/degree-search/majors/data-science-molecular-and-cellular-biology-emphasis,https://www.arizona.edu/degree-search/majors/data-science-molecular-and-cellular-biology-emphasis,metadata,13,https://infosci.arizona.edu/,"P2 target present, buried",yes,,EMPHASIS,Rule 2 — specific entity (kept),
data science programs near me,exact,https://www.arizona.edu/degree-search,https://www.arizona.edu/degree-search/majors/data-science,ahrefs,absent,https://infosci.arizona.edu/,"P2 relevant buried, target absent",yes,,BASE,Rule 1 — generic term → DS home,was: https://www.arizona.edu/degree-search/majors/data-science
data science university of arizona,exact,https://www.arizona.edu/degree-search,https://www.arizona.edu/degree-search/majors/statistics-and-data-science-ba,ahrefs,absent,https://infosci.arizona.edu/,"P2 relevant buried, target absent",yes,,UG,Rule 1 — generic term → DS home,was: https://www.arizona.edu/degree-search/majors/statistics-and-data-science-ba
deaf studies degree online,exact,https://www.arizona.edu/degree-search,https://www.arizona.edu/degree-search/majors/deaf-studies,ahrefs,absent,https://www.arizona.edu/degree-search,"P2 relevant buried, target absent",yes,,BASE,Rule 1 — generic term → DS home,was: https://www.arizona.edu/degree-search/majors/deaf-studies
deaf studies educational interpreting,exact,https://www.arizona.edu/degree-search/majors/deaf-studies-educational-interpreting-emphasis,https://www.arizona.edu/degree-search/majors/deaf-studies-educational-interpreting-emphasis,metadata,1,https://www.arizona.edu/degree-search/majors/deaf-studies-educational-interpreting-emphasis,P0 already #1,no (already #1),,EMPHASIS,Rule 2 — specific entity (kept),
degree example math,exact,https://www.arizona.edu/degree-search/majors/mathematics-comprehensive-emphasis-ba,https://www.arizona.edu/degree-search/majors/mathematics-comprehensive-emphasis-ba,ahrefs,absent,https://www.arizona.edu/degree-search,P1 all results off-topic,yes,,EMPHASIS,Rule 2 — specific entity (kept),
degree in applied mathematics,exact,https://www.arizona.edu/degree-search/majors/mathematics-applied-emphasis-bs,https://www.arizona.edu/degree-search/majors/mathematics-applied-emphasis-bs,ahrefs,absent,https://www.arizona.edu/degree-search,"P2 relevant buried, target absent",yes,,EMPHASIS,Rule 2 — specific entity (kept),
degree in classical studies,exact,https://www.arizona.edu/degree-search/majors/classics-classical-civilization-emphasis,https://www.arizona.edu/degree-search/majors/classics-classical-civilization-emphasis,ahrefs,absent,https://www.arizona.edu/degree-search,"P2 relevant buried, target absent",yes,,EMPHASIS,Rule 2 — specific entity (kept),
degree in english,exact,https://www.arizona.edu/degree-search,https://www.arizona.edu/degree-search/majors/english-ba,ahrefs,absent,https://www.arizona.edu/degree-search,"P2 relevant buried, target absent",yes,,UG,Rule 1 — generic term → DS home,was: https://www.arizona.edu/degree-search/majors/english-ba
degree in english language,exact,https://www.arizona.edu/degree-search/majors/english-ba,https://www.arizona.edu/degree-search/majors/english-ba,ahrefs,absent,https://www.arizona.edu/degree-search,"P2 relevant buried, target absent",yes,,UG,Rule 2 — specific entity (kept),
degree in human development and family studies,exact,https://www.arizona.edu/degree-search/majors/human-development-and-family-science-bs,https://www.arizona.edu/degree-search/majors/human-development-and-family-science-bs,ahrefs,absent,https://www.arizona.edu/degree-search,"P2 relevant buried, target absent",yes,,UG,Rule 2 — specific entity (kept),
degree in italian,exact,https://www.arizona.edu/degree-search/majors/italian-language-and-literature-emphasis,https://www.arizona.edu/degree-search/majors/italian-language-and-literature-emphasis,ahrefs,absent,https://www.arizona.edu/degree-search,"P2 relevant buried, target absent",yes,,EMPHASIS,Rule 2 — specific entity (kept),
degree in neurobiology,exact,https://www.arizona.edu/degree-search/majors/neuroscience-and-cognitive-science-neurobiology-emphasis,https://www.arizona.edu/degree-search/majors/neuroscience-and-cognitive-science-neurobiology-emphasis,ahrefs,absent,https://www.arizona.edu/degree-search,P1 all results off-topic,yes,,EMPHASIS,Rule 2 — specific entity (kept),
degree pharmaceutical science,exact,https://www.arizona.edu/degree-search,https://www.arizona.edu/degree-search/majors/pharmaceutical-sciences-bs,ahrefs,7,https://www.arizona.edu/degree-search,"P2 target present, buried",yes,,UG,Rule 1 — generic term → DS home,was: https://www.arizona.edu/degree-search/majors/pharmaceutical-sciences-bs
degree search,exact,https://www.arizona.edu/degree-search/,https://www.arizona.edu/degree-search/,metadata,1,https://www.arizona.edu/degree-search,P0 already #1,no (already #1),,NAV,Unchanged — navigational/non-major,
degrees in conservation,exact,https://www.arizona.edu/degree-search/majors/natural-resources-wildlife-conservation-and-management-emphasis,https://www.arizona.edu/degree-search/majors/natural-resources-wildlife-conservation-and-management-emphasis,ahrefs,absent,https://english.arizona.edu/declare,P1 all results off-topic,yes,,EMPHASIS,Rule 2 — specific entity (kept),
dendrochronologist,exact,https://www.arizona.edu/degree-search/majors/dendrochronology,https://www.arizona.edu/degree-search/majors/dendrochronology,ahrefs,absent,https://news.arizona.edu/employee-news/sharpening-tools-time-qa-dendrochronologist-charlotte-pearson,"P2 relevant buried, target absent",yes,,BASE,REVIEW: base-page mapping (verify generic vs keep),trigger not a clean field-name match; left unchanged
design arts & practice,exact,https://www.arizona.edu/degree-search/majors/design-arts-and-practice-object-design-emphasis,https://www.arizona.edu/degree-search/majors/design-arts-and-practice-object-design-emphasis,metadata,1,https://www.arizona.edu/degree-search/majors/design-arts-and-practice-object-design-emphasis,P0 already #1,no (already #1),,EMPHASIS,Rule 2 — specific entity (kept),
design arts & practice emphasis,exact,https://www.arizona.edu/degree-search/majors/design-arts-and-practice-visual-design-emphasis,https://www.arizona.edu/degree-search/majors/design-arts-and-practice-visual-design-emphasis,metadata,3,https://www.arizona.edu/degree-search/majors/design-arts-and-practice-object-design-emphasis,"P2 target present, buried",yes,yes,EMPHASIS,Rule 2 — specific entity (kept),
design arts and practice print,exact,https://www.arizona.edu/degree-search/majors/design-arts-and-practice-print-emphasis,https://www.arizona.edu/degree-search/majors/design-arts-and-practice-print-emphasis,metadata,absent,https://www.arizona.edu/degree-search/majors/design-arts-and-practice-object-design-emphasis,"P2 relevant buried, target absent",yes,,EMPHASIS,Rule 2 — specific entity (kept),
design arts and practice screen,exact,https://www.arizona.edu/degree-search/majors/design-arts-and-practice-screen-emphasis,https://www.arizona.edu/degree-search/majors/design-arts-and-practice-screen-emphasis,metadata,absent,https://www.arizona.edu/degree-search/majors/design-arts-and-practice-object-design-emphasis,"P2 relevant buried, target absent",yes,,EMPHASIS,Rule 2 — specific entity (kept),
design for health innovation,exact,https://www.arizona.edu/degree-search,https://www.arizona.edu/degree-search/majors/design-for-health-innovation,metadata,12,https://health.arizona.edu/,"P2 target present, buried",yes,,BASE,Rule 1 — generic term → DS home,was: https://www.arizona.edu/degree-search/majors/design-for-health-innovation
digital curation,exact,https://www.arizona.edu/degree-search,https://www.arizona.edu/degree-search/majors/digital-curation,metadata,4,https://online.arizona.edu/programs/graduate-certificate/online-graduate-certificate-digital-curation-cert,"P2 target present, buried",yes,,BASE,Rule 1 — generic term → DS home,was: https://www.arizona.edu/degree-search/majors/digital-curation
dma degree,exact,https://www.arizona.edu/degree-search/majors/music-dma,https://www.arizona.edu/degree-search/majors/music-dma,ahrefs,absent,https://www.arizona.edu/degree-search,"P2 relevant buried, target absent",yes,,PHD,Rule 2 — specific entity (kept),
doctor of history,exact,https://www.arizona.edu/degree-search/majors/history-dp,https://www.arizona.edu/degree-search/majors/history-dp,ahrefs,absent,https://sbs.arizona.edu/,"P2 relevant buried, target absent",yes,,PHD,Rule 2 — specific entity (kept),
doctor of management,exact,https://www.arizona.edu/degree-search/majors/management-dp,https://www.arizona.edu/degree-search/majors/management-dp,ahrefs,absent,https://eller.arizona.edu/,"P2 relevant buried, target absent",yes,,PHD,Rule 2 — specific entity (kept),
doctoral degree in audiology,exact,https://www.arizona.edu/degree-search/majors/doctor-of-audiology,https://www.arizona.edu/degree-search/majors/doctor-of-audiology,ahrefs,2,https://www.arizona.edu/degree-search,"P2 target present, buried",yes,,PHD,Rule 2 — specific entity (kept),
doctoral program in management,exact,https://www.arizona.edu/degree-search/majors/management-dp,https://www.arizona.edu/degree-search/majors/management-dp,ahrefs,absent,https://eller.arizona.edu/,"P2 relevant buried, target absent",yes,,PHD,Rule 2 — specific entity (kept),
doctorate of management,exact,https://www.arizona.edu/degree-search/majors/management-dp,https://www.arizona.edu/degree-search/majors/management-dp,ahrefs,absent,https://eller.arizona.edu/,"P2 relevant buried, target absent",yes,,PHD,Rule 2 — specific entity (kept),
doctorate of musical arts,exact,https://www.arizona.edu/degree-search/majors/music-dma,https://www.arizona.edu/degree-search/majors/music-dma,ahrefs,1,https://www.arizona.edu/degree-search/majors/music-dma,P0 already #1,no (already #1),,PHD,Rule 2 — specific entity (kept),
dpt a,exact,https://www.arizona.edu/degree-search/majors/physical-therapy,https://www.arizona.edu/degree-search/majors/physical-therapy,ahrefs,9,https://health.arizona.edu/comcopimmunizationuploads,"P2 target present, buried",yes,,BASE,Rule 2 — REVIEW: specific term on base page,needs level entity; no matching level page in dataset — verify
early childhood,exact,https://www.arizona.edu/degree-search,https://www.arizona.edu/degree-search/majors/early-childhood,metadata,absent,https://extension.arizona.edu/topics/early-childhood,"P2 relevant buried, target absent",yes,,BASE,Rule 1 — generic term → DS home,was: https://www.arizona.edu/degree-search/majors/early-childhood
early childhood education,exact,https://www.arizona.edu/degree-search,https://www.arizona.edu/degree-search/majors/early-childhood-education,metadata,absent,https://education.arizona.edu/,"P2 relevant buried, target absent",yes,,BASE,Rule 1 — generic term → DS home,was: https://www.arizona.edu/degree-search/majors/early-childhood-education
early childhood education bilingual,exact,https://www.arizona.edu/degree-search/majors/early-childhood-education-bilingual-emphasis,https://www.arizona.edu/degree-search/majors/early-childhood-education-bilingual-emphasis,metadata,9,https://education.arizona.edu/,"P2 target present, buried",yes,,EMPHASIS,Rule 2 — specific entity (kept),
early childhood education english as a second language,exact,https://www.arizona.edu/degree-search/majors/early-childhood-education-english-as-a-second-language-emphasis,https://www.arizona.edu/degree-search/majors/early-childhood-education-english-as-a-second-language-emphasis,metadata,absent,https://education.arizona.edu/,"P2 relevant buried, target absent",yes,,EMPHASIS,Rule 2 — specific entity (kept),
east asian studies,exact,https://www.arizona.edu/degree-search,https://www.arizona.edu/degree-search/majors/east-asian-studies-ma,metadata,8,https://www.arizona.edu/degree-search/majors/east-asian-studies-east-asian-cultural-studies-emphasis,"P2 target present, buried",yes,,GRAD,Rule 1 — generic term → DS home,was: https://www.arizona.edu/degree-search/majors/east-asian-studies-ma
east asian studies east asian cultural studies,exact,https://www.arizona.edu/degree-search/majors/east-asian-studies-east-asian-cultural-studies-emphasis,https://www.arizona.edu/degree-search/majors/east-asian-studies-east-asian-cultural-studies-emphasis,metadata,1,https://www.arizona.edu/degree-search/majors/east-asian-studies-east-asian-cultural-studies-emphasis,P0 already #1,no (already #1),,EMPHASIS,Rule 2 — specific entity (kept),
ece university of arizona,exact,https://www.arizona.edu/degree-search/majors/electrical-and-computer-engineering-computer-engineering-track,https://www.arizona.edu/degree-search/majors/electrical-and-computer-engineering-computer-engineering-track,ahrefs,absent,https://www.arizona.edu/admissions,"P2 relevant buried, target absent",yes,,TRACK,Rule 2 — specific entity (kept),
ecology and evolutionary biology,exact,https://www.arizona.edu/degree-search,https://www.arizona.edu/degree-search/majors/ecology-and-evolutionary-biology-ba,metadata,absent,https://eeb.arizona.edu/undergraduate/majors-minors/bs-ecology-evolutionary-biology,"P2 relevant buried, target absent",yes,,UG,Rule 1 — generic term → DS home,was: https://www.arizona.edu/degree-search/majors/ecology-and-evolutionary-biology-ba
ecology and evolutionary biology phd,exact,https://www.arizona.edu/degree-search/majors/ecology-and-evolutionary-biology-dp,https://www.arizona.edu/degree-search/majors/ecology-and-evolutionary-biology-dp,metadata,absent,https://eeb.arizona.edu/undergraduate/majors-minors/bs-ecology-evolutionary-biology,"P2 relevant buried, target absent",yes,yes,PHD,Rule 2 — specific entity (kept),
economic geology,exact,https://www.arizona.edu/degree-search,https://www.arizona.edu/degree-search/majors/economic-geology,metadata,absent,https://lpeg.geo.arizona.edu/programs/accelerated-masters-program-economic-geology,"P2 relevant buried, target absent",yes,,BASE,Rule 1 — generic term → DS home,was: https://www.arizona.edu/degree-search/majors/economic-geology
economics,exact,https://www.arizona.edu/degree-search,https://www.arizona.edu/degree-search/majors/economics,metadata,absent,https://eller.arizona.edu/,"P2 relevant buried, target absent",yes,,BASE,Rule 1 — generic term → DS home,was: https://www.arizona.edu/degree-search/majors/economics
economics ms,exact,https://www.arizona.edu/degree-search/majors/economics-ms,https://www.arizona.edu/degree-search/majors/economics-ms,metadata,absent,https://eller.arizona.edu/,"P2 relevant buried, target absent",yes,yes,GRAD,Rule 2 — specific entity (kept),
economics university of arizona,exact,https://www.arizona.edu/degree-search,https://www.arizona.edu/degree-search/majors/economics-ba,ahrefs,absent,https://eller.arizona.edu/,"P2 relevant buried, target absent",yes,,UG,Rule 1 — generic term → DS home,was: https://www.arizona.edu/degree-search/majors/economics-ba
ecosystem genomics,exact,https://www.arizona.edu/degree-search,https://www.arizona.edu/degree-search/majors/ecosystem-genomics,metadata,absent,https://ecosystemgenomics.arizona.edu/egi,"P2 relevant buried, target absent",yes,,BASE,Rule 1 — generic term → DS home,was: https://www.arizona.edu/degree-search/majors/ecosystem-genomics
education policy,exact,https://www.arizona.edu/degree-search,https://www.arizona.edu/degree-search/majors/education-policy,metadata,absent,https://education.arizona.edu/,"P2 relevant buried, target absent",yes,,BASE,Rule 1 — generic term → DS home,was: https://www.arizona.edu/degree-search/majors/education-policy
education requirements for aerospace engineer,exact,https://www.arizona.edu/degree-search/majors/aerospace-engineering-bsae,https://www.arizona.edu/degree-search/majors/aerospace-engineering-bsae,ahrefs,absent,https://education.arizona.edu/,"P2 relevant buried, target absent",yes,,UG,Rule 2 — specific entity (kept),
education requirements for biomedical engineer,exact,https://www.arizona.edu/degree-search/majors/biomedical-engineering-bsbe,https://www.arizona.edu/degree-search/majors/biomedical-engineering-bsbe,ahrefs,absent,https://education.arizona.edu/,"P2 relevant buried, target absent",yes,,UG,Rule 2 — specific entity (kept),
educational leadership,exact,https://www.arizona.edu/degree-search,https://www.arizona.edu/degree-search/majors/education-in-educational-leadership,metadata,10,https://education.arizona.edu/majors/educational-leadership-edd,"P2 target present, buried",yes,,BASE,Rule 1 — generic term → DS home,was: https://www.arizona.edu/degree-search/majors/education-in-educational-leadership
educational leadership & policy,exact,https://www.arizona.edu/degree-search,https://www.arizona.edu/degree-search/majors/educational-leadership-and-policy,metadata,4,https://education.arizona.edu/educational-leadership-policy,"P2 target present, buried",yes,,BASE,Rule 1 — generic term → DS home,was: https://www.arizona.edu/degree-search/majors/educational-leadership-and-policy
educational psychology,exact,https://www.arizona.edu/degree-search,https://www.arizona.edu/degree-search/majors/educational-psychology-ma,metadata,absent,https://science.arizona.edu/,P1 all results off-topic,yes,,GRAD,Rule 1 — generic term → DS home,was: https://www.arizona.edu/degree-search/majors/educational-psychology-ma
educational psychology phd,exact,https://www.arizona.edu/degree-search/majors/educational-psychology-dp,https://www.arizona.edu/degree-search/majors/educational-psychology-dp,metadata,absent,https://science.arizona.edu/,P1 all results off-topic,yes,yes,PHD,Rule 2 — specific entity (kept),
educational research methodology,exact,https://www.arizona.edu/degree-search,https://www.arizona.edu/degree-search/majors/educational-research-methodology,metadata,2,https://education.arizona.edu/majors/educational-research-methodology-graduate-certificate,"P2 target present, buried",yes,,BASE,Rule 1 — generic term → DS home,was: https://www.arizona.edu/degree-search/majors/educational-research-methodology
egypt in arizona,exact,https://www.arizona.edu/degree-search/majors/egyptian-archaeology,https://www.arizona.edu/degree-search/majors/egyptian-archaeology,ahrefs,absent,https://international-admissions.arizona.edu/application-requirements/egypt,"P2 relevant buried, target absent",yes,,BASE,REVIEW: base-page mapping (verify generic vs keep),trigger not a clean field-name match; left unchanged
electrical & computer engineering,exact,https://www.arizona.edu/degree-search,https://www.arizona.edu/degree-search/majors/electrical-and-computer-engineering-ms,metadata,absent,https://engineering.arizona.edu/index,"P2 relevant buried, target absent",yes,,GRAD,Rule 1 — generic term → DS home,was: https://www.arizona.edu/degree-search/majors/electrical-and-computer-engineering-ms
electrical & computer engineering phd,exact,https://www.arizona.edu/degree-search/majors/electrical-and-computer-engineering-dp,https://www.arizona.edu/degree-search/majors/electrical-and-computer-engineering-dp,metadata,absent,https://engineering.arizona.edu/index,"P2 relevant buried, target absent",yes,yes,PHD,Rule 2 — specific entity (kept),
electrical and computer engineering university of arizona,exact,https://www.arizona.edu/degree-search,https://www.arizona.edu/degree-search/majors/electrical-and-computer-engineering-computer-engineering-track,ahrefs,absent,https://engineering.arizona.edu/index,"P2 relevant buried, target absent",yes,,TRACK,Rule 1 — generic term → DS home,was: https://www.arizona.edu/degree-search/majors/electrical-and-computer-engineering-computer-engineering-track
elementary education esl,exact,https://www.arizona.edu/degree-search/majors/elementary-education-english-as-a-second-language-emphasis,https://www.arizona.edu/degree-search/majors/elementary-education-english-as-a-second-language-emphasis,metadata,absent,https://education.arizona.edu/,"P2 relevant buried, target absent",yes,,EMPHASIS,Rule 2 — specific entity (kept),
emergency medical services,exact,https://www.arizona.edu/degree-search,https://www.arizona.edu/degree-search/majors/emergency-medical-services,metadata,absent,https://uapd.arizona.edu/,"P2 relevant buried, target absent",yes,,BASE,Rule 1 — generic term → DS home,was: https://www.arizona.edu/degree-search/majors/emergency-medical-services
emergency medical services graduate certificate,exact,https://www.arizona.edu/degree-search/majors/emergency-medical-services-gc,https://www.arizona.edu/degree-search/majors/emergency-medical-services-gc,metadata,absent,https://uapd.arizona.edu/,"P2 relevant buried, target absent",yes,yes,GRAD,Rule 2 — specific entity (kept),
emerging technologies in society,exact,https://www.arizona.edu/degree-search,https://www.arizona.edu/degree-search/majors/emerging-technologies-in-society,metadata,2,https://online.arizona.edu/programs/undergraduate/online-bachelor-arts-emerging-technologies-society-ba,"P2 target present, buried",yes,,BASE,Rule 1 — generic term → DS home,was: https://www.arizona.edu/degree-search/majors/emerging-technologies-in-society
ems major,exact,https://www.arizona.edu/degree-search/majors/emergency-medical-services-bs,https://www.arizona.edu/degree-search/majors/emergency-medical-services-bs,ahrefs,absent,https://www.arizona.edu/degree-search,"P2 relevant buried, target absent",yes,,UG,Rule 2 — specific entity (kept),
energy efficient building design,exact,https://www.arizona.edu/degree-search,https://www.arizona.edu/degree-search/majors/energy-efficient-building-design,metadata,1,https://www.arizona.edu/degree-search/majors/energy-efficient-building-design,P0 already #1,no (already #1),,BASE,Rule 1 — generic term → DS home,was: https://www.arizona.edu/degree-search/majors/energy-efficient-building-design
engineering,exact,https://www.arizona.edu/degree-search,https://www.arizona.edu/degree-search/majors/engineering,metadata,absent,https://engineering.arizona.edu/index,"P2 relevant buried, target absent",yes,,BASE,Rule 1 — generic term → DS home,was: https://www.arizona.edu/degree-search/majors/engineering
engineering management,exact,https://www.arizona.edu/degree-search,https://www.arizona.edu/degree-search/majors/engineering-management,metadata,absent,https://engineering.arizona.edu/index,"P2 relevant buried, target absent",yes,,BASE,Rule 1 — generic term → DS home,was: https://www.arizona.edu/degree-search/majors/engineering-management
engineering management graduate certificate,exact,https://www.arizona.edu/degree-search/majors/engineering-management-gc,https://www.arizona.edu/degree-search/majors/engineering-management-gc,metadata,absent,https://engineering.arizona.edu/index,"P2 relevant buried, target absent",yes,yes,GRAD,Rule 2 — specific entity (kept),
engineering management masters,exact,https://www.arizona.edu/degree-search/majors/engineering-management-ms,https://www.arizona.edu/degree-search/majors/engineering-management-ms,ahrefs,absent,https://engineering.arizona.edu/index,"P2 relevant buried, target absent",yes,,GRAD,Rule 2 — specific entity (kept),
engineering optical,exact,https://www.arizona.edu/degree-search/majors/optical-sciences-engineering-optical-mechanics-track,https://www.arizona.edu/degree-search/majors/optical-sciences-engineering-optical-mechanics-track,ahrefs,absent,https://engineering.arizona.edu/index,"P2 relevant buried, target absent",yes,,TRACK,Rule 2 — specific entity (kept),
english,exact,https://www.arizona.edu/degree-search,https://www.arizona.edu/degree-search/majors/english,metadata,absent,https://sbs.arizona.edu/,"P2 relevant buried, target absent",yes,,BASE,Rule 1 — generic term → DS home,was: https://www.arizona.edu/degree-search/majors/english
english degree,exact,https://www.arizona.edu/degree-search,https://www.arizona.edu/degree-search/majors/english-ba,ahrefs,absent,https://www.arizona.edu/degree-search,"P2 relevant buried, target absent",yes,,UG,Rule 1 — generic term → DS home,was: https://www.arizona.edu/degree-search/majors/english-ba
english phd,exact,https://www.arizona.edu/degree-search/majors/english-dp,https://www.arizona.edu/degree-search/majors/english-dp,metadata,absent,https://sbs.arizona.edu/,"P2 relevant buried, target absent",yes,yes,PHD,Rule 2 — specific entity (kept),
enterprise information security,exact,https://www.arizona.edu/degree-search,https://www.arizona.edu/degree-search/majors/enterprise-information-security,metadata,absent,https://infosci.arizona.edu/news/new-name-college-of-information-science,"P2 relevant buried, target absent",yes,,BASE,Rule 1 — generic term → DS home,was: https://www.arizona.edu/degree-search/majors/enterprise-information-security
entomology and insect science,exact,https://www.arizona.edu/degree-search,https://www.arizona.edu/degree-search/majors/entomology-and-insect-science-ms,metadata,absent,https://science.arizona.edu/,"P2 relevant buried, target absent",yes,,GRAD,Rule 1 — generic term → DS home,was: https://www.arizona.edu/degree-search/majors/entomology-and-insect-science-ms
entomology and insect science gidp,exact,https://www.arizona.edu/degree-search/majors/entomology-and-insect-science-dp,https://www.arizona.edu/degree-search/majors/entomology-and-insect-science-dp,metadata,absent,https://science.arizona.edu/,"P2 relevant buried, target absent",yes,,PHD,Rule 2 — specific entity (kept),
entrepreneurship,exact,https://www.arizona.edu/degree-search,https://www.arizona.edu/degree-search/majors/entrepreneurship,metadata,absent,https://eller.arizona.edu/,"P2 relevant buried, target absent",yes,,BASE,Rule 1 — generic term → DS home,was: https://www.arizona.edu/degree-search/majors/entrepreneurship
entrepreneurship bsba,exact,https://www.arizona.edu/degree-search/majors/entrepreneurship-bsba,https://www.arizona.edu/degree-search/majors/entrepreneurship-bsba,ahrefs,absent,https://eller.arizona.edu/,"P2 relevant buried, target absent",yes,,UG,Rule 2 — specific entity (kept),
entrepreneurship graduate program,exact,https://www.arizona.edu/degree-search/majors/entrepreneurship-ms,https://www.arizona.edu/degree-search/majors/entrepreneurship-ms,ahrefs,5,https://eller.arizona.edu/,"P2 target present, buried",yes,,GRAD,Rule 2 — specific entity (kept),
environmental and water resource economics,exact,https://www.arizona.edu/degree-search,https://www.arizona.edu/degree-search/majors/environmental-and-water-resource-economics,metadata,absent,https://eller.arizona.edu/,"P2 relevant buried, target absent",yes,,BASE,Rule 1 — generic term → DS home,was: https://www.arizona.edu/degree-search/majors/environmental-and-water-resource-economics
environmental economics & policy,exact,https://www.arizona.edu/degree-search/majors/agricultural-and-applied-economics-environmental-economics-and-policy-emphasis,https://www.arizona.edu/degree-search/majors/agricultural-and-applied-economics-environmental-economics-and-policy-emphasis,metadata,absent,https://eller.arizona.edu/,"P2 relevant buried, target absent",yes,,EMPHASIS,Rule 2 — specific entity (kept),
environmental engineering,exact,https://www.arizona.edu/degree-search,https://www.arizona.edu/degree-search/majors/environmental-engineering,metadata,absent,https://engineering.arizona.edu/index,"P2 relevant buried, target absent",yes,,BASE,Rule 1 — generic term → DS home,was: https://www.arizona.edu/degree-search/majors/environmental-engineering
environmental engineering ms,exact,https://www.arizona.edu/degree-search/majors/environmental-engineering-ms,https://www.arizona.edu/degree-search/majors/environmental-engineering-ms,metadata,absent,https://engineering.arizona.edu/index,"P2 relevant buried, target absent",yes,yes,GRAD,Rule 2 — specific entity (kept),
environmental engineering phd,exact,https://www.arizona.edu/degree-search/majors/environmental-engineering-dp,https://www.arizona.edu/degree-search/majors/environmental-engineering-dp,ahrefs,absent,https://engineering.arizona.edu/index,"P2 relevant buried, target absent",yes,,PHD,Rule 2 — specific entity (kept),
environmental geography and society,exact,https://www.arizona.edu/degree-search/majors/geography-water-environment-and-society-emphasis,https://www.arizona.edu/degree-search/majors/geography-water-environment-and-society-emphasis,metadata,15,https://geography.arizona.edu/course/geog-462-environmental-law-geography-and-society,"P2 target present, buried",yes,,EMPHASIS,Rule 2 — specific entity (kept),
environmental health sciences,exact,https://www.arizona.edu/degree-search,https://www.arizona.edu/degree-search/majors/environmental-health-sciences-ms,metadata,absent,,P1 no results,yes,,GRAD,Rule 1 — generic term → DS home,was: https://www.arizona.edu/degree-search/majors/environmental-health-sciences-ms
environmental health sciences phd,exact,https://www.arizona.edu/degree-search/majors/environmental-health-sciences-dp,https://www.arizona.edu/degree-search/majors/environmental-health-sciences-dp,metadata,absent,,P1 no results,yes,yes,PHD,Rule 2 — specific entity (kept),
environmental leadership,exact,https://www.arizona.edu/degree-search/majors/environmental-science-leadership-sustainability-and-communication-emphasis,https://www.arizona.edu/degree-search/majors/environmental-science-leadership-sustainability-and-communication-emphasis,metadata,12,https://cales.arizona.edu/about/leadership,"P2 target present, buried",yes,,EMPHASIS,Rule 2 — specific entity (kept),
environmental science,exact,https://www.arizona.edu/degree-search,https://www.arizona.edu/degree-search/majors/environmental-science-ms,metadata,absent,https://science.arizona.edu/,"P2 relevant buried, target absent",yes,,GRAD,Rule 1 — generic term → DS home,was: https://www.arizona.edu/degree-search/majors/environmental-science-ms
environmental science physical and chemical dynamics,exact,https://www.arizona.edu/degree-search/majors/environmental-science-physical-and-chemical-dynamics-emphasis,https://www.arizona.edu/degree-search/majors/environmental-science-physical-and-chemical-dynamics-emphasis,metadata,3,https://engineering.arizona.edu/index,"P2 target present, buried",yes,,EMPHASIS,Rule 2 — specific entity (kept),
"environmental soil, water and air science",exact,https://www.arizona.edu/degree-search/majors/environmental-science-soil-air-and-water-emphasis,https://www.arizona.edu/degree-search/majors/environmental-science-soil-air-and-water-emphasis,metadata,4,https://science.arizona.edu/,"P2 target present, buried",yes,,EMPHASIS,Rule 2 — specific entity (kept),
epidemiology,exact,https://www.arizona.edu/degree-search,https://www.arizona.edu/degree-search/majors/epidemiology-ms,metadata,absent,https://publichealth.arizona.edu/,"P2 relevant buried, target absent",yes,,GRAD,Rule 1 — generic term → DS home,was: https://www.arizona.edu/degree-search/majors/epidemiology-ms
epidemiology phd,exact,https://www.arizona.edu/degree-search/majors/epidemiology-dp,https://www.arizona.edu/degree-search/majors/epidemiology-dp,metadata,absent,https://publichealth.arizona.edu/,"P2 relevant buried, target absent",yes,yes,PHD,Rule 2 — specific entity (kept),
equine science degree,exact,https://www.arizona.edu/degree-search/majors/animal-sciences-equine-emphasis,https://www.arizona.edu/degree-search/majors/animal-sciences-equine-emphasis,ahrefs,7,https://www.arizona.edu/degree-search,"P2 target present, buried",yes,,EMPHASIS,Rule 2 — specific entity (kept),
equine science degree online,exact,https://www.arizona.edu/degree-search/majors/animal-sciences-equine-emphasis,https://www.arizona.edu/degree-search/majors/animal-sciences-equine-emphasis,ahrefs,absent,https://www.arizona.edu/degree-search,"P2 relevant buried, target absent",yes,,EMPHASIS,Rule 2 — specific entity (kept),
euphonium performance,exact,https://www.arizona.edu/degree-search/majors/performance-euphonium-emphasis,https://www.arizona.edu/degree-search/majors/performance-euphonium-emphasis,metadata,1,https://www.arizona.edu/degree-search/majors/performance-euphonium-emphasis,P0 already #1,no (already #1),,EMPHASIS,Rule 2 — specific entity (kept),
evolutionary biology degree,exact,https://www.arizona.edu/degree-search,https://www.arizona.edu/degree-search/majors/ecology-and-evolutionary-biology-bs,ahrefs,absent,https://www.arizona.edu/degree-search,"P2 relevant buried, target absent",yes,,UG,Rule 1 — generic term → DS home,was: https://www.arizona.edu/degree-search/majors/ecology-and-evolutionary-biology-bs
family nurse practitioner,exact,https://www.arizona.edu/degree-search,https://www.arizona.edu/degree-search/majors/family-nurse-practitioner,metadata,5,https://nursing.arizona.edu/,"P2 target present, buried",yes,,BASE,Rule 1 — generic term → DS home,was: https://www.arizona.edu/degree-search/majors/family-nurse-practitioner
family studies and human development,exact,https://www.arizona.edu/degree-search,https://www.arizona.edu/degree-search/majors/family-studies-and-human-development,metadata,absent,https://norton.arizona.edu/course/hdfs/197a,"P2 relevant buried, target absent",yes,,BASE,Rule 1 — generic term → DS home,was: https://www.arizona.edu/degree-search/majors/family-studies-and-human-development
fashion degrees,exact,https://www.arizona.edu/degree-search/majors/applied-humanities-fashion-studies-emphasis,https://www.arizona.edu/degree-search/majors/applied-humanities-fashion-studies-emphasis,ahrefs,absent,https://english.arizona.edu/declare,P1 all results off-topic,yes,,EMPHASIS,Rule 2 — specific entity (kept),
fashion science,exact,https://www.arizona.edu/degree-search,https://www.arizona.edu/degree-search/majors/fashion-industry-s-science-and-technology,ahrefs,6,https://science.arizona.edu/,"P2 target present, buried",yes,,BASE,Rule 1 — generic term → DS home,was: https://www.arizona.edu/degree-search/majors/fashion-industry-s-science-and-technology
fashion studies major,exact,https://www.arizona.edu/degree-search/majors/applied-humanities-fashion-studies-emphasis,https://www.arizona.edu/degree-search/majors/applied-humanities-fashion-studies-emphasis,ahrefs,14,https://www.arizona.edu/degree-search,"P2 target present, buried",yes,,EMPHASIS,Rule 2 — specific entity (kept),
film and television,exact,https://www.arizona.edu/degree-search,https://www.arizona.edu/degree-search/majors/film-and-television-bfa,ahrefs,11,https://cfa.arizona.edu/,"P2 target present, buried",yes,,UG,Rule 1 — generic term → DS home,was: https://www.arizona.edu/degree-search/majors/film-and-television-bfa
film and tv degree,exact,https://www.arizona.edu/degree-search/majors/film-and-television-ba,https://www.arizona.edu/degree-search/majors/film-and-television-ba,ahrefs,absent,https://www.arizona.edu/degree-search,"P2 relevant buried, target absent",yes,,UG,Rule 2 — specific entity (kept),
finance,exact,https://www.arizona.edu/degree-search,https://www.arizona.edu/degree-search/majors/finance,metadata,absent,https://eller.arizona.edu/,"P2 relevant buried, target absent",yes,,BASE,Rule 1 — generic term → DS home,was: https://www.arizona.edu/degree-search/majors/finance
finance ms,exact,https://www.arizona.edu/degree-search/majors/finance-ms,https://www.arizona.edu/degree-search/majors/finance-ms,metadata,absent,https://eller.arizona.edu/,"P2 relevant buried, target absent",yes,yes,GRAD,Rule 2 — specific entity (kept),
financial therapy,exact,https://www.arizona.edu/degree-search,https://www.arizona.edu/degree-search/majors/financial-therapy,metadata,3,https://caps.arizona.edu/,"P2 target present, buried",yes,,BASE,Rule 1 — generic term → DS home,was: https://www.arizona.edu/degree-search/majors/financial-therapy
fine art photography degree,exact,https://www.arizona.edu/degree-search/majors/studio-art-photography-video-and-imaging-emphasis,https://www.arizona.edu/degree-search/majors/studio-art-photography-video-and-imaging-emphasis,ahrefs,19,https://cfa.arizona.edu/,"P2 target present, buried",yes,,EMPHASIS,Rule 2 — specific entity (kept),
fish degree,exact,https://www.arizona.edu/degree-search/majors/natural-resources-fisheries-conservation-and-management-emphasis,https://www.arizona.edu/degree-search/majors/natural-resources-fisheries-conservation-and-management-emphasis,ahrefs,absent,https://www.arizona.edu/degree-search,P1 all results off-topic,yes,,EMPHASIS,Rule 2 — specific entity (kept),
flute performance,exact,https://www.arizona.edu/degree-search/majors/performance-flute-emphasis,https://www.arizona.edu/degree-search/majors/performance-flute-emphasis,metadata,1,https://www.arizona.edu/degree-search/majors/performance-flute-emphasis,P0 already #1,no (already #1),,EMPHASIS,Rule 2 — specific entity (kept),
food safety,exact,https://www.arizona.edu/degree-search,https://www.arizona.edu/degree-search/majors/food-safety,metadata,absent,https://union.arizona.edu/,"P2 relevant buried, target absent",yes,,BASE,Rule 1 — generic term → DS home,was: https://www.arizona.edu/degree-search/majors/food-safety
food studies degree,exact,https://www.arizona.edu/degree-search,https://www.arizona.edu/degree-search/majors/food-studies,ahrefs,absent,https://www.arizona.edu/degree-search,"P2 relevant buried, target absent",yes,,BASE,Rule 1 — generic term → DS home,was: https://www.arizona.edu/degree-search/majors/food-studies
food studies major,exact,https://www.arizona.edu/degree-search,https://www.arizona.edu/degree-search/majors/food-studies,ahrefs,absent,https://union.arizona.edu/,"P2 relevant buried, target absent",yes,,BASE,Rule 1 — generic term → DS home,was: https://www.arizona.edu/degree-search/majors/food-studies
foundations for biomedical science phds serving indigenous cultures,exact,https://www.arizona.edu/degree-search,https://www.arizona.edu/degree-search/majors/foundations-for-biomedical-science-phds-serving-indigenous-cultures,metadata,2,https://science.arizona.edu/,"P2 target present, buried",yes,,BASE,Rule 1 — generic term → DS home,was: https://www.arizona.edu/degree-search/majors/foundations-for-biomedical-science-phds-serving-indigenous-cultures
foundations of data science,exact,https://www.arizona.edu/degree-search,https://www.arizona.edu/degree-search/majors/foundations-of-data-science,metadata,absent,https://infosci.arizona.edu/,"P2 relevant buried, target absent",yes,,BASE,Rule 1 — generic term → DS home,was: https://www.arizona.edu/degree-search/majors/foundations-of-data-science
french,exact,https://www.arizona.edu/degree-search,https://www.arizona.edu/degree-search/majors/french,metadata,absent,https://humanities.arizona.edu/,"P2 relevant buried, target absent",yes,,BASE,Rule 1 — generic term → DS home,was: https://www.arizona.edu/degree-search/majors/french
french francophone studies,exact,https://www.arizona.edu/degree-search/majors/french-french-and-francophone-emphasis,https://www.arizona.edu/degree-search/majors/french-french-and-francophone-emphasis,metadata,14,https://humanities.arizona.edu/,"P2 target present, buried",yes,,EMPHASIS,Rule 2 — specific entity (kept),
french horn performance studies,exact,https://www.arizona.edu/degree-search/majors/performance-french-horn-emphasis,https://www.arizona.edu/degree-search/majors/performance-french-horn-emphasis,metadata,6,https://humanities.arizona.edu/,"P2 target present, buried",yes,,EMPHASIS,Rule 2 — specific entity (kept),
"french language, literature and culture",exact,https://www.arizona.edu/degree-search/majors/french-language-literature-and-cultures-emphasis,https://www.arizona.edu/degree-search/majors/french-language-literature-and-cultures-emphasis,metadata,7,https://humanities.arizona.edu/,"P2 target present, buried",yes,,EMPHASIS,Rule 2 — specific entity (kept),
game design,exact,https://www.arizona.edu/degree-search,https://www.arizona.edu/degree-search/majors/game-design,metadata,4,https://infosci.arizona.edu/,"P2 target present, buried",yes,,BASE,Rule 1 — generic term → DS home,was: https://www.arizona.edu/degree-search/majors/game-design
game design and development,exact,https://www.arizona.edu/degree-search,https://www.arizona.edu/degree-search/majors/game-design-and-development,metadata,absent,https://infosci.arizona.edu/,"P2 relevant buried, target absent",yes,,BASE,Rule 1 — generic term → DS home,was: https://www.arizona.edu/degree-search/majors/game-design-and-development
game development,exact,https://www.arizona.edu/degree-search,https://www.arizona.edu/degree-search/majors/game-development,metadata,6,https://infosci.arizona.edu/,"P2 target present, buried",yes,,BASE,Rule 1 — generic term → DS home,was: https://www.arizona.edu/degree-search/majors/game-development
games and behavior,exact,https://www.arizona.edu/degree-search,https://www.arizona.edu/degree-search/majors/games-and-behavior,metadata,absent,https://sbs.arizona.edu/events/league-legends-and-sexualization-game-characters,"P2 relevant buried, target absent",yes,,BASE,Rule 1 — generic term → DS home,was: https://www.arizona.edu/degree-search/majors/games-and-behavior
gender & women's studies,exact,https://www.arizona.edu/degree-search,https://www.arizona.edu/degree-search/majors/gender-women-s-studies,metadata,absent,https://gws.arizona.edu/gender-womens-studies,"P2 relevant buried, target absent",yes,,BASE,Rule 1 — generic term → DS home,was: https://www.arizona.edu/degree-search/majors/gender-women-s-studies
gender & women's studies s studies,exact,https://www.arizona.edu/degree-search/majors/doctor-of-philosophy-in-gender-women-s-studies,https://www.arizona.edu/degree-search/majors/doctor-of-philosophy-in-gender-women-s-studies,metadata,absent,https://gws.arizona.edu/gender-womens-studies,"P2 relevant buried, target absent",yes,yes,PHD,Rule 2 — specific entity (kept),
gender & women's studies studies,exact,https://www.arizona.edu/degree-search/majors/master-of-arts-in-gender-women-s-studies,https://www.arizona.edu/degree-search/majors/master-of-arts-in-gender-women-s-studies,metadata,absent,https://gws.arizona.edu/gender-womens-studies,"P2 relevant buried, target absent",yes,yes,GRAD,Rule 2 — specific entity (kept),
gender women s studies chicana and latina studies,exact,https://www.arizona.edu/degree-search/majors/gender-women-s-studies-chicana-and-latina-studies-emphasis,https://www.arizona.edu/degree-search/majors/gender-women-s-studies-chicana-and-latina-studies-emphasis,metadata,absent,https://gws.arizona.edu/chicanalatina-studies-requirements,"P2 relevant buried, target absent",yes,,EMPHASIS,Rule 2 — specific entity (kept),
gender-based violence,exact,https://www.arizona.edu/degree-search,https://www.arizona.edu/degree-search/majors/gender-based-violence,metadata,5,https://education.arizona.edu/news/gender-based-violence-conference,"P2 target present, buried",yes,,BASE,Rule 1 — generic term → DS home,was: https://www.arizona.edu/degree-search/majors/gender-based-violence
general microbiology,exact,https://www.arizona.edu/degree-search/majors/microbiology-general-microbiology-emphasis,https://www.arizona.edu/degree-search/majors/microbiology-general-microbiology-emphasis,ahrefs,1,https://www.arizona.edu/degree-search/majors/microbiology-general-microbiology-emphasis,P0 already #1,no (already #1),,EMPHASIS,Rule 2 — specific entity (kept),
general studies arts media and entertainment,exact,https://www.arizona.edu/degree-search/majors/general-studies-arts-media-and-entertainment-emphasis,https://www.arizona.edu/degree-search/majors/general-studies-arts-media-and-entertainment-emphasis,metadata,absent,https://www.arizona.edu/degree-search/majors/interdisciplinary-studies-arts-media-and-entertainment-emphasis-ba,"P2 relevant buried, target absent",yes,,EMPHASIS,Rule 2 — specific entity (kept),
general studies economy and industry,exact,https://www.arizona.edu/degree-search/majors/general-studies-economy-and-industry-emphasis,https://www.arizona.edu/degree-search/majors/general-studies-economy-and-industry-emphasis,metadata,absent,https://online.arizona.edu/programs/undergraduate/online-bachelor-arts-economy-and-industry-interdisciplinary-studies-ids,"P2 relevant buried, target absent",yes,,EMPHASIS,Rule 2 — specific entity (kept),
general studies global and intercultural understanding,exact,https://www.arizona.edu/degree-search/majors/general-studies-global-and-intercultural-understanding-emphasis,https://www.arizona.edu/degree-search/majors/general-studies-global-and-intercultural-understanding-emphasis,metadata,absent,https://international.arizona.edu/study-abroad,"P2 relevant buried, target absent",yes,,EMPHASIS,Rule 2 — specific entity (kept),
general studies science technology health and society,exact,https://www.arizona.edu/degree-search/majors/general-studies-science-technology-health-and-society-emphasis,https://www.arizona.edu/degree-search/majors/general-studies-science-technology-health-and-society-emphasis,metadata,absent,https://health.arizona.edu/,"P2 relevant buried, target absent",yes,,EMPHASIS,Rule 2 — specific entity (kept),
general studies social behavior and human understanding,exact,https://www.arizona.edu/degree-search/majors/general-studies-social-behavior-and-human-understanding-emphasis,https://www.arizona.edu/degree-search/majors/general-studies-social-behavior-and-human-understanding-emphasis,metadata,absent,https://online.arizona.edu/programs/undergraduate/online-bachelor-arts-social-behavior-and-human-understanding,"P2 relevant buried, target absent",yes,,EMPHASIS,Rule 2 — specific entity (kept),
general studies sports and society,exact,https://www.arizona.edu/degree-search/majors/general-studies-sports-and-society-emphasis,https://www.arizona.edu/degree-search/majors/general-studies-sports-and-society-emphasis,metadata,absent,https://arizonawildcats.com/,P1 all results off-topic,yes,,EMPHASIS,Rule 2 — specific entity (kept),
genetic counseling,exact,https://www.arizona.edu/degree-search,https://www.arizona.edu/degree-search/majors/genetic-counseling,metadata,6,https://caps.arizona.edu/,"P2 target present, buried",yes,,BASE,Rule 1 — generic term → DS home,was: https://www.arizona.edu/degree-search/majors/genetic-counseling
genetics,exact,https://www.arizona.edu/degree-search,https://www.arizona.edu/degree-search/majors/genetics-ms,metadata,absent,https://genetics.arizona.edu/curriculum-requirements,"P2 relevant buried, target absent",yes,,GRAD,Rule 1 — generic term → DS home,was: https://www.arizona.edu/degree-search/majors/genetics-ms
genetics and genomics,exact,https://www.arizona.edu/degree-search,https://www.arizona.edu/degree-search/majors/genetics-and-genomics,metadata,6,https://physiology.arizona.edu/events/2020/genetics-and-genomics-grand-rounds-genetic-screening-healthy-populations,"P2 target present, buried",yes,,BASE,Rule 1 — generic term → DS home,was: https://www.arizona.edu/degree-search/majors/genetics-and-genomics
genetics phd,exact,https://www.arizona.edu/degree-search/majors/genetics-dp,https://www.arizona.edu/degree-search/majors/genetics-dp,metadata,absent,https://genetics.arizona.edu/curriculum-requirements,"P2 relevant buried, target absent",yes,yes,PHD,Rule 2 — specific entity (kept),
geoengineering degree,exact,https://www.arizona.edu/degree-search,https://www.arizona.edu/degree-search/majors/geoengineering,ahrefs,2,https://www.arizona.edu/degree-search,"P2 target present, buried",yes,,BASE,Rule 1 — generic term → DS home,was: https://www.arizona.edu/degree-search/majors/geoengineering
geographic information science graduate,exact,https://www.arizona.edu/degree-search/majors/geographic-information-science,https://www.arizona.edu/degree-search/majors/geographic-information-science,metadata,absent,https://infosci.arizona.edu/,"P2 relevant buried, target absent",yes,,BASE,Rule 2 — REVIEW: specific term on base page,needs GRAD entity; no matching level page in dataset — verify
geographic information systems technology,exact,https://www.arizona.edu/degree-search,https://www.arizona.edu/degree-search/majors/geographic-information-systems-technology,metadata,absent,https://it.arizona.edu/,"P2 relevant buried, target absent",yes,,BASE,Rule 1 — generic term → DS home,was: https://www.arizona.edu/degree-search/majors/geographic-information-systems-technology
geographic information systems technology bs,exact,https://www.arizona.edu/degree-search/majors/geographic-information-systems-technology-bs,https://www.arizona.edu/degree-search/majors/geographic-information-systems-technology-bs,metadata,absent,https://it.arizona.edu/,"P2 relevant buried, target absent",yes,yes,UG,Rule 2 — specific entity (kept),
geographic information systems technology ms,exact,https://www.arizona.edu/degree-search/majors/geographic-information-systems-technology-ms,https://www.arizona.edu/degree-search/majors/geographic-information-systems-technology-ms,metadata,absent,https://it.arizona.edu/,"P2 relevant buried, target absent",yes,yes,GRAD,Rule 2 — specific entity (kept),
geography,exact,https://www.arizona.edu/degree-search,https://www.arizona.edu/degree-search/majors/geography,metadata,absent,https://geography.arizona.edu/bs-geography/requirements,"P2 relevant buried, target absent",yes,,BASE,Rule 1 — generic term → DS home,was: https://www.arizona.edu/degree-search/majors/geography
geography ba,exact,https://www.arizona.edu/degree-search/majors/geography-ba,https://www.arizona.edu/degree-search/majors/geography-ba,metadata,absent,https://geography.arizona.edu/bs-geography/requirements,"P2 relevant buried, target absent",yes,yes,UG,Rule 2 — specific entity (kept),
geography ma,exact,https://www.arizona.edu/degree-search/majors/geography-ma,https://www.arizona.edu/degree-search/majors/geography-ma,metadata,absent,https://geography.arizona.edu/bs-geography/requirements,"P2 relevant buried, target absent",yes,yes,GRAD,Rule 2 — specific entity (kept),
geography phd,exact,https://www.arizona.edu/degree-search/majors/geography-dp,https://www.arizona.edu/degree-search/majors/geography-dp,metadata,absent,https://geography.arizona.edu/bs-geography/requirements,"P2 relevant buried, target absent",yes,yes,PHD,Rule 2 — specific entity (kept),
geography physical geography,exact,https://www.arizona.edu/degree-search/majors/geography-physical-geography-emphasis,https://www.arizona.edu/degree-search/majors/geography-physical-geography-emphasis,metadata,1,https://www.arizona.edu/degree-search/majors/geography-physical-geography-emphasis,P0 already #1,no (already #1),,EMPHASIS,Rule 2 — specific entity (kept),
geology major requirements,exact,https://www.arizona.edu/degree-search/majors/geosciences-geology-emphasis,https://www.arizona.edu/degree-search/majors/geosciences-geology-emphasis,ahrefs,absent,https://www.arizona.edu/degree-search,"P2 relevant buried, target absent",yes,,EMPHASIS,Rule 2 — specific entity (kept),
"geoscience earth, oceans and climate",exact,https://www.arizona.edu/degree-search/majors/geosciences-earth-ocean-and-climate-emphasis,https://www.arizona.edu/degree-search/majors/geosciences-earth-ocean-and-climate-emphasis,metadata,2,https://geo.arizona.edu/undergraduate-students/majors-and-minors/eoc-sub-plan,"P2 target present, buried",yes,,EMPHASIS,Rule 2 — specific entity (kept),
geosciences,exact,https://www.arizona.edu/degree-search,https://www.arizona.edu/degree-search/majors/geosciences-ms,metadata,absent,https://science.arizona.edu/,P1 all results off-topic,yes,,GRAD,Rule 1 — generic term → DS home,was: https://www.arizona.edu/degree-search/majors/geosciences-ms
geosciences and society law,exact,https://www.arizona.edu/degree-search/majors/geosciences-and-society-law-emphasis,https://www.arizona.edu/degree-search/majors/geosciences-and-society-law-emphasis,metadata,absent,https://science.arizona.edu/,"P2 relevant buried, target absent",yes,,EMPHASIS,Rule 2 — specific entity (kept),
geosciences and society public policy,exact,https://www.arizona.edu/degree-search/majors/geosciences-and-society-public-policy-emphasis,https://www.arizona.edu/degree-search/majors/geosciences-and-society-public-policy-emphasis,metadata,absent,https://science.arizona.edu/,"P2 relevant buried, target absent",yes,,EMPHASIS,Rule 2 — specific entity (kept),
geosciences and society science communication,exact,https://www.arizona.edu/degree-search/majors/geosciences-and-society-science-communication-emphasis,https://www.arizona.edu/degree-search/majors/geosciences-and-society-science-communication-emphasis,metadata,absent,https://sbs.arizona.edu/,"P2 relevant buried, target absent",yes,,EMPHASIS,Rule 2 — specific entity (kept),
geosciences degree,exact,https://www.arizona.edu/degree-search,https://www.arizona.edu/degree-search/majors/geosciences-geology-emphasis,ahrefs,absent,https://www.arizona.edu/degree-search,P1 all results off-topic,yes,,EMPHASIS,Rule 1 — generic term → DS home,was: https://www.arizona.edu/degree-search/majors/geosciences-geology-emphasis
geosciences gem science,exact,https://www.arizona.edu/degree-search/majors/geosciences-gem-science-emphasis,https://www.arizona.edu/degree-search/majors/geosciences-gem-science-emphasis,metadata,absent,https://science.arizona.edu/,"P2 relevant buried, target absent",yes,,EMPHASIS,Rule 2 — specific entity (kept),
geosciences geophysics,exact,https://www.arizona.edu/degree-search/majors/geosciences-geophysics-emphasis,https://www.arizona.edu/degree-search/majors/geosciences-geophysics-emphasis,metadata,absent,https://science.arizona.edu/,P1 all results off-topic,yes,,EMPHASIS,Rule 2 — specific entity (kept),
geosciences phd,exact,https://www.arizona.edu/degree-search/majors/geosciences-dp,https://www.arizona.edu/degree-search/majors/geosciences-dp,metadata,absent,https://science.arizona.edu/,P1 all results off-topic,yes,yes,PHD,Rule 2 — specific entity (kept),
german,exact,https://www.arizona.edu/degree-search,https://www.arizona.edu/degree-search/majors/german-studies-ba,metadata,absent,https://humanities.arizona.edu/,"P2 relevant buried, target absent",yes,,UG,Rule 1 — generic term → DS home,was: https://www.arizona.edu/degree-search/majors/german-studies-ba
german studies,exact,https://www.arizona.edu/degree-search,https://www.arizona.edu/degree-search/majors/german-studies,metadata,absent,https://humanities.arizona.edu/,"P2 relevant buried, target absent",yes,,BASE,Rule 1 — generic term → DS home,was: https://www.arizona.edu/degree-search/majors/german-studies
german studies ma,exact,https://www.arizona.edu/degree-search/majors/german-studies-ma,https://www.arizona.edu/degree-search/majors/german-studies-ma,metadata,absent,https://humanities.arizona.edu/,"P2 relevant buried, target absent",yes,yes,GRAD,Rule 2 — specific entity (kept),
global ecology,exact,https://www.arizona.edu/degree-search/majors/natural-resources-global-change-ecology-and-management-emphasis,https://www.arizona.edu/degree-search/majors/natural-resources-global-change-ecology-and-management-emphasis,metadata,absent,https://international.arizona.edu/study-abroad,"P2 relevant buried, target absent",yes,,EMPHASIS,Rule 2 — specific entity (kept),
global health and development,exact,https://www.arizona.edu/degree-search,https://www.arizona.edu/degree-search/majors/global-health-development,metadata,absent,https://international.arizona.edu/study-abroad,"P2 relevant buried, target absent",yes,,BASE,Rule 1 — generic term → DS home,was: https://www.arizona.edu/degree-search/majors/global-health-development
global health asu,exact,https://www.arizona.edu/degree-search/majors/public-health-global-health-emphasis,https://www.arizona.edu/degree-search/majors/public-health-global-health-emphasis,ahrefs,absent,https://international.arizona.edu/study-abroad,"P2 relevant buried, target absent",yes,,EMPHASIS,Rule 2 — specific entity (kept),
"global studies gender, difference, and power",exact,https://www.arizona.edu/degree-search/majors/global-studies-gender-difference-and-power-emphasis,https://www.arizona.edu/degree-search/majors/global-studies-gender-difference-and-power-emphasis,metadata,4,https://international.arizona.edu/study-abroad,"P2 target present, buried",yes,,EMPHASIS,Rule 2 — specific entity (kept),
global studies general,exact,https://www.arizona.edu/degree-search/majors/global-studies-general-emphasis,https://www.arizona.edu/degree-search/majors/global-studies-general-emphasis,metadata,absent,https://international.arizona.edu/study-abroad,"P2 relevant buried, target absent",yes,,EMPHASIS,Rule 2 — specific entity (kept),
global studies global culture,exact,https://www.arizona.edu/degree-search/majors/global-studies-global-culture-emphasis,https://www.arizona.edu/degree-search/majors/global-studies-global-culture-emphasis,metadata,absent,https://international.arizona.edu/study-abroad,"P2 relevant buried, target absent",yes,,EMPHASIS,Rule 2 — specific entity (kept),
global studies global cultures,exact,https://www.arizona.edu/degree-search/majors/global-studies-global-cultures-emphasis,https://www.arizona.edu/degree-search/majors/global-studies-global-cultures-emphasis,metadata,absent,https://international.arizona.edu/study-abroad,"P2 relevant buried, target absent",yes,,EMPHASIS,Rule 2 — specific entity (kept),
global studies global health and development,exact,https://www.arizona.edu/degree-search/majors/global-studies-global-health-and-development-emphasis,https://www.arizona.edu/degree-search/majors/global-studies-global-health-and-development-emphasis,metadata,absent,https://international.arizona.edu/study-abroad,"P2 relevant buried, target absent",yes,,EMPHASIS,Rule 2 — specific entity (kept),
global studies global human rights and social movements,exact,https://www.arizona.edu/degree-search/majors/global-studies-global-human-rights-and-social-movements-emphasis,https://www.arizona.edu/degree-search/majors/global-studies-global-human-rights-and-social-movements-emphasis,metadata,absent,https://international.arizona.edu/study-abroad,"P2 relevant buried, target absent",yes,,EMPHASIS,Rule 2 — specific entity (kept),
global studies global latin america,exact,https://www.arizona.edu/degree-search/majors/global-studies-global-latin-america-emphasis,https://www.arizona.edu/degree-search/majors/global-studies-global-latin-america-emphasis,metadata,absent,https://international.arizona.edu/study-abroad,"P2 relevant buried, target absent",yes,,EMPHASIS,Rule 2 — specific entity (kept),
global studies global societies human rights migrations and social movements,exact,https://www.arizona.edu/degree-search/majors/global-studies-global-societies-human-rights-migrations-and-social-movements-emphasis,https://www.arizona.edu/degree-search/majors/global-studies-global-societies-human-rights-migrations-and-social-movements-emphasis,metadata,absent,https://international.arizona.edu/study-abroad,"P2 relevant buried, target absent",yes,,EMPHASIS,Rule 2 — specific entity (kept),
global studies international political economy,exact,https://www.arizona.edu/degree-search/majors/global-studies-global-political-economy-and-institutions-emphasis,https://www.arizona.edu/degree-search/majors/global-studies-global-political-economy-and-institutions-emphasis,metadata,absent,https://international.arizona.edu/study-abroad,"P2 relevant buried, target absent",yes,,EMPHASIS,Rule 2 — specific entity (kept),
global studies jew and israel studies cultures and communities,exact,https://www.arizona.edu/degree-search/majors/global-studies-jewish-and-israel-studies-cultures-and-communities-emphasis,https://www.arizona.edu/degree-search/majors/global-studies-jewish-and-israel-studies-cultures-and-communities-emphasis,metadata,6,https://international.arizona.edu/study-abroad,"P2 target present, buried",yes,,EMPHASIS,Rule 2 — specific entity (kept),
global studies middle eastern and north african studies,exact,https://www.arizona.edu/degree-search/majors/global-studies-middle-eastern-and-north-african-studies-emphasis,https://www.arizona.edu/degree-search/majors/global-studies-middle-eastern-and-north-african-studies-emphasis,metadata,absent,https://international.arizona.edu/study-abroad,"P2 relevant buried, target absent",yes,,EMPHASIS,Rule 2 — specific entity (kept),
global supply chain management,exact,https://www.arizona.edu/degree-search/majors/global-supply-chain-mgmt,https://www.arizona.edu/degree-search/majors/global-supply-chain-mgmt,metadata,absent,https://international.arizona.edu/study-abroad,"P2 relevant buried, target absent",yes,,BASE,REVIEW: base-page mapping (verify generic vs keep),trigger not a clean field-name match; left unchanged
government and public policy,exact,https://www.arizona.edu/degree-search,https://www.arizona.edu/degree-search/majors/government-and-public-policy-ma,metadata,absent,https://sgpp.arizona.edu/phd-government-public-policy/requirements,"P2 relevant buried, target absent",yes,,GRAD,Rule 1 — generic term → DS home,was: https://www.arizona.edu/degree-search/majors/government-and-public-policy-ma
government and public policy phd,exact,https://www.arizona.edu/degree-search/majors/government-and-public-policy-dp,https://www.arizona.edu/degree-search/majors/government-and-public-policy-dp,metadata,absent,https://sgpp.arizona.edu/phd-government-public-policy/requirements,"P2 relevant buried, target absent",yes,yes,PHD,Rule 2 — specific entity (kept),
government and public service,exact,https://www.arizona.edu/degree-search,https://www.arizona.edu/degree-search/majors/government-and-public-service,metadata,absent,https://sgpp.arizona.edu/events/public-service-panel,"P2 relevant buried, target absent",yes,,BASE,Rule 1 — generic term → DS home,was: https://www.arizona.edu/degree-search/majors/government-and-public-service
graduate certificate in business,exact,https://www.arizona.edu/degree-search/majors/business-foundations,https://www.arizona.edu/degree-search/majors/business-foundations,ahrefs,absent,https://eller.arizona.edu/,"P2 relevant buried, target absent",yes,,BASE,Rule 2 — REVIEW: specific term on base page,needs GRAD entity; no matching level page in dataset — verify
guitar performance,exact,https://www.arizona.edu/degree-search/majors/performance-guitar-emphasis,https://www.arizona.edu/degree-search/majors/performance-guitar-emphasis,metadata,2,https://guitar.arizona.edu/events/186-judica%C3%ABl-perroy-performance-excellence,"P2 target present, buried",yes,,EMPHASIS,Rule 2 — specific entity (kept),
harp performance,exact,https://www.arizona.edu/degree-search/majors/performance-harp-emphasis,https://www.arizona.edu/degree-search/majors/performance-harp-emphasis,metadata,1,https://www.arizona.edu/degree-search/majors/performance-harp-emphasis,P0 already #1,no (already #1),,EMPHASIS,Rule 2 — specific entity (kept),
harpsichord performance,exact,https://www.arizona.edu/degree-search/majors/performance-harpsichord-emphasis,https://www.arizona.edu/degree-search/majors/performance-harpsichord-emphasis,metadata,absent,https://law.arizona.edu/content/state-tax-notes%C2%A0-striking-right-chord,P1 all results off-topic,yes,,EMPHASIS,Rule 2 — specific entity (kept),
hbhp,exact,https://www.arizona.edu/degree-search/majors/health-behavior-health-promotion,https://www.arizona.edu/degree-search/majors/health-behavior-health-promotion,ahrefs,absent,https://consciousness.arizona.edu/wellness,P1 all results off-topic,yes,,BASE,REVIEW: base-page mapping (verify generic vs keep),trigger not a clean field-name match; left unchanged
health administration,exact,https://www.arizona.edu/degree-search,https://www.arizona.edu/degree-search/majors/health-administration,metadata,absent,https://health.arizona.edu/,"P2 relevant buried, target absent",yes,,BASE,Rule 1 — generic term → DS home,was: https://www.arizona.edu/degree-search/majors/health-administration
health administration degree arizona,exact,https://www.arizona.edu/degree-search/majors/public-health-health-systems-theory-and-practice-emphasis,https://www.arizona.edu/degree-search/majors/public-health-health-systems-theory-and-practice-emphasis,ahrefs,absent,https://www.arizona.edu/degree-search,"P2 relevant buried, target absent",yes,,EMPHASIS,Rule 2 — specific entity (kept),
health and safety degrees,exact,https://www.arizona.edu/degree-search/majors/public-health-environmental-and-occupational-health-emphasis,https://www.arizona.edu/degree-search/majors/public-health-environmental-and-occupational-health-emphasis,ahrefs,absent,https://health.arizona.edu/,"P2 relevant buried, target absent",yes,,EMPHASIS,Rule 2 — specific entity (kept),
health and society,exact,https://www.arizona.edu/degree-search,https://www.arizona.edu/degree-search/majors/care-health-and-society,ahrefs,absent,https://health.arizona.edu/,"P2 relevant buried, target absent",yes,,BASE,Rule 1 — generic term → DS home,was: https://www.arizona.edu/degree-search/majors/care-health-and-society
"health information privacy, compliance and data security",exact,https://www.arizona.edu/degree-search,https://www.arizona.edu/degree-search/majors/health-information-privacy-compliance-and-data-security,metadata,3,https://health.arizona.edu/,"P2 target present, buried",yes,,BASE,Rule 1 — generic term → DS home,was: https://www.arizona.edu/degree-search/majors/health-information-privacy-compliance-and-data-security
health law for health professionals,exact,https://www.arizona.edu/degree-search,https://www.arizona.edu/degree-search/majors/health-law-for-health-professionals,metadata,absent,https://health.arizona.edu/,"P2 relevant buried, target absent",yes,,BASE,Rule 1 — generic term → DS home,was: https://www.arizona.edu/degree-search/majors/health-law-for-health-professionals
health medicine and society major,exact,https://www.arizona.edu/degree-search/majors/medicine-medicine-and-society-emphasis,https://www.arizona.edu/degree-search/majors/medicine-medicine-and-society-emphasis,ahrefs,absent,https://health.arizona.edu/,"P2 relevant buried, target absent",yes,,EMPHASIS,Rule 2 — specific entity (kept),
health promotion courses,exact,https://www.arizona.edu/degree-search/majors/public-health-health-promotion-emphasis,https://www.arizona.edu/degree-search/majors/public-health-health-promotion-emphasis,ahrefs,absent,https://health.arizona.edu/,"P2 relevant buried, target absent",yes,,EMPHASIS,Rule 2 — specific entity (kept),
health promotion degree,exact,https://www.arizona.edu/degree-search/majors/public-health-health-promotion-emphasis,https://www.arizona.edu/degree-search/majors/public-health-health-promotion-emphasis,ahrefs,absent,https://www.arizona.edu/degree-search,"P2 relevant buried, target absent",yes,,EMPHASIS,Rule 2 — specific entity (kept),
health promotion degrees,exact,https://www.arizona.edu/degree-search/majors/public-health-health-promotion-emphasis,https://www.arizona.edu/degree-search/majors/public-health-health-promotion-emphasis,ahrefs,absent,https://health.arizona.edu/,"P2 relevant buried, target absent",yes,,EMPHASIS,Rule 2 — specific entity (kept),
healthcare administration degree arizona,exact,https://www.arizona.edu/degree-search/majors/public-health-health-systems-theory-and-practice-emphasis,https://www.arizona.edu/degree-search/majors/public-health-health-systems-theory-and-practice-emphasis,ahrefs,absent,https://www.arizona.edu/degree-search,"P2 relevant buried, target absent",yes,,EMPHASIS,Rule 2 — specific entity (kept),
healthcare administration degree arizona management,exact,https://www.arizona.edu/degree-search/majors/healthcare-management,https://www.arizona.edu/degree-search/majors/healthcare-management,ahrefs,absent,https://www.arizona.edu/degree-search,"P2 relevant buried, target absent",yes,yes,BASE,REVIEW: base-page mapping (verify generic vs keep),trigger not a clean field-name match; left unchanged
heritage conservation graduate,exact,https://www.arizona.edu/degree-search/majors/heritage-conservation,https://www.arizona.edu/degree-search/majors/heritage-conservation,metadata,1,https://www.arizona.edu/degree-search/majors/heritage-conservation,P0 already #1,no (already #1),,BASE,Rule 2 — REVIEW: specific term on base page,needs GRAD entity; no matching level page in dataset — verify
heritage preservation,exact,https://www.arizona.edu/degree-search/majors/sustainable-built-environments-heritage-conservation-emphasis,https://www.arizona.edu/degree-search/majors/sustainable-built-environments-heritage-conservation-emphasis,metadata,absent,https://arboretum.arizona.edu/ua-partners-preserve-heritage,"P2 relevant buried, target absent",yes,,EMPHASIS,Rule 2 — specific entity (kept),
higher education,exact,https://www.arizona.edu/degree-search,https://www.arizona.edu/degree-search/majors/higher-education-ma,metadata,absent,https://education.arizona.edu/,"P2 relevant buried, target absent",yes,,GRAD,Rule 1 — generic term → DS home,was: https://www.arizona.edu/degree-search/majors/higher-education-ma
history,exact,https://www.arizona.edu/degree-search,https://www.arizona.edu/degree-search/majors/history,metadata,absent,https://sbs.arizona.edu/,"P2 relevant buried, target absent",yes,,BASE,Rule 1 — generic term → DS home,was: https://www.arizona.edu/degree-search/majors/history
history ba,exact,https://www.arizona.edu/degree-search/majors/history-ba,https://www.arizona.edu/degree-search/majors/history-ba,metadata,absent,https://sbs.arizona.edu/,"P2 relevant buried, target absent",yes,yes,UG,Rule 2 — specific entity (kept),
history ma,exact,https://www.arizona.edu/degree-search/majors/history-ma,https://www.arizona.edu/degree-search/majors/history-ma,metadata,absent,https://sbs.arizona.edu/,"P2 relevant buried, target absent",yes,yes,GRAD,Rule 2 — specific entity (kept),
history phd programs,exact,https://www.arizona.edu/degree-search/majors/history-dp,https://www.arizona.edu/degree-search/majors/history-dp,ahrefs,absent,https://sbs.arizona.edu/,"P2 relevant buried, target absent",yes,,PHD,Rule 2 — specific entity (kept),
horticulture degree arizona,exact,https://www.arizona.edu/degree-search/majors/sustainable-plant-systems-urban-horticulture-emphasis,https://www.arizona.edu/degree-search/majors/sustainable-plant-systems-urban-horticulture-emphasis,ahrefs,absent,https://www.arizona.edu/degree-search,P1 all results off-topic,yes,,EMPHASIS,Rule 2 — specific entity (kept),
hospital administration degree arizona,exact,https://www.arizona.edu/degree-search/majors/public-health-health-systems-theory-and-practice-emphasis,https://www.arizona.edu/degree-search/majors/public-health-health-systems-theory-and-practice-emphasis,ahrefs,absent,https://www.arizona.edu/degree-search,"P2 relevant buried, target absent",yes,,EMPHASIS,Rule 2 — specific entity (kept),
how do you say arizona in spanish,exact,https://www.arizona.edu/degree-search/majors/spanish-translation-and-interpretation-emphasis,https://www.arizona.edu/degree-search/majors/spanish-translation-and-interpretation-emphasis,ahrefs,absent,https://humanities.arizona.edu/,"P2 relevant buried, target absent",yes,,EMPHASIS,Rule 2 — specific entity (kept),
how to become a nutritionist in arizona,exact,https://www.arizona.edu/degree-search/majors/nutrition-and-dietetics,https://www.arizona.edu/degree-search/majors/nutrition-and-dietetics,ahrefs,absent,https://online.arizona.edu/news/how-become-bcba,"P2 relevant buried, target absent",yes,,BASE,REVIEW: base-page mapping (verify generic vs keep),trigger not a clean field-name match; left unchanged
human development and family science,exact,https://www.arizona.edu/degree-search,https://www.arizona.edu/degree-search/majors/human-development-and-family-science-bs,ahrefs,2,https://science.arizona.edu/,"P2 target present, buried",yes,,UG,Rule 1 — generic term → DS home,was: https://www.arizona.edu/degree-search/majors/human-development-and-family-science-bs
human development and family science major,exact,https://www.arizona.edu/degree-search,https://www.arizona.edu/degree-search/majors/human-development-and-family-science-bs,ahrefs,3,https://www.arizona.edu/degree-search,"P2 target present, buried",yes,,UG,Rule 1 — generic term → DS home,was: https://www.arizona.edu/degree-search/majors/human-development-and-family-science-bs
human development and family science phd,exact,https://www.arizona.edu/degree-search/majors/human-development-and-family-science-dp,https://www.arizona.edu/degree-search/majors/human-development-and-family-science-dp,metadata,13,https://science.arizona.edu/,"P2 target present, buried",yes,yes,PHD,Rule 2 — specific entity (kept),
human language technology,exact,https://www.arizona.edu/degree-search,https://www.arizona.edu/degree-search/majors/human-language-technology,metadata,12,https://linguistics.arizona.edu/ms-hlt,"P2 target present, buried",yes,,BASE,Rule 1 — generic term → DS home,was: https://www.arizona.edu/degree-search/majors/human-language-technology
human rights and documentary media,exact,https://www.arizona.edu/degree-search,https://www.arizona.edu/degree-search/majors/documentary-media-and-human-rights,metadata,2,https://online.arizona.edu/programs/graduate-certificate/online-graduate-certificate-human-rights-documentary-media-cert,"P2 target present, buried",yes,,BASE,Rule 1 — generic term → DS home,was: https://www.arizona.edu/degree-search/majors/documentary-media-and-human-rights
human rights and technology,exact,https://www.arizona.edu/degree-search,https://www.arizona.edu/degree-search/majors/human-rights-and-technology,metadata,2,https://online.arizona.edu/programs/graduate-certificate/online-graduate-certificate-human-rights-and-technology-cert,"P2 target present, buried",yes,,BASE,Rule 1 — generic term → DS home,was: https://www.arizona.edu/degree-search/majors/human-rights-and-technology
human rights practice,exact,https://www.arizona.edu/degree-search,https://www.arizona.edu/degree-search/majors/human-rights-practice,metadata,absent,https://sbsmajors.arizona.edu/ba-human-rights-practice,"P2 relevant buried, target absent",yes,,BASE,Rule 1 — generic term → DS home,was: https://www.arizona.edu/degree-search/majors/human-rights-practice
human rights practice graduate certificate,exact,https://www.arizona.edu/degree-search/majors/human-rights-practice-gc,https://www.arizona.edu/degree-search/majors/human-rights-practice-gc,metadata,8,https://sbsmajors.arizona.edu/ba-human-rights-practice,"P2 target present, buried",yes,yes,GRAD,Rule 2 — specific entity (kept),
human rights practice ma,exact,https://www.arizona.edu/degree-search/majors/human-rights-practice-ma,https://www.arizona.edu/degree-search/majors/human-rights-practice-ma,metadata,9,https://sbsmajors.arizona.edu/ba-human-rights-practice,"P2 target present, buried",yes,yes,GRAD,Rule 2 — specific entity (kept),
human services,exact,https://www.arizona.edu/degree-search,https://www.arizona.edu/degree-search/majors/human-services,metadata,absent,https://azcast.arizona.edu/human-services,"P2 relevant buried, target absent",yes,,BASE,Rule 1 — generic term → DS home,was: https://www.arizona.edu/degree-search/majors/human-services
hydraulics and water resources engineering,exact,https://www.arizona.edu/degree-search,https://www.arizona.edu/degree-search/majors/hydraulics-and-water-resources-engineering,metadata,4,https://engineering.arizona.edu/index,"P2 target present, buried",yes,,BASE,Rule 1 — generic term → DS home,was: https://www.arizona.edu/degree-search/majors/hydraulics-and-water-resources-engineering
hydrogeology,exact,https://www.arizona.edu/degree-search,https://www.arizona.edu/degree-search/majors/hydrogeology,metadata,1,https://www.arizona.edu/degree-search/majors/hydrogeology,P0 already #1,no (already #1),,BASE,Rule 1 — generic term → DS home,was: https://www.arizona.edu/degree-search/majors/hydrogeology
hydrology,exact,https://www.arizona.edu/degree-search,https://www.arizona.edu/degree-search/majors/hydrology,metadata,absent,https://has.arizona.edu/people/committees/admissions-committee,"P2 relevant buried, target absent",yes,,BASE,Rule 1 — generic term → DS home,was: https://www.arizona.edu/degree-search/majors/hydrology
hydrology and atmospheric sciences atmospheric sciences,exact,https://www.arizona.edu/degree-search/majors/hydrology-and-atmospheric-sciences-atmospheric-sciences-emphasis,https://www.arizona.edu/degree-search/majors/hydrology-and-atmospheric-sciences-atmospheric-sciences-emphasis,metadata,absent,https://has.arizona.edu/give-hydrology-and-atmospheric-sciences,"P2 relevant buried, target absent",yes,,EMPHASIS,Rule 2 — specific entity (kept),
hydrology and water resources engineering,exact,https://www.arizona.edu/degree-search/majors/hydrology-and-water-resources,https://www.arizona.edu/degree-search/majors/hydrology-and-water-resources,metadata,absent,https://engineering.arizona.edu/index,"P2 relevant buried, target absent",yes,,BASE,REVIEW: base-page mapping (verify generic vs keep),trigger not a clean field-name match; left unchanged
hydrology major,exact,https://www.arizona.edu/degree-search,https://www.arizona.edu/degree-search/majors/hydrology-and-atmospheric-sciences-environmental-hydrology-and-water-resources-emphasis,ahrefs,absent,https://www.arizona.edu/degree-search,"P2 relevant buried, target absent",yes,,EMPHASIS,Rule 1 — generic term → DS home,was: https://www.arizona.edu/degree-search/majors/hydrology-and-atmospheric-sciences-environmental-hydrology-and-water-resources-emphasis
hydrometeorology,exact,https://www.arizona.edu/degree-search,https://www.arizona.edu/degree-search/majors/hydrometeorology-ms,metadata,absent,https://cdhc.arizona.edu/rationale,"P2 relevant buried, target absent",yes,,GRAD,Rule 1 — generic term → DS home,was: https://www.arizona.edu/degree-search/majors/hydrometeorology-ms
hydrometeorology phd,exact,https://www.arizona.edu/degree-search/majors/hydrometeorology-dp,https://www.arizona.edu/degree-search/majors/hydrometeorology-dp,metadata,absent,https://cdhc.arizona.edu/rationale,"P2 relevant buried, target absent",yes,yes,PHD,Rule 2 — specific entity (kept),
i am from arizona in spanish,exact,https://www.arizona.edu/degree-search/majors/spanish-translation-and-interpretation-emphasis,https://www.arizona.edu/degree-search/majors/spanish-translation-and-interpretation-emphasis,ahrefs,absent,https://humanities.arizona.edu/,"P2 relevant buried, target absent",yes,,EMPHASIS,Rule 2 — specific entity (kept),
illustration studio,exact,https://www.arizona.edu/degree-search/majors/studio-art-illustration-design-and-animation-emphasis,https://www.arizona.edu/degree-search/majors/studio-art-illustration-design-and-animation-emphasis,ahrefs,3,https://education.arizona.edu/calendar/illustrator-studio-oil-painting-demonstration,"P2 target present, buried",yes,,EMPHASIS,Rule 2 — specific entity (kept),
immunobiology,exact,https://www.arizona.edu/degree-search,https://www.arizona.edu/degree-search/majors/immunobiology,metadata,5,https://immunobiology.arizona.edu/,"P2 target present, buried",yes,,BASE,Rule 1 — generic term → DS home,was: https://www.arizona.edu/degree-search/majors/immunobiology
inclusive leadership in sport and recreation,exact,https://www.arizona.edu/degree-search,https://www.arizona.edu/degree-search/majors/inclusive-leadership-in-sport-and-recreation,metadata,4,https://rec.arizona.edu/,"P2 target present, buried",yes,,BASE,Rule 1 — generic term → DS home,was: https://www.arizona.edu/degree-search/majors/inclusive-leadership-in-sport-and-recreation
indigenous governance,exact,https://www.arizona.edu/degree-search,https://www.arizona.edu/degree-search/majors/indigenous-governance,metadata,absent,https://igp.arizona.edu/grad-program/graduate-certificate-indigenous-governance,"P2 relevant buried, target absent",yes,,BASE,Rule 1 — generic term → DS home,was: https://www.arizona.edu/degree-search/majors/indigenous-governance
indigenous health,exact,https://www.arizona.edu/degree-search,https://www.arizona.edu/degree-search/majors/indigenous-health,metadata,absent,https://health.arizona.edu/,"P2 relevant buried, target absent",yes,,BASE,Rule 1 — generic term → DS home,was: https://www.arizona.edu/degree-search/majors/indigenous-health
indigenous languages and linguistics,exact,https://www.arizona.edu/degree-search,https://www.arizona.edu/degree-search/majors/indigenous-languages-and-linguistics,metadata,absent,https://sbs.arizona.edu/,"P2 relevant buried, target absent",yes,,BASE,Rule 1 — generic term → DS home,was: https://www.arizona.edu/degree-search/majors/indigenous-languages-and-linguistics
industrial engineering,exact,https://www.arizona.edu/degree-search,https://www.arizona.edu/degree-search/majors/industrial-engineering,metadata,absent,https://engineering.arizona.edu/index,"P2 relevant buried, target absent",yes,,BASE,Rule 1 — generic term → DS home,was: https://www.arizona.edu/degree-search/majors/industrial-engineering
industrial engineering ms,exact,https://www.arizona.edu/degree-search/majors/industrial-engineering-ms,https://www.arizona.edu/degree-search/majors/industrial-engineering-ms,metadata,absent,https://engineering.arizona.edu/index,"P2 relevant buried, target absent",yes,yes,GRAD,Rule 2 — specific entity (kept),
information,exact,https://www.arizona.edu/degree-search,https://www.arizona.edu/degree-search/majors/information,metadata,absent,https://infosci.arizona.edu/news/new-name-college-of-information-science,"P2 relevant buried, target absent",yes,,BASE,Rule 1 — generic term → DS home,was: https://www.arizona.edu/degree-search/majors/information
information science,exact,https://www.arizona.edu/degree-search,https://www.arizona.edu/degree-search/majors/information-science,metadata,absent,https://infosci.arizona.edu/,"P2 relevant buried, target absent",yes,,BASE,Rule 1 — generic term → DS home,was: https://www.arizona.edu/degree-search/majors/information-science
information science artificial intelligence,exact,https://www.arizona.edu/degree-search/majors/information-science-artificial-intelligence-emphasis,https://www.arizona.edu/degree-search/majors/information-science-artificial-intelligence-emphasis,metadata,absent,https://infosci.arizona.edu/,"P2 relevant buried, target absent",yes,,EMPHASIS,Rule 2 — specific entity (kept),
information science emphasis,exact,https://www.arizona.edu/degree-search/majors/information-science-data-science-emphasis,https://www.arizona.edu/degree-search/majors/information-science-data-science-emphasis,metadata,absent,https://infosci.arizona.edu/,"P2 relevant buried, target absent",yes,yes,EMPHASIS,Rule 2 — specific entity (kept),
information science esociety,exact,https://www.arizona.edu/degree-search,https://www.arizona.edu/degree-search/majors/information-science-esociety,metadata,absent,https://infosci.arizona.edu/,"P2 relevant buried, target absent",yes,,BASE,Rule 1 — generic term → DS home,was: https://www.arizona.edu/degree-search/majors/information-science-esociety
information science interactive and immersive technologies,exact,https://www.arizona.edu/degree-search/majors/information-science-interactive-and-immersive-technologies-emphasis,https://www.arizona.edu/degree-search/majors/information-science-interactive-and-immersive-technologies-emphasis,metadata,19,https://infosci.arizona.edu/,"P2 target present, buried",yes,,EMPHASIS,Rule 2 — specific entity (kept),
innovations in aging,exact,https://www.arizona.edu/degree-search,https://www.arizona.edu/degree-search/majors/innovations-in-aging-ms,metadata,absent,https://innovationsinaging.uahs.arizona.edu/admissions,"P2 relevant buried, target absent",yes,,GRAD,Rule 1 — generic term → DS home,was: https://www.arizona.edu/degree-search/majors/innovations-in-aging-ms
integrated business and engineering,exact,https://www.arizona.edu/degree-search,https://www.arizona.edu/degree-search/majors/integrated-business-and-engineering,metadata,absent,https://eller.arizona.edu/,"P2 relevant buried, target absent",yes,,BASE,Rule 1 — generic term → DS home,was: https://www.arizona.edu/degree-search/majors/integrated-business-and-engineering
integrative nursing,exact,https://www.arizona.edu/degree-search/majors/nursing-integrative-health-emphasis,https://www.arizona.edu/degree-search/majors/nursing-integrative-health-emphasis,ahrefs,absent,https://nursing.arizona.edu/,"P2 relevant buried, target absent",yes,,EMPHASIS,Rule 2 — specific entity (kept),
intelligence and information operations,exact,https://www.arizona.edu/degree-search/majors/intelligence-and-information-operations-operational-intelligence-emphasis,https://www.arizona.edu/degree-search/majors/intelligence-and-information-operations-operational-intelligence-emphasis,ahrefs,absent,https://infosci.arizona.edu/news/new-name-college-of-information-science,"P2 relevant buried, target absent",yes,,EMPHASIS,Rule 2 — specific entity (kept),
intelligence and information operations law enforcement intelligence,exact,https://www.arizona.edu/degree-search/majors/intelligence-and-information-operations-law-enforcement-intelligence-emphasis,https://www.arizona.edu/degree-search/majors/intelligence-and-information-operations-law-enforcement-intelligence-emphasis,metadata,3,https://law.arizona.edu/,"P2 target present, buried",yes,,EMPHASIS,Rule 2 — specific entity (kept),
intelligence and information operations signals intelligence and electronic warfare,exact,https://www.arizona.edu/degree-search/majors/intelligence-and-information-operations-signals-intelligence-and-electronic-warfare-emphasis,https://www.arizona.edu/degree-search/majors/intelligence-and-information-operations-signals-intelligence-and-electronic-warfare-emphasis,metadata,3,https://intelligenceoperations.engineering.arizona.edu/signals-intelligence-and-electronic-warfare,"P2 target present, buried",yes,,EMPHASIS,Rule 2 — specific entity (kept),
intelligence operations studies,exact,https://www.arizona.edu/degree-search/majors/intelligence-and-information-operations-operational-intelligence-emphasis,https://www.arizona.edu/degree-search/majors/intelligence-and-information-operations-operational-intelligence-emphasis,ahrefs,17,https://intelligenceoperations.engineering.arizona.edu/admissions,"P2 target present, buried",yes,,EMPHASIS,Rule 2 — specific entity (kept),
"interdisciplinary studies arts, media and entertainment",exact,https://www.arizona.edu/degree-search/majors/interdisciplinary-studies-arts-media-and-entertainment-emphasis-bis,https://www.arizona.edu/degree-search/majors/interdisciplinary-studies-arts-media-and-entertainment-emphasis-bis,metadata,2,https://humanities.arizona.edu/,"P2 target present, buried",yes,,EMPHASIS,Rule 2 — specific entity (kept),
"interdisciplinary studies arts, media and entertainment ba",exact,https://www.arizona.edu/degree-search/majors/interdisciplinary-studies-arts-media-and-entertainment-emphasis-ba,https://www.arizona.edu/degree-search/majors/interdisciplinary-studies-arts-media-and-entertainment-emphasis-ba,metadata,4,https://humanities.arizona.edu/,"P2 target present, buried",yes,yes,EMPHASIS,Rule 2 — specific entity (kept),
interdisciplinary studies economy and industry,exact,https://www.arizona.edu/degree-search/majors/interdisciplinary-studies-economy-and-industry-emphasis-bis,https://www.arizona.edu/degree-search/majors/interdisciplinary-studies-economy-and-industry-emphasis-bis,metadata,2,https://humanities.arizona.edu/,"P2 target present, buried",yes,,EMPHASIS,Rule 2 — specific entity (kept),
interdisciplinary studies economy and industry ba,exact,https://www.arizona.edu/degree-search/majors/interdisciplinary-studies-economy-and-industry-emphasis-ba,https://www.arizona.edu/degree-search/majors/interdisciplinary-studies-economy-and-industry-emphasis-ba,metadata,4,https://humanities.arizona.edu/,"P2 target present, buried",yes,yes,EMPHASIS,Rule 2 — specific entity (kept),
interdisciplinary studies global and intercultural understanding,exact,https://www.arizona.edu/degree-search/majors/interdisciplinary-studies-global-and-intercultural-understanding-emphasis-bis,https://www.arizona.edu/degree-search/majors/interdisciplinary-studies-global-and-intercultural-understanding-emphasis-bis,metadata,4,https://international.arizona.edu/study-abroad,"P2 target present, buried",yes,,EMPHASIS,Rule 2 — specific entity (kept),
interdisciplinary studies global and intercultural understanding ba,exact,https://www.arizona.edu/degree-search/majors/interdisciplinary-studies-global-and-intercultural-understanding-emphasis-ba,https://www.arizona.edu/degree-search/majors/interdisciplinary-studies-global-and-intercultural-understanding-emphasis-ba,metadata,6,https://international.arizona.edu/study-abroad,"P2 target present, buried",yes,yes,EMPHASIS,Rule 2 — specific entity (kept),
"interdisciplinary studies science, technology, health & society",exact,https://www.arizona.edu/degree-search/majors/interdisciplinary-studies-science-technology-health-society-emphasis-bis,https://www.arizona.edu/degree-search/majors/interdisciplinary-studies-science-technology-health-society-emphasis-bis,metadata,3,https://health.arizona.edu/,"P2 target present, buried",yes,,EMPHASIS,Rule 2 — specific entity (kept),
interdisciplinary studies social behavior and human understanding,exact,https://www.arizona.edu/degree-search/majors/interdisciplinary-studies-social-behavior-and-human-understanding-emphasis-bis,https://www.arizona.edu/degree-search/majors/interdisciplinary-studies-social-behavior-and-human-understanding-emphasis-bis,metadata,2,https://humanities.arizona.edu/,"P2 target present, buried",yes,,EMPHASIS,Rule 2 — specific entity (kept),
interdisciplinary studies social behavior and human understanding ba,exact,https://www.arizona.edu/degree-search/majors/interdisciplinary-studies-social-behavior-and-human-understanding-emphasis-ba,https://www.arizona.edu/degree-search/majors/interdisciplinary-studies-social-behavior-and-human-understanding-emphasis-ba,metadata,4,https://humanities.arizona.edu/,"P2 target present, buried",yes,yes,EMPHASIS,Rule 2 — specific entity (kept),
interdisciplinary studies sports and society,exact,https://www.arizona.edu/degree-search/majors/interdisciplinary-studies-sports-and-society-emphasis-bis,https://www.arizona.edu/degree-search/majors/interdisciplinary-studies-sports-and-society-emphasis-bis,metadata,absent,https://arizonawildcats.com/,P1 all results off-topic,yes,,EMPHASIS,Rule 2 — specific entity (kept),
interdisciplinary studies sports and society ba,exact,https://www.arizona.edu/degree-search/majors/interdisciplinary-studies-sports-and-society-emphasis-ba,https://www.arizona.edu/degree-search/majors/interdisciplinary-studies-sports-and-society-emphasis-ba,metadata,absent,https://arizonawildcats.com/,P1 all results off-topic,yes,yes,EMPHASIS,Rule 2 — specific entity (kept),
international security studies university of arizona,exact,https://www.arizona.edu/degree-search,https://www.arizona.edu/degree-search/majors/international-security-studies-gc,ahrefs,absent,https://international.arizona.edu/study-abroad,"P2 relevant buried, target absent",yes,,GRAD,Rule 1 — generic term → DS home,was: https://www.arizona.edu/degree-search/majors/international-security-studies-gc
international security studies university of arizona ma,exact,https://www.arizona.edu/degree-search/majors/international-security-studies-ma,https://www.arizona.edu/degree-search/majors/international-security-studies-ma,ahrefs,absent,https://international.arizona.edu/study-abroad,"P2 relevant buried, target absent",yes,yes,GRAD,Rule 2 — specific entity (kept),
is business a humanities major,exact,https://www.arizona.edu/degree-search/majors/applied-humanities-business-administration-emphasis,https://www.arizona.edu/degree-search/majors/applied-humanities-business-administration-emphasis,ahrefs,absent,https://eller.arizona.edu/,"P2 relevant buried, target absent",yes,,EMPHASIS,Rule 2 — specific entity (kept),
is business economics a good major,exact,https://www.arizona.edu/degree-search/majors/business-economics,https://www.arizona.edu/degree-search/majors/business-economics,ahrefs,absent,https://eller.arizona.edu/,"P2 relevant buried, target absent",yes,,BASE,REVIEW: base-page mapping (verify generic vs keep),trigger not a clean field-name match; left unchanged
is economics a business degree,exact,https://www.arizona.edu/degree-search/majors/business-economics,https://www.arizona.edu/degree-search/majors/business-economics,ahrefs,absent,https://eller.arizona.edu/,"P2 relevant buried, target absent",yes,,BASE,REVIEW: base-page mapping (verify generic vs keep),trigger not a clean field-name match; left unchanged
is medicine a major,exact,https://www.arizona.edu/degree-search/majors/medicine-basic-medical-sciences-emphasis,https://www.arizona.edu/degree-search/majors/medicine-basic-medical-sciences-emphasis,ahrefs,absent,https://www.arizona.edu/degree-search,"P2 relevant buried, target absent",yes,,EMPHASIS,Rule 2 — specific entity (kept),
ista arizona,exact,https://www.arizona.edu/degree-search/majors/information-science-and-arts,https://www.arizona.edu/degree-search/majors/information-science-and-arts,ahrefs,absent,https://www.arizona.edu/admissions,"P2 relevant buried, target absent",yes,,BASE,REVIEW: base-page mapping (verify generic vs keep),trigger not a clean field-name match; left unchanged
italian studies,exact,https://www.arizona.edu/degree-search/majors/italian-italian-studies-emphasis,https://www.arizona.edu/degree-search/majors/italian-italian-studies-emphasis,metadata,absent,https://humanities.arizona.edu/,"P2 relevant buried, target absent",yes,,EMPHASIS,Rule 2 — specific entity (kept),
japanese culture,exact,https://www.arizona.edu/degree-search/majors/east-asian-studies-japanese-culture-emphasis,https://www.arizona.edu/degree-search/majors/east-asian-studies-japanese-culture-emphasis,metadata,1,https://www.arizona.edu/degree-search/majors/east-asian-studies-japanese-culture-emphasis,P0 already #1,no (already #1),,EMPHASIS,Rule 2 — specific entity (kept),
japanese language,exact,https://www.arizona.edu/degree-search/majors/east-asian-studies-japanese-language-emphasis,https://www.arizona.edu/degree-search/majors/east-asian-studies-japanese-language-emphasis,metadata,2,https://marketing.humanities.arizona.edu/events/japanese-language-program-career-info-session,"P2 target present, buried",yes,,EMPHASIS,Rule 2 — specific entity (kept),
jazz studies,exact,https://www.arizona.edu/degree-search/majors/performance-jazz-studies-emphasis,https://www.arizona.edu/degree-search/majors/performance-jazz-studies-emphasis,metadata,1,https://www.arizona.edu/degree-search/majors/performance-jazz-studies-emphasis,P0 already #1,no (already #1),,EMPHASIS,Rule 2 — specific entity (kept),
journalism,exact,https://www.arizona.edu/degree-search,https://www.arizona.edu/degree-search/majors/journalism-ma,metadata,absent,https://sbs.arizona.edu/,"P2 relevant buried, target absent",yes,,GRAD,Rule 1 — generic term → DS home,was: https://www.arizona.edu/degree-search/majors/journalism-ma
journalism broadcast journalism,exact,https://www.arizona.edu/degree-search/majors/journalism-broadcast-journalism-emphasis,https://www.arizona.edu/degree-search/majors/journalism-broadcast-journalism-emphasis,metadata,absent,https://sbs.arizona.edu/,"P2 relevant buried, target absent",yes,,EMPHASIS,Rule 2 — specific entity (kept),
journalism digital journalism,exact,https://www.arizona.edu/degree-search/majors/journalism-digital-journalism-emphasis,https://www.arizona.edu/degree-search/majors/journalism-digital-journalism-emphasis,metadata,absent,https://sbs.arizona.edu/,"P2 relevant buried, target absent",yes,,EMPHASIS,Rule 2 — specific entity (kept),
journalism general journalism,exact,https://www.arizona.edu/degree-search/majors/journalism-general-journalism-emphasis,https://www.arizona.edu/degree-search/majors/journalism-general-journalism-emphasis,metadata,absent,https://sbs.arizona.edu/,"P2 relevant buried, target absent",yes,,EMPHASIS,Rule 2 — specific entity (kept),
journalism global journalism,exact,https://www.arizona.edu/degree-search/majors/journalism-global-journalism-emphasis,https://www.arizona.edu/degree-search/majors/journalism-global-journalism-emphasis,metadata,absent,https://international.arizona.edu/study-abroad,"P2 relevant buried, target absent",yes,,EMPHASIS,Rule 2 — specific entity (kept),
judaic studies,exact,https://www.arizona.edu/degree-search,https://www.arizona.edu/degree-search/majors/judaic-studies,metadata,absent,https://judaic.arizona.edu/minor,"P2 relevant buried, target absent",yes,,BASE,Rule 1 — generic term → DS home,was: https://www.arizona.edu/degree-search/majors/judaic-studies
kinesiology university of arizona,exact,https://www.arizona.edu/degree-search/majors/physiology-and-medical-sciences-exercise-and-extreme-physiology-emphasis,https://www.arizona.edu/degree-search/majors/physiology-and-medical-sciences-exercise-and-extreme-physiology-emphasis,ahrefs,absent,https://www.arizona.edu/admissions,P1 all results off-topic,yes,,EMPHASIS,Rule 2 — specific entity (kept),
landscape architecture,exact,https://www.arizona.edu/degree-search,https://www.arizona.edu/degree-search/majors/landscape-architecture,metadata,absent,https://capla.arizona.edu/,"P2 relevant buried, target absent",yes,,BASE,Rule 1 — generic term → DS home,was: https://www.arizona.edu/degree-search/majors/landscape-architecture
landscape architecture bla,exact,https://www.arizona.edu/degree-search/majors/landscape-architecture-bla,https://www.arizona.edu/degree-search/majors/landscape-architecture-bla,metadata,absent,https://capla.arizona.edu/,"P2 relevant buried, target absent",yes,yes,UG,Rule 2 — specific entity (kept),
landscape architecture masters landscape architecture,exact,https://www.arizona.edu/degree-search/majors/landscape-architecture-mla,https://www.arizona.edu/degree-search/majors/landscape-architecture-mla,metadata,absent,https://capla.arizona.edu/,"P2 relevant buried, target absent",yes,yes,GRAD,Rule 2 — specific entity (kept),
language administration,exact,https://www.arizona.edu/degree-search,https://www.arizona.edu/degree-search/majors/language-program-administration,metadata,1,https://www.arizona.edu/degree-search/majors/language-program-administration,P0 already #1,no (already #1),,BASE,Rule 1 — generic term → DS home,was: https://www.arizona.edu/degree-search/majors/language-program-administration
latin american studies,exact,https://www.arizona.edu/degree-search,https://www.arizona.edu/degree-search/majors/latin-american-studies,metadata,absent,https://clas.arizona.edu/ba-latin-american-studies/requirements,"P2 relevant buried, target absent",yes,,BASE,Rule 1 — generic term → DS home,was: https://www.arizona.edu/degree-search/majors/latin-american-studies
leadership and learning innovation community education,exact,https://www.arizona.edu/degree-search/majors/leadership-and-learning-innovation-community-education-emphasis,https://www.arizona.edu/degree-search/majors/leadership-and-learning-innovation-community-education-emphasis,metadata,11,https://education.arizona.edu/,"P2 target present, buried",yes,,EMPHASIS,Rule 2 — specific entity (kept),
"leadership and learning innovation leadership for equity, access and success in education",exact,https://www.arizona.edu/degree-search/majors/leadership-and-learning-innovation-leadership-for-equity-access-and-success-in-education-emphasis,https://www.arizona.edu/degree-search/majors/leadership-and-learning-innovation-leadership-for-equity-access-and-success-in-education-emphasis,metadata,2,https://education.arizona.edu/,"P2 target present, buried",yes,,EMPHASIS,Rule 2 — specific entity (kept),
legal information,exact,https://www.arizona.edu/degree-search,https://www.arizona.edu/degree-search/majors/legal-information,metadata,absent,https://law.arizona.edu/,"P2 relevant buried, target absent",yes,,BASE,Rule 1 — generic term → DS home,was: https://www.arizona.edu/degree-search/majors/legal-information
library and information science,exact,https://www.arizona.edu/degree-search,https://www.arizona.edu/degree-search/majors/library-and-information-science,metadata,absent,https://www.arizona.edu/libraries,"P2 relevant buried, target absent",yes,,BASE,Rule 1 — generic term → DS home,was: https://www.arizona.edu/degree-search/majors/library-and-information-science
linguistics,exact,https://www.arizona.edu/degree-search,https://www.arizona.edu/degree-search/majors/linguistics-dp,metadata,absent,https://sbs.arizona.edu/,"P2 relevant buried, target absent",yes,,PHD,Rule 1 — generic term → DS home,was: https://www.arizona.edu/degree-search/majors/linguistics-dp
linguistics academic & professional,exact,https://www.arizona.edu/degree-search/majors/linguistics-academic-professional-linguistics-emphasis,https://www.arizona.edu/degree-search/majors/linguistics-academic-professional-linguistics-emphasis,metadata,absent,https://sbs.arizona.edu/,"P2 relevant buried, target absent",yes,,EMPHASIS,Rule 2 — specific entity (kept),
linguistics degree,exact,https://www.arizona.edu/degree-search,https://www.arizona.edu/degree-search/majors/linguistics-general-linguistics-emphasis,ahrefs,absent,https://www.arizona.edu/degree-search,"P2 relevant buried, target absent",yes,,EMPHASIS,Rule 1 — generic term → DS home,was: https://www.arizona.edu/degree-search/majors/linguistics-general-linguistics-emphasis
linguistics � native american languages & linguistics,exact,https://www.arizona.edu/degree-search/majors/linguistics-ma,https://www.arizona.edu/degree-search/majors/linguistics-ma,metadata,absent,https://sbs.arizona.edu/,"P2 relevant buried, target absent",yes,,GRAD,Rule 2 — specific entity (kept),
literacy learning and leadership community education,exact,https://www.arizona.edu/degree-search/majors/literacy-learning-and-leadership-community-education-emphasis,https://www.arizona.edu/degree-search/majors/literacy-learning-and-leadership-community-education-emphasis,metadata,absent,https://education.arizona.edu/,"P2 relevant buried, target absent",yes,,EMPHASIS,Rule 2 — specific entity (kept),
literacy learning and leadership leadership for equity access and success in education,exact,https://www.arizona.edu/degree-search/majors/literacy-learning-and-leadership-leadership-for-equity-access-and-success-in-education-emphasis,https://www.arizona.edu/degree-search/majors/literacy-learning-and-leadership-leadership-for-equity-access-and-success-in-education-emphasis,metadata,absent,https://education.arizona.edu/,"P2 relevant buried, target absent",yes,,EMPHASIS,Rule 2 — specific entity (kept),
live and immersive arts,exact,https://www.arizona.edu/degree-search,https://www.arizona.edu/degree-search/majors/live-and-immersive-arts,metadata,absent,https://giving.arizona.edu/support/arizonaartslive,"P2 relevant buried, target absent",yes,,BASE,Rule 1 — generic term → DS home,was: https://www.arizona.edu/degree-search/majors/live-and-immersive-arts
live and screened performance design and production,exact,https://www.arizona.edu/degree-search/majors/live-and-screened-performance-design-and-production-emphasis,https://www.arizona.edu/degree-search/majors/live-and-screened-performance-design-and-production-emphasis,metadata,1,https://www.arizona.edu/degree-search/majors/live-and-screened-performance-design-and-production-emphasis,P0 already #1,no (already #1),,EMPHASIS,Rule 2 — specific entity (kept),
live and screened performance performance and directing,exact,https://www.arizona.edu/degree-search/majors/live-and-screened-performance-performance-and-directing-emphasis,https://www.arizona.edu/degree-search/majors/live-and-screened-performance-performance-and-directing-emphasis,metadata,1,https://www.arizona.edu/degree-search/majors/live-and-screened-performance-performance-and-directing-emphasis,P0 already #1,no (already #1),,EMPHASIS,Rule 2 — specific entity (kept),
ma communication,exact,https://www.arizona.edu/degree-search/majors/communication-ma,https://www.arizona.edu/degree-search/majors/communication-ma,ahrefs,absent,https://sbs.arizona.edu/,"P2 relevant buried, target absent",yes,,GRAD,Rule 2 — specific entity (kept),
major astronomy,exact,https://www.arizona.edu/degree-search,https://www.arizona.edu/degree-search/majors/astronomy,ahrefs,absent,https://science.arizona.edu/,P1 all results off-topic,yes,,BASE,Rule 1 — generic term → DS home,was: https://www.arizona.edu/degree-search/majors/astronomy
major for real estate,exact,https://www.arizona.edu/degree-search,https://www.arizona.edu/degree-search/majors/real-estate,ahrefs,17,https://www.arizona.edu/degree-search,"P2 target present, buried",yes,,BASE,Rule 1 — generic term → DS home,was: https://www.arizona.edu/degree-search/majors/real-estate
major in art,exact,https://www.arizona.edu/degree-search,https://www.arizona.edu/degree-search/majors/studio-art,ahrefs,absent,https://cfa.arizona.edu/,"P2 relevant buried, target absent",yes,,BASE,Rule 1 — generic term → DS home,was: https://www.arizona.edu/degree-search/majors/studio-art
major in music composition,exact,https://www.arizona.edu/degree-search/majors/performance-composition-emphasis,https://www.arizona.edu/degree-search/majors/performance-composition-emphasis,ahrefs,4,https://www.arizona.edu/degree-search,"P2 target present, buried",yes,,EMPHASIS,Rule 2 — specific entity (kept),
majors at the university of arizona,exact,https://www.arizona.edu/degree-search/majors,https://www.arizona.edu/degree-search/majors,ahrefs,absent,https://www.arizona.edu/admissions,P1 all results off-topic,yes,,NAV,Unchanged — navigational/non-major,
majors at the university of arizona bs,exact,https://www.arizona.edu/degree-search/majors/computer-science-bs,https://www.arizona.edu/degree-search/majors/computer-science-bs,ahrefs,absent,https://www.arizona.edu/admissions,P1 all results off-topic,yes,yes,UG,Rule 2 — specific entity (kept),
majors in university of arizona,exact,https://www.arizona.edu/degree-search/majors/information-science-and-arts,https://www.arizona.edu/degree-search/majors/information-science-and-arts,ahrefs,absent,https://www.arizona.edu/admissions,P1 all results off-topic,yes,,BASE,REVIEW: base-page mapping (verify generic vs keep),trigger not a clean field-name match; left unchanged
management information systems,exact,https://www.arizona.edu/degree-search,https://www.arizona.edu/degree-search/majors/management-information-systems,metadata,absent,https://eller.arizona.edu/,"P2 relevant buried, target absent",yes,,BASE,Rule 1 — generic term → DS home,was: https://www.arizona.edu/degree-search/majors/management-information-systems
management information systems ms,exact,https://www.arizona.edu/degree-search/majors/management-information-systems-ms,https://www.arizona.edu/degree-search/majors/management-information-systems-ms,metadata,absent,https://eller.arizona.edu/,"P2 relevant buried, target absent",yes,yes,GRAD,Rule 2 — specific entity (kept),
management information systems university of arizona,exact,https://www.arizona.edu/degree-search,https://www.arizona.edu/degree-search/majors/management-information-systems-bsba,ahrefs,absent,https://eller.arizona.edu/,"P2 relevant buried, target absent",yes,,UG,Rule 1 — generic term → DS home,was: https://www.arizona.edu/degree-search/majors/management-information-systems-bsba
management masters degrees,exact,https://www.arizona.edu/degree-search/majors/management-ms,https://www.arizona.edu/degree-search/majors/management-ms,ahrefs,absent,https://eller.arizona.edu/,"P2 relevant buried, target absent",yes,,GRAD,Rule 2 — specific entity (kept),
marketing comprehensive marketing,exact,https://www.arizona.edu/degree-search/majors/marketing-comprehensive-marketing-emphasis,https://www.arizona.edu/degree-search/majors/marketing-comprehensive-marketing-emphasis,metadata,absent,https://eller.arizona.edu/,"P2 relevant buried, target absent",yes,,EMPHASIS,Rule 2 — specific entity (kept),
marketing major university of arizona,exact,https://www.arizona.edu/degree-search,https://www.arizona.edu/degree-search/majors/marketing,ahrefs,absent,https://www.arizona.edu/degree-search,"P2 relevant buried, target absent",yes,,BASE,Rule 1 — generic term → DS home,was: https://www.arizona.edu/degree-search/majors/marketing
marketing sales,exact,https://www.arizona.edu/degree-search/majors/marketing-sales-emphasis,https://www.arizona.edu/degree-search/majors/marketing-sales-emphasis,metadata,absent,https://eller.arizona.edu/,"P2 relevant buried, target absent",yes,,EMPHASIS,Rule 2 — specific entity (kept),
marriage and family therapy,exact,https://www.arizona.edu/degree-search,https://www.arizona.edu/degree-search/majors/marriage-and-family-therapy,metadata,3,https://caps.arizona.edu/,"P2 target present, buried",yes,,BASE,Rule 1 — generic term → DS home,was: https://www.arizona.edu/degree-search/majors/marriage-and-family-therapy
master in russian,exact,https://www.arizona.edu/degree-search/majors/russian,https://www.arizona.edu/degree-search/majors/russian,ahrefs,absent,https://humanities.arizona.edu/,"P2 relevant buried, target absent",yes,,BASE,Rule 2 — REVIEW: specific term on base page,needs GRAD entity; no matching level page in dataset — verify
master of arts english,exact,https://www.arizona.edu/degree-search/majors/english-ma,https://www.arizona.edu/degree-search/majors/english-ma,ahrefs,absent,https://sbs.arizona.edu/,"P2 relevant buried, target absent",yes,,GRAD,Rule 2 — specific entity (kept),
master of arts in english,exact,https://www.arizona.edu/degree-search/majors/english-ma,https://www.arizona.edu/degree-search/majors/english-ma,ahrefs,absent,https://sbs.arizona.edu/,"P2 relevant buried, target absent",yes,,GRAD,Rule 2 — specific entity (kept),
master of fine arts programs near me,exact,https://www.arizona.edu/degree-search/majors/fine-arts-in-art,https://www.arizona.edu/degree-search/majors/fine-arts-in-art,ahrefs,1,https://www.arizona.edu/degree-search/majors/fine-arts-in-art,P0 already #1,no (already #1),,BASE,Rule 2 — REVIEW: specific term on base page,needs GRAD entity; no matching level page in dataset — verify
master of management degree,exact,https://www.arizona.edu/degree-search/majors/management-ms,https://www.arizona.edu/degree-search/majors/management-ms,ahrefs,absent,https://www.arizona.edu/degree-search,"P2 relevant buried, target absent",yes,,GRAD,Rule 2 — specific entity (kept),
master of science in chemistry,exact,https://www.arizona.edu/degree-search/majors/chemistry-ms,https://www.arizona.edu/degree-search/majors/chemistry-ms,ahrefs,absent,https://science.arizona.edu/,"P2 relevant buried, target absent",yes,,GRAD,Rule 2 — specific entity (kept),
master of science in management,exact,https://www.arizona.edu/degree-search/majors/management-ms,https://www.arizona.edu/degree-search/majors/management-ms,ahrefs,absent,https://eller.arizona.edu/,"P2 relevant buried, target absent",yes,,GRAD,Rule 2 — specific entity (kept),
masters degree art history,exact,https://www.arizona.edu/degree-search/majors/art-history-ma,https://www.arizona.edu/degree-search/majors/art-history-ma,ahrefs,absent,https://cfa.arizona.edu/,"P2 relevant buried, target absent",yes,,GRAD,Rule 2 — specific entity (kept),
masters degree in art history,exact,https://www.arizona.edu/degree-search/majors/art-history-ma,https://www.arizona.edu/degree-search/majors/art-history-ma,ahrefs,absent,https://cfa.arizona.edu/,"P2 relevant buried, target absent",yes,,GRAD,Rule 2 — specific entity (kept),
masters in education arizona,exact,https://www.arizona.edu/degree-search/majors/education-in-teaching-and-teacher-education,https://www.arizona.edu/degree-search/majors/education-in-teaching-and-teacher-education,ahrefs,absent,https://education.arizona.edu/,"P2 relevant buried, target absent",yes,,BASE,Rule 2 — REVIEW: specific term on base page,needs GRAD entity; no matching level page in dataset — verify
masters in evolutionary biology,exact,https://www.arizona.edu/degree-search/majors/ecology-and-evolutionary-biology-ms,https://www.arizona.edu/degree-search/majors/ecology-and-evolutionary-biology-ms,ahrefs,4,https://eeb.arizona.edu/events/363-first-year-cohort-eeb-grad-students,"P2 target present, buried",yes,,GRAD,Rule 2 — specific entity (kept),
masters in indigenous studies,exact,https://www.arizona.edu/degree-search/majors/american-indian-studies-ma,https://www.arizona.edu/degree-search/majors/american-indian-studies-ma,ahrefs,absent,https://law.arizona.edu/events/14423-nalsa-indigenous-grad-student-mixer,"P2 relevant buried, target absent",yes,,GRAD,Rule 2 — specific entity (kept),
masters of arts in english,exact,https://www.arizona.edu/degree-search/majors/english-ma,https://www.arizona.edu/degree-search/majors/english-ma,ahrefs,absent,https://sbs.arizona.edu/,"P2 relevant buried, target absent",yes,,GRAD,Rule 2 — specific entity (kept),
materials science & engineering,exact,https://www.arizona.edu/degree-search,https://www.arizona.edu/degree-search/majors/materials-science-and-engineering-ms,metadata,absent,https://engineering.arizona.edu/index,"P2 relevant buried, target absent",yes,,GRAD,Rule 1 — generic term → DS home,was: https://www.arizona.edu/degree-search/majors/materials-science-and-engineering-ms
materials science and engineering fundamentals,exact,https://www.arizona.edu/degree-search,https://www.arizona.edu/degree-search/majors/materials-science-and-engineering-fundamentals,metadata,5,https://engineering.arizona.edu/index,"P2 target present, buried",yes,,BASE,Rule 1 — generic term → DS home,was: https://www.arizona.edu/degree-search/majors/materials-science-and-engineering-fundamentals
maternal and child health epidemiology,exact,https://www.arizona.edu/degree-search,https://www.arizona.edu/degree-search/majors/maternal-and-child-health-epidemiology,metadata,absent,https://publichealth.arizona.edu/,"P2 relevant buried, target absent",yes,,BASE,Rule 1 — generic term → DS home,was: https://www.arizona.edu/degree-search/majors/maternal-and-child-health-epidemiology
math education,exact,https://www.arizona.edu/degree-search/majors/mathematics-education-emphasis-ba,https://www.arizona.edu/degree-search/majors/mathematics-education-emphasis-ba,ahrefs,absent,https://education.arizona.edu/,"P2 relevant buried, target absent",yes,,EMPHASIS,Rule 2 — specific entity (kept),
math education bs,exact,https://www.arizona.edu/degree-search/majors/mathematics-education-emphasis-bs,https://www.arizona.edu/degree-search/majors/mathematics-education-emphasis-bs,metadata,absent,https://education.arizona.edu/,"P2 relevant buried, target absent",yes,yes,EMPHASIS,Rule 2 — specific entity (kept),
mathematical economics,exact,https://www.arizona.edu/degree-search/majors/mathematics-economics-and-business-emphasis-bs,https://www.arizona.edu/degree-search/majors/mathematics-economics-and-business-emphasis-bs,metadata,absent,https://eller.arizona.edu/,"P2 relevant buried, target absent",yes,,EMPHASIS,Rule 2 — specific entity (kept),
mathematics,exact,https://www.arizona.edu/degree-search,https://www.arizona.edu/degree-search/majors/mathematics-ma,metadata,absent,https://appliedmath.arizona.edu/admissions/application-procedures,"P2 relevant buried, target absent",yes,,GRAD,Rule 1 — generic term → DS home,was: https://www.arizona.edu/degree-search/majors/mathematics-ma
mathematics comprehensive,exact,https://www.arizona.edu/degree-search/majors/mathematics-comprehensive-emphasis-bs,https://www.arizona.edu/degree-search/majors/mathematics-comprehensive-emphasis-bs,metadata,2,https://www.arizona.edu/degree-search/majors/mathematics-comprehensive-emphasis-ba,"P2 target present, buried",yes,,EMPHASIS,Rule 2 — specific entity (kept),
mathematics computer science,exact,https://www.arizona.edu/degree-search/majors/mathematics-computer-science-emphasis-ba,https://www.arizona.edu/degree-search/majors/mathematics-computer-science-emphasis-ba,metadata,7,https://science.arizona.edu/,"P2 target present, buried",yes,,EMPHASIS,Rule 2 — specific entity (kept),
mathematics computer science bs,exact,https://www.arizona.edu/degree-search/majors/mathematics-computer-science-emphasis-bs,https://www.arizona.edu/degree-search/majors/mathematics-computer-science-emphasis-bs,metadata,4,https://science.arizona.edu/,"P2 target present, buried",yes,yes,EMPHASIS,Rule 2 — specific entity (kept),
mathematics education,exact,https://www.arizona.edu/degree-search/majors/mathematics-education-emphasis-ba,https://www.arizona.edu/degree-search/majors/mathematics-education-emphasis-ba,ahrefs,absent,https://education.arizona.edu/,"P2 relevant buried, target absent",yes,,EMPHASIS,Rule 2 — specific entity (kept),
mathematics for business and economics,exact,https://www.arizona.edu/degree-search/majors/mathematics-economics-and-business-emphasis-ba,https://www.arizona.edu/degree-search/majors/mathematics-economics-and-business-emphasis-ba,ahrefs,absent,https://eller.arizona.edu/,"P2 relevant buried, target absent",yes,,EMPHASIS,Rule 2 — specific entity (kept),
mathematics life sciences,exact,https://www.arizona.edu/degree-search/majors/mathematics-life-sciences-emphasis-ba,https://www.arizona.edu/degree-search/majors/mathematics-life-sciences-emphasis-ba,metadata,2,https://www.arizona.edu/degree-search/majors/mathematics-life-sciences-emphasis-bs,"P2 target present, buried",yes,,EMPHASIS,Rule 2 — specific entity (kept),
mathematics life sciences bs,exact,https://www.arizona.edu/degree-search/majors/mathematics-life-sciences-emphasis-bs,https://www.arizona.edu/degree-search/majors/mathematics-life-sciences-emphasis-bs,metadata,1,https://www.arizona.edu/degree-search/majors/mathematics-life-sciences-emphasis-bs,P0 already #1,no (already #1),yes,EMPHASIS,Rule 2 — specific entity (kept),
mathematics ms,exact,https://www.arizona.edu/degree-search/majors/mathematics-ms,https://www.arizona.edu/degree-search/majors/mathematics-ms,metadata,absent,https://appliedmath.arizona.edu/admissions/application-procedures,"P2 relevant buried, target absent",yes,yes,GRAD,Rule 2 — specific entity (kept),
mathematics phd,exact,https://www.arizona.edu/degree-search/majors/mathematics-dp,https://www.arizona.edu/degree-search/majors/mathematics-dp,metadata,absent,https://appliedmath.arizona.edu/admissions/application-procedures,"P2 relevant buried, target absent",yes,yes,PHD,Rule 2 — specific entity (kept),
mathematics probability and statistics,exact,https://www.arizona.edu/degree-search/majors/mathematics-probability-and-statistics-emphasis-ba,https://www.arizona.edu/degree-search/majors/mathematics-probability-and-statistics-emphasis-ba,metadata,2,https://appliedmath.arizona.edu/statistics-probability,"P2 target present, buried",yes,,EMPHASIS,Rule 2 — specific entity (kept),
mba university of arizona,exact,https://www.arizona.edu/degree-search/majors/business-administration-mba,https://www.arizona.edu/degree-search/majors/business-administration-mba,ahrefs,2,https://eller.arizona.edu/,"P2 target present, buried",yes,,GRAD,Rule 2 — specific entity (kept),
mechanical engineering,exact,https://www.arizona.edu/degree-search,https://www.arizona.edu/degree-search/majors/mechanical-engineering,metadata,absent,https://engineering.arizona.edu/index,"P2 relevant buried, target absent",yes,,BASE,Rule 1 — generic term → DS home,was: https://www.arizona.edu/degree-search/majors/mechanical-engineering
mechanical engineering ms,exact,https://www.arizona.edu/degree-search/majors/mechanical-engineering-ms,https://www.arizona.edu/degree-search/majors/mechanical-engineering-ms,metadata,absent,https://engineering.arizona.edu/index,"P2 relevant buried, target absent",yes,yes,GRAD,Rule 2 — specific entity (kept),
mechanical engineering phd,exact,https://www.arizona.edu/degree-search/majors/mechanical-engineering-dp,https://www.arizona.edu/degree-search/majors/mechanical-engineering-dp,metadata,absent,https://engineering.arizona.edu/index,"P2 relevant buried, target absent",yes,yes,PHD,Rule 2 — specific entity (kept),
mechanical engineering study,exact,https://www.arizona.edu/degree-search/majors/mechanical-engineering-bsme,https://www.arizona.edu/degree-search/majors/mechanical-engineering-bsme,ahrefs,absent,https://engineering.arizona.edu/index,"P2 relevant buried, target absent",yes,,UG,Rule 2 — specific entity (kept),
mechanical engineering university of arizona,exact,https://www.arizona.edu/degree-search,https://www.arizona.edu/degree-search/majors/mechanical-engineering-bsme,ahrefs,absent,https://engineering.arizona.edu/index,"P2 relevant buried, target absent",yes,,UG,Rule 1 — generic term → DS home,was: https://www.arizona.edu/degree-search/majors/mechanical-engineering-bsme
medical anthropology,exact,https://www.arizona.edu/degree-search,https://www.arizona.edu/degree-search/majors/medical-anthropology,metadata,absent,https://sbs.arizona.edu/,"P2 relevant buried, target absent",yes,,BASE,Rule 1 — generic term → DS home,was: https://www.arizona.edu/degree-search/majors/medical-anthropology
medical device development and application biotech/pharma,exact,https://www.arizona.edu/degree-search/majors/medical-device-development-and-application-biotech-pharma-emphasis,https://www.arizona.edu/degree-search/majors/medical-device-development-and-application-biotech-pharma-emphasis,metadata,4,https://www.arizona.edu/admissions/apply,"P2 target present, buried",yes,,EMPHASIS,Rule 2 — specific entity (kept),
medical device development and application business and marketing/media,exact,https://www.arizona.edu/degree-search/majors/medical-device-development-and-application-business-and-marketing-media-emphasis,https://www.arizona.edu/degree-search/majors/medical-device-development-and-application-business-and-marketing-media-emphasis,metadata,5,https://www.arizona.edu/admissions/apply,"P2 target present, buried",yes,,EMPHASIS,Rule 2 — specific entity (kept),
medical device development and application device,exact,https://www.arizona.edu/degree-search/majors/medical-device-development-and-application-device-emphasis,https://www.arizona.edu/degree-search/majors/medical-device-development-and-application-device-emphasis,metadata,4,https://www.arizona.edu/admissions/apply,"P2 target present, buried",yes,,EMPHASIS,Rule 2 — specific entity (kept),
medical device development and application regulatory-law-government,exact,https://www.arizona.edu/degree-search/majors/medical-device-development-and-application-regulatory-law-government-emphasis,https://www.arizona.edu/degree-search/majors/medical-device-development-and-application-regulatory-law-government-emphasis,metadata,4,https://www.arizona.edu/admissions/apply,"P2 target present, buried",yes,,EMPHASIS,Rule 2 — specific entity (kept),
medical pharmacology,exact,https://www.arizona.edu/degree-search,https://www.arizona.edu/degree-search/majors/medical-pharmacology-ms,metadata,8,https://www.pharmacy.arizona.edu/,"P2 target present, buried",yes,,GRAD,Rule 1 — generic term → DS home,was: https://www.arizona.edu/degree-search/majors/medical-pharmacology-ms
medical pharmacology phd,exact,https://www.arizona.edu/degree-search/majors/medical-pharmacology-dp,https://www.arizona.edu/degree-search/majors/medical-pharmacology-dp,metadata,7,https://www.pharmacy.arizona.edu/,"P2 target present, buried",yes,yes,PHD,Rule 2 — specific entity (kept),
medical science major,exact,https://www.arizona.edu/degree-search/majors/medicine-basic-medical-sciences-emphasis,https://www.arizona.edu/degree-search/majors/medicine-basic-medical-sciences-emphasis,ahrefs,absent,https://www.arizona.edu/degree-search,"P2 relevant buried, target absent",yes,,EMPHASIS,Rule 2 — specific entity (kept),
medical studies,exact,https://www.arizona.edu/degree-search,https://www.arizona.edu/degree-search/majors/medical-studies,metadata,1,https://www.arizona.edu/degree-search/majors/medical-studies,P0 already #1,no (already #1),,BASE,Rule 1 — generic term → DS home,was: https://www.arizona.edu/degree-search/majors/medical-studies
medical technology course,exact,https://www.arizona.edu/degree-search/majors/medicine-medical-technology-emphasis,https://www.arizona.edu/degree-search/majors/medicine-medical-technology-emphasis,ahrefs,8,https://coursemaker.arizona.edu/build/building-blocks/banner/medical,"P2 target present, buried",yes,,EMPHASIS,Rule 2 — specific entity (kept),
medical technology major,exact,https://www.arizona.edu/degree-search/majors/medicine-medical-technology-emphasis,https://www.arizona.edu/degree-search/majors/medicine-medical-technology-emphasis,ahrefs,11,https://www.arizona.edu/degree-search,"P2 target present, buried",yes,,EMPHASIS,Rule 2 — specific entity (kept),
medical technology majors,exact,https://www.arizona.edu/degree-search/majors/medicine-medical-technology-emphasis,https://www.arizona.edu/degree-search/majors/medicine-medical-technology-emphasis,ahrefs,10,https://research.arizona.edu/development/limited-submission/flinn-foundation-accelerator-medical-technology-2021-seed-grants,"P2 target present, buried",yes,,EMPHASIS,Rule 2 — specific entity (kept),
medicine and society,exact,https://www.arizona.edu/degree-search/majors/medicine-medicine-and-society-emphasis,https://www.arizona.edu/degree-search/majors/medicine-medicine-and-society-emphasis,ahrefs,2,https://sociology.arizona.edu/bs-care-health-society/requirements,"P2 target present, buried",yes,,EMPHASIS,Rule 2 — specific entity (kept),
medicine major,exact,https://www.arizona.edu/degree-search/majors/medicine-basic-medical-sciences-emphasis,https://www.arizona.edu/degree-search/majors/medicine-basic-medical-sciences-emphasis,ahrefs,absent,https://www.arizona.edu/degree-search,"P2 relevant buried, target absent",yes,,EMPHASIS,Rule 2 — specific entity (kept),
mexican american studies,exact,https://www.arizona.edu/degree-search,https://www.arizona.edu/degree-search/majors/mexican-american-studies,metadata,absent,https://mas.arizona.edu/masters-program-requirements,"P2 relevant buried, target absent",yes,,BASE,Rule 1 — generic term → DS home,was: https://www.arizona.edu/degree-search/majors/mexican-american-studies
mexican american studies ba,exact,https://www.arizona.edu/degree-search/majors/mexican-american-studies-ba,https://www.arizona.edu/degree-search/majors/mexican-american-studies-ba,metadata,absent,https://mas.arizona.edu/masters-program-requirements,"P2 relevant buried, target absent",yes,yes,UG,Rule 2 — specific entity (kept),
mexican american studies emphasis,exact,https://www.arizona.edu/degree-search/majors/linguistics-linguistics-and-languages-emphasis,https://www.arizona.edu/degree-search/majors/linguistics-linguistics-and-languages-emphasis,metadata,absent,https://mas.arizona.edu/masters-program-requirements,"P2 relevant buried, target absent",yes,yes,EMPHASIS,Rule 2 — specific entity (kept),
mexican american studies ms,exact,https://www.arizona.edu/degree-search/majors/mexican-american-studies-ms,https://www.arizona.edu/degree-search/majors/mexican-american-studies-ms,metadata,absent,https://mas.arizona.edu/masters-program-requirements,"P2 relevant buried, target absent",yes,yes,GRAD,Rule 2 — specific entity (kept),
mexican american studies phd,exact,https://www.arizona.edu/degree-search/majors/mexican-american-studies-dp,https://www.arizona.edu/degree-search/majors/mexican-american-studies-dp,metadata,absent,https://mas.arizona.edu/masters-program-requirements,"P2 relevant buried, target absent",yes,yes,PHD,Rule 2 — specific entity (kept),
microbiology,exact,https://www.arizona.edu/degree-search,https://www.arizona.edu/degree-search/majors/microbiology,metadata,absent,https://www.arizona.edu/degree-search/majors/microbiology-environmental-microbiology-emphasis,"P2 relevant buried, target absent",yes,,BASE,Rule 1 — generic term → DS home,was: https://www.arizona.edu/degree-search/majors/microbiology
microbiology and immunity,exact,https://www.arizona.edu/degree-search,https://www.arizona.edu/degree-search/majors/microbiology-and-immunity,metadata,2,https://online.arizona.edu/programs/graduate-certificate/online-graduate-certificate-microbiology-and-immunity-cert,"P2 target present, buried",yes,,BASE,Rule 1 — generic term → DS home,was: https://www.arizona.edu/degree-search/majors/microbiology-and-immunity
microbiology emerging infectious disease and medical microbiology,exact,https://www.arizona.edu/degree-search/majors/microbiology-emerging-infectious-disease-and-medical-microbiology-emphasis,https://www.arizona.edu/degree-search/majors/microbiology-emerging-infectious-disease-and-medical-microbiology-emphasis,metadata,1,https://www.arizona.edu/degree-search/majors/microbiology-emerging-infectious-disease-and-medical-microbiology-emphasis,P0 already #1,no (already #1),,EMPHASIS,Rule 2 — specific entity (kept),
microbiology environmental microbiology,exact,https://www.arizona.edu/degree-search/majors/microbiology-environmental-microbiology-emphasis,https://www.arizona.edu/degree-search/majors/microbiology-environmental-microbiology-emphasis,metadata,1,https://www.arizona.edu/degree-search/majors/microbiology-environmental-microbiology-emphasis,P0 already #1,no (already #1),,EMPHASIS,Rule 2 — specific entity (kept),
microbiology food safety and microbiology,exact,https://www.arizona.edu/degree-search/majors/microbiology-food-safety-and-microbiology-emphasis,https://www.arizona.edu/degree-search/majors/microbiology-food-safety-and-microbiology-emphasis,metadata,3,https://union.arizona.edu/,"P2 target present, buried",yes,,EMPHASIS,Rule 2 — specific entity (kept),
microbiology ms,exact,https://www.arizona.edu/degree-search/majors/microbiology-ms,https://www.arizona.edu/degree-search/majors/microbiology-ms,metadata,15,https://www.arizona.edu/degree-search/majors/microbiology-environmental-microbiology-emphasis,"P2 target present, buried",yes,yes,GRAD,Rule 2 — specific entity (kept),
microbiology phd,exact,https://www.arizona.edu/degree-search/majors/microbiology-dp,https://www.arizona.edu/degree-search/majors/microbiology-dp,metadata,14,https://www.arizona.edu/degree-search/majors/microbiology-environmental-microbiology-emphasis,"P2 target present, buried",yes,yes,PHD,Rule 2 — specific entity (kept),
microbiology plant pathology & microbiology,exact,https://www.arizona.edu/degree-search/majors/microbiology-plant-pathology-and-microbiology-emphasis,https://www.arizona.edu/degree-search/majors/microbiology-plant-pathology-and-microbiology-emphasis,metadata,1,https://www.arizona.edu/degree-search/majors/microbiology-plant-pathology-and-microbiology-emphasis,P0 already #1,no (already #1),,EMPHASIS,Rule 2 — specific entity (kept),
microelectronics packaging,exact,https://www.arizona.edu/degree-search,https://www.arizona.edu/degree-search/majors/microelectronics-packaging,metadata,1,https://www.arizona.edu/degree-search/majors/microelectronics-packaging,P0 already #1,no (already #1),,BASE,Rule 1 — generic term → DS home,was: https://www.arizona.edu/degree-search/majors/microelectronics-packaging
middle east and north african studies,exact,https://www.arizona.edu/degree-search/majors/middle-eastern-and-north-african-studies-ma,https://www.arizona.edu/degree-search/majors/middle-eastern-and-north-african-studies-ma,metadata,absent,https://menas.arizona.edu/modern-middle-east-and-north-africa-history-documents,"P2 relevant buried, target absent",yes,,GRAD,Rule 2 — specific entity (kept),
middle east and north african studies phd,exact,https://www.arizona.edu/degree-search/majors/middle-eastern-and-north-african-studies-dp,https://www.arizona.edu/degree-search/majors/middle-eastern-and-north-african-studies-dp,metadata,absent,https://menas.arizona.edu/modern-middle-east-and-north-africa-history-documents,"P2 relevant buried, target absent",yes,yes,PHD,Rule 2 — specific entity (kept),
middle eastern and north african studies,exact,https://www.arizona.edu/degree-search,https://www.arizona.edu/degree-search/majors/middle-eastern-and-north-african-studies,metadata,absent,https://menas.arizona.edu/ba-menas,"P2 relevant buried, target absent",yes,,BASE,Rule 1 — generic term → DS home,was: https://www.arizona.edu/degree-search/majors/middle-eastern-and-north-african-studies
middle eastern culture and pedagogy,exact,https://www.arizona.edu/degree-search,https://www.arizona.edu/degree-search/majors/middle-eastern-culture-and-pedagogy,metadata,2,https://menas.arizona.edu/middle-eastern-culture-and-pedagogy-certificate,"P2 target present, buried",yes,,BASE,Rule 1 — generic term → DS home,was: https://www.arizona.edu/degree-search/majors/middle-eastern-culture-and-pedagogy
mild moderate disabilities,exact,https://www.arizona.edu/degree-search,https://www.arizona.edu/degree-search/majors/mild-moderate-disabilities,metadata,absent,https://grad-info.education.arizona.edu/mild-moderate-disabilities-bse,"P2 relevant buried, target absent",yes,,BASE,Rule 1 — generic term → DS home,was: https://www.arizona.edu/degree-search/majors/mild-moderate-disabilities
mild to moderate disabilities teaching,exact,https://www.arizona.edu/degree-search/majors/mild-to-moderate-disabilities-teaching-emphasis,https://www.arizona.edu/degree-search/majors/mild-to-moderate-disabilities-teaching-emphasis,metadata,2,https://education.arizona.edu/,"P2 target present, buried",yes,,EMPHASIS,Rule 2 — specific entity (kept),
mine engineering degree,exact,https://www.arizona.edu/degree-search/majors/mining-engineering-geomechanics-track,https://www.arizona.edu/degree-search/majors/mining-engineering-geomechanics-track,ahrefs,absent,https://www.arizona.edu/degree-search,"P2 relevant buried, target absent",yes,,TRACK,Rule 2 — specific entity (kept),
mine production & info tech,exact,https://www.arizona.edu/degree-search/majors/mine-production-and-information-technology,https://www.arizona.edu/degree-search/majors/mine-production-and-information-technology,metadata,14,https://linguistics.arizona.edu/course/info-523-data-mining-and-discovery,"P2 target present, buried",yes,,BASE,REVIEW: base-page mapping (verify generic vs keep),trigger not a clean field-name match; left unchanged
mineral processing & extractive metallurgy,exact,https://www.arizona.edu/degree-search,https://www.arizona.edu/degree-search/majors/mineral-processing-and-extractive-metallurgy,metadata,2,https://online.arizona.edu/programs/graduate-certificate/online-graduate-certificate-mineral-processing-and-extract-metallurgy,"P2 target present, buried",yes,,BASE,Rule 1 — generic term → DS home,was: https://www.arizona.edu/degree-search/majors/mineral-processing-and-extractive-metallurgy
mineral resource geology,exact,https://www.arizona.edu/degree-search,https://www.arizona.edu/degree-search/majors/mineral-resource-geology,metadata,4,https://lpeg.geo.arizona.edu/programs/graduate-certificate-mineral-resource-geology,"P2 target present, buried",yes,,BASE,Rule 1 — generic term → DS home,was: https://www.arizona.edu/degree-search/majors/mineral-resource-geology
mining engineer degree,exact,https://www.arizona.edu/degree-search/majors/mining-engineering-geomechanics-track,https://www.arizona.edu/degree-search/majors/mining-engineering-geomechanics-track,ahrefs,absent,https://www.arizona.edu/degree-search,P1 all results off-topic,yes,,TRACK,Rule 2 — specific entity (kept),
mining engineering,exact,https://www.arizona.edu/degree-search/majors/mining-engineering-mine-operations-track,https://www.arizona.edu/degree-search/majors/mining-engineering-mine-operations-track,ahrefs,absent,https://engineering.arizona.edu/index,"P2 relevant buried, target absent",yes,,TRACK,Rule 2 — specific entity (kept),
mining engineering degree,exact,https://www.arizona.edu/degree-search/majors/mining-engineering-geomechanics-track,https://www.arizona.edu/degree-search/majors/mining-engineering-geomechanics-track,ahrefs,absent,https://www.arizona.edu/degree-search,"P2 relevant buried, target absent",yes,,TRACK,Rule 2 — specific entity (kept),
mining engineering dev track,exact,https://www.arizona.edu/degree-search/majors/mining-engineering-sustainable-resource-dev-track,https://www.arizona.edu/degree-search/majors/mining-engineering-sustainable-resource-dev-track,metadata,absent,https://engineering.arizona.edu/index,"P2 relevant buried, target absent",yes,yes,TRACK,Rule 2 — specific entity (kept),
mining engineering track,exact,https://www.arizona.edu/degree-search/majors/mining-engineering-mineral-processing-track,https://www.arizona.edu/degree-search/majors/mining-engineering-mineral-processing-track,metadata,absent,https://engineering.arizona.edu/index,"P2 relevant buried, target absent",yes,yes,TRACK,Rule 2 — specific entity (kept),
mining geological/geophysical engineering,exact,https://www.arizona.edu/degree-search,https://www.arizona.edu/degree-search/majors/mining-geological-and-geophysical-engineering-ms,metadata,9,https://engineering.arizona.edu/index,"P2 target present, buried",yes,,GRAD,Rule 1 — generic term → DS home,was: https://www.arizona.edu/degree-search/majors/mining-geological-and-geophysical-engineering-ms
mining geological/geophysical engineering phd,exact,https://www.arizona.edu/degree-search/majors/mining-geological-and-geophysical-engineering-dp,https://www.arizona.edu/degree-search/majors/mining-geological-and-geophysical-engineering-dp,metadata,8,https://engineering.arizona.edu/index,"P2 target present, buried",yes,yes,PHD,Rule 2 — specific entity (kept),
mining occupational safety & health,exact,https://www.arizona.edu/degree-search,https://www.arizona.edu/degree-search/majors/mining-occupational-safety-and-health,metadata,absent,https://health.arizona.edu/,"P2 relevant buried, target absent",yes,,BASE,Rule 1 — generic term → DS home,was: https://www.arizona.edu/degree-search/majors/mining-occupational-safety-and-health
mis university of arizona,exact,https://www.arizona.edu/degree-search/majors/management-information-systems-bsba,https://www.arizona.edu/degree-search/majors/management-information-systems-bsba,ahrefs,absent,https://eller.arizona.edu/,"P2 relevant buried, target absent",yes,,UG,Rule 2 — specific entity (kept),
molecular and cellular biology,exact,https://www.arizona.edu/degree-search,https://www.arizona.edu/degree-search/majors/molecular-and-cellular-biology,metadata,absent,https://mcb.arizona.edu/undergraduate/prospective-students/ba-molecular-and-cellular-biology,"P2 relevant buried, target absent",yes,,BASE,Rule 1 — generic term → DS home,was: https://www.arizona.edu/degree-search/majors/molecular-and-cellular-biology
molecular and cellular biology ba,exact,https://www.arizona.edu/degree-search/majors/molecular-and-cellular-biology-ba,https://www.arizona.edu/degree-search/majors/molecular-and-cellular-biology-ba,metadata,absent,https://mcb.arizona.edu/undergraduate/prospective-students/ba-molecular-and-cellular-biology,"P2 relevant buried, target absent",yes,yes,UG,Rule 2 — specific entity (kept),
molecular and cellular biology education and communication,exact,https://www.arizona.edu/degree-search/majors/molecular-and-cellular-biology-education-and-communication-emphasis,https://www.arizona.edu/degree-search/majors/molecular-and-cellular-biology-education-and-communication-emphasis,metadata,absent,https://sbs.arizona.edu/,"P2 relevant buried, target absent",yes,,EMPHASIS,Rule 2 — specific entity (kept),
molecular and cellular biology human health,exact,https://www.arizona.edu/degree-search/majors/molecular-and-cellular-biology-genetics-and-human-health-emphasis,https://www.arizona.edu/degree-search/majors/molecular-and-cellular-biology-genetics-and-human-health-emphasis,metadata,9,https://health.arizona.edu/,"P2 target present, buried",yes,,EMPHASIS,Rule 2 — specific entity (kept),
molecular and cellular biology ms,exact,https://www.arizona.edu/degree-search/majors/molecular-and-cellular-biology-ms,https://www.arizona.edu/degree-search/majors/molecular-and-cellular-biology-ms,metadata,absent,https://mcb.arizona.edu/undergraduate/prospective-students/ba-molecular-and-cellular-biology,"P2 relevant buried, target absent",yes,yes,GRAD,Rule 2 — specific entity (kept),
molecular and cellular biology phd,exact,https://www.arizona.edu/degree-search/majors/molecular-and-cellular-biology-dp,https://www.arizona.edu/degree-search/majors/molecular-and-cellular-biology-dp,metadata,absent,https://mcb.arizona.edu/undergraduate/prospective-students/ba-molecular-and-cellular-biology,"P2 relevant buried, target absent",yes,yes,PHD,Rule 2 — specific entity (kept),
molecular and cellular biology systems and big data biology,exact,https://www.arizona.edu/degree-search/majors/molecular-and-cellular-biology-systems-and-big-data-biology-emphasis,https://www.arizona.edu/degree-search/majors/molecular-and-cellular-biology-systems-and-big-data-biology-emphasis,metadata,2,https://mcb.arizona.edu/undergraduate-students/prospective-students/sbdbsp,"P2 target present, buried",yes,,EMPHASIS,Rule 2 — specific entity (kept),
molecular medicine,exact,https://www.arizona.edu/degree-search,https://www.arizona.edu/degree-search/majors/molecular-medicine,metadata,absent,https://cmm.arizona.edu/education/ms-program-cellular-and-molecular-medicine/information-admissions-cmm-ms-degree-program,"P2 relevant buried, target absent",yes,,BASE,Rule 1 — generic term → DS home,was: https://www.arizona.edu/degree-search/majors/molecular-medicine
motivating learning environments,exact,https://www.arizona.edu/degree-search,https://www.arizona.edu/degree-search/majors/motivating-learning-environments,metadata,3,https://education.arizona.edu/,"P2 target present, buried",yes,,BASE,Rule 1 — generic term → DS home,was: https://www.arizona.edu/degree-search/majors/motivating-learning-environments
mpap degree,exact,https://www.arizona.edu/degree-search/majors/physician-assistant,https://www.arizona.edu/degree-search/majors/physician-assistant,ahrefs,absent,https://www.arizona.edu/degree-search,P1 all results off-topic,yes,,BASE,REVIEW: base-page mapping (verify generic vs keep),trigger not a clean field-name match; left unchanged
mph university of arizona,exact,https://www.arizona.edu/degree-search/majors/public-health-mph,https://www.arizona.edu/degree-search/majors/public-health-mph,ahrefs,absent,https://www.arizona.edu/admissions,"P2 relevant buried, target absent",yes,,GRAD,Rule 2 — specific entity (kept),
mse degree,exact,https://www.arizona.edu/degree-search/majors/materials-science-engineering,https://www.arizona.edu/degree-search/majors/materials-science-engineering,ahrefs,absent,https://www.arizona.edu/degree-search,"P2 relevant buried, target absent",yes,,BASE,REVIEW: base-page mapping (verify generic vs keep),trigger not a clean field-name match; left unchanged
msn arizona,exact,https://www.arizona.edu/degree-search/majors/nursing-ms,https://www.arizona.edu/degree-search/majors/nursing-ms,ahrefs,absent,https://www.arizona.edu/admissions,"P2 relevant buried, target absent",yes,,GRAD,Rule 2 — specific entity (kept),
msn programs arizona,exact,https://www.arizona.edu/degree-search/majors/nursing-ms,https://www.arizona.edu/degree-search/majors/nursing-ms,ahrefs,absent,https://www.arizona.edu/admissions,"P2 relevant buried, target absent",yes,,GRAD,Rule 2 — specific entity (kept),
multicultural and bilingual slhs,exact,https://www.arizona.edu/degree-search/majors/multicultural-and-bilingual-speech-language-and-hearing-sciences,https://www.arizona.edu/degree-search/majors/multicultural-and-bilingual-speech-language-and-hearing-sciences,metadata,4,https://slhs.arizona.edu/news/multicultural-opportunities-slhs-students,"P2 target present, buried",yes,,BASE,REVIEW: base-page mapping (verify generic vs keep),trigger not a clean field-name match; left unchanged
museum studies,exact,https://www.arizona.edu/degree-search,https://www.arizona.edu/degree-search/majors/museum-studies,metadata,5,https://statemuseum.arizona.edu/crm-serv/private-land-requirements,"P2 target present, buried",yes,,BASE,Rule 1 — generic term → DS home,was: https://www.arizona.edu/degree-search/majors/museum-studies
music,exact,https://www.arizona.edu/degree-search,https://www.arizona.edu/degree-search/majors/music,metadata,absent,https://cfa.arizona.edu/,"P2 relevant buried, target absent",yes,,BASE,Rule 1 — generic term → DS home,was: https://www.arizona.edu/degree-search/majors/music
music ba,exact,https://www.arizona.edu/degree-search/majors/music-ba,https://www.arizona.edu/degree-search/majors/music-ba,metadata,absent,https://cfa.arizona.edu/,"P2 relevant buried, target absent",yes,yes,UG,Rule 2 — specific entity (kept),
music business phd,exact,https://www.arizona.edu/degree-search/majors/music-dp,https://www.arizona.edu/degree-search/majors/music-dp,ahrefs,absent,https://eller.arizona.edu/,"P2 relevant buried, target absent",yes,,PHD,Rule 2 — specific entity (kept),
music masters of music,exact,https://www.arizona.edu/degree-search/majors/music-mm,https://www.arizona.edu/degree-search/majors/music-mm,metadata,4,https://cfa.arizona.edu/,"P2 target present, buried",yes,yes,GRAD,Rule 2 — specific entity (kept),
music therapy,exact,https://www.arizona.edu/degree-search,https://www.arizona.edu/degree-search/majors/music-therapy,metadata,4,https://cfa.arizona.edu/,"P2 target present, buried",yes,,BASE,Rule 1 — generic term → DS home,was: https://www.arizona.edu/degree-search/majors/music-therapy
musical theatre,exact,https://www.arizona.edu/degree-search,https://www.arizona.edu/degree-search/majors/musical-theatre,metadata,absent,https://cfa.arizona.edu/,"P2 relevant buried, target absent",yes,,BASE,Rule 1 — generic term → DS home,was: https://www.arizona.edu/degree-search/majors/musical-theatre
native american in arizona,exact,https://www.arizona.edu/degree-search/majors/american-indian-studies-ba,https://www.arizona.edu/degree-search/majors/american-indian-studies-ba,ahrefs,absent,https://www.arizona.edu/admissions,"P2 relevant buried, target absent",yes,,UG,Rule 2 — specific entity (kept),
native nation building,exact,https://www.arizona.edu/degree-search,https://www.arizona.edu/degree-search/majors/native-nation-building,metadata,absent,https://nni.arizona.edu/what-native-nation-building,"P2 relevant buried, target absent",yes,,BASE,Rule 1 — generic term → DS home,was: https://www.arizona.edu/degree-search/majors/native-nation-building
natural language processing,exact,https://www.arizona.edu/degree-search,https://www.arizona.edu/degree-search/majors/natural-language-processing,metadata,5,https://linguistics.arizona.edu/certificate-nlp,"P2 target present, buried",yes,,BASE,Rule 1 — generic term → DS home,was: https://www.arizona.edu/degree-search/majors/natural-language-processing
natural resources,exact,https://www.arizona.edu/degree-search,https://www.arizona.edu/degree-search/majors/natural-resources,metadata,absent,https://snre.arizona.edu/undergraduate/admissions,"P2 relevant buried, target absent",yes,,BASE,Rule 1 — generic term → DS home,was: https://www.arizona.edu/degree-search/majors/natural-resources
natural resources watershed hydrology and management,exact,https://www.arizona.edu/degree-search/majors/natural-resources-watershed-hydrology-and-management-emphasis,https://www.arizona.edu/degree-search/majors/natural-resources-watershed-hydrology-and-management-emphasis,metadata,absent,https://eller.arizona.edu/,"P2 relevant buried, target absent",yes,,EMPHASIS,Rule 2 — specific entity (kept),
natural resources watershed management and ecohydrology,exact,https://www.arizona.edu/degree-search/majors/natural-resources-watershed-management-and-ecohydrology-emphasis,https://www.arizona.edu/degree-search/majors/natural-resources-watershed-management-and-ecohydrology-emphasis,metadata,8,https://eller.arizona.edu/,"P2 target present, buried",yes,,EMPHASIS,Rule 2 — specific entity (kept),
neurobiology,exact,https://www.arizona.edu/degree-search/majors/neuroscience-and-cognitive-science-neurobiology-emphasis,https://www.arizona.edu/degree-search/majors/neuroscience-and-cognitive-science-neurobiology-emphasis,ahrefs,5,https://research.arizona.edu/events/15461-neurobiology-grief-international-network-nogin,"P2 target present, buried",yes,,EMPHASIS,Rule 2 — specific entity (kept),
neurobiology degree,exact,https://www.arizona.edu/degree-search/majors/neuroscience-and-cognitive-science-neurobiology-emphasis,https://www.arizona.edu/degree-search/majors/neuroscience-and-cognitive-science-neurobiology-emphasis,ahrefs,absent,https://www.arizona.edu/degree-search,P1 all results off-topic,yes,,EMPHASIS,Rule 2 — specific entity (kept),
neuroimaging methods,exact,https://www.arizona.edu/degree-search,https://www.arizona.edu/degree-search/majors/neuroimaging-methods,metadata,2,https://cogsci.arizona.edu/programs/neuroimaging-certificate,"P2 target present, buried",yes,,BASE,Rule 1 — generic term → DS home,was: https://www.arizona.edu/degree-search/majors/neuroimaging-methods
neuroscience,exact,https://www.arizona.edu/degree-search,https://www.arizona.edu/degree-search/majors/neuroscience,metadata,absent,https://science.arizona.edu/,P1 all results off-topic,yes,,BASE,Rule 1 — generic term → DS home,was: https://www.arizona.edu/degree-search/majors/neuroscience
neuroscience and cognitive science computation,exact,https://www.arizona.edu/degree-search/majors/neuroscience-and-cognitive-science-computation-emphasis,https://www.arizona.edu/degree-search/majors/neuroscience-and-cognitive-science-computation-emphasis,metadata,absent,https://science.arizona.edu/,"P2 relevant buried, target absent",yes,,EMPHASIS,Rule 2 — specific entity (kept),
neuroscience and cognitive science development and aging,exact,https://www.arizona.edu/degree-search/majors/neuroscience-and-cognitive-science-development-and-aging-emphasis,https://www.arizona.edu/degree-search/majors/neuroscience-and-cognitive-science-development-and-aging-emphasis,metadata,absent,https://science.arizona.edu/,"P2 relevant buried, target absent",yes,,EMPHASIS,Rule 2 — specific entity (kept),
neuroscience and cognitive science university of arizona,exact,https://www.arizona.edu/degree-search,https://www.arizona.edu/degree-search/majors/neuroscience-and-cognitive-science-cognition-emphasis,ahrefs,absent,https://science.arizona.edu/,"P2 relevant buried, target absent",yes,,EMPHASIS,Rule 1 — generic term → DS home,was: https://www.arizona.edu/degree-search/majors/neuroscience-and-cognitive-science-cognition-emphasis
neuroscience and cognitive science university of arizona science,exact,https://www.arizona.edu/degree-search,https://www.arizona.edu/degree-search/majors/neuroscience-and-cognitive-science,ahrefs,absent,https://science.arizona.edu/,"P2 relevant buried, target absent",yes,yes,BASE,Rule 1 — generic term → DS home,was: https://www.arizona.edu/degree-search/majors/neuroscience-and-cognitive-science
"neuroscience integrated neuroscience molecular, cellular and systems neuroscience",exact,https://www.arizona.edu/degree-search/majors/neuroscience-integrated-neuroscience-molecular-cellular-and-systems-neuroscience-emphasis,https://www.arizona.edu/degree-search/majors/neuroscience-integrated-neuroscience-molecular-cellular-and-systems-neuroscience-emphasis,metadata,absent,https://science.arizona.edu/,P1 all results off-topic,yes,,EMPHASIS,Rule 2 — specific entity (kept),
neuroscience major map asu,exact,https://www.arizona.edu/degree-search/majors/neuroscience-and-cognitive-science-cognition-emphasis,https://www.arizona.edu/degree-search/majors/neuroscience-and-cognitive-science-cognition-emphasis,ahrefs,absent,https://www.arizona.edu/degree-search,"P2 relevant buried, target absent",yes,,EMPHASIS,Rule 2 — specific entity (kept),
neuroscience neuroscience and human health,exact,https://www.arizona.edu/degree-search/majors/neuroscience-neuroscience-and-human-health-emphasis,https://www.arizona.edu/degree-search/majors/neuroscience-neuroscience-and-human-health-emphasis,metadata,absent,https://health.arizona.edu/,"P2 relevant buried, target absent",yes,,EMPHASIS,Rule 2 — specific entity (kept),
"neuroscience neuroscience, communication and public health policy",exact,https://www.arizona.edu/degree-search/majors/neuroscience-neuroscience-communication-and-public-health-policy-emphasis,https://www.arizona.edu/degree-search/majors/neuroscience-neuroscience-communication-and-public-health-policy-emphasis,metadata,absent,https://sbs.arizona.edu/,"P2 relevant buried, target absent",yes,,EMPHASIS,Rule 2 — specific entity (kept),
neuroscience thematic,exact,https://www.arizona.edu/degree-search/majors/neuroscience-thematic-emphasis,https://www.arizona.edu/degree-search/majors/neuroscience-thematic-emphasis,metadata,absent,https://science.arizona.edu/,P1 all results off-topic,yes,,EMPHASIS,Rule 2 — specific entity (kept),
neuroscience university of arizona,exact,https://www.arizona.edu/degree-search,https://www.arizona.edu/degree-search/majors/neuroscience-and-cognitive-science,ahrefs,absent,https://science.arizona.edu/,P1 all results off-topic,yes,,BASE,Rule 1 — generic term → DS home,was: https://www.arizona.edu/degree-search/majors/neuroscience-and-cognitive-science
nurse-midwifery,exact,https://www.arizona.edu/degree-search,https://www.arizona.edu/degree-search/majors/nurse-midwifery-ms,metadata,7,https://online.arizona.edu/programs/graduate/online-doctor-nursing-practice-nursing-nurse-midwifery-program-dnp,"P2 target present, buried",yes,,GRAD,Rule 1 — generic term → DS home,was: https://www.arizona.edu/degree-search/majors/nurse-midwifery-ms
nurse-midwifery graduate certificate,exact,https://www.arizona.edu/degree-search/majors/nurse-midwifery-gc,https://www.arizona.edu/degree-search/majors/nurse-midwifery-gc,metadata,6,https://online.arizona.edu/programs/graduate/online-doctor-nursing-practice-nursing-nurse-midwifery-program-dnp,"P2 target present, buried",yes,yes,GRAD,Rule 2 — specific entity (kept),
nursing,exact,https://www.arizona.edu/degree-search,https://www.arizona.edu/degree-search/majors/nursing,metadata,absent,https://nursing.arizona.edu/,"P2 relevant buried, target absent",yes,,BASE,Rule 1 — generic term → DS home,was: https://www.arizona.edu/degree-search/majors/nursing
nursing major,exact,https://www.arizona.edu/degree-search,https://www.arizona.edu/degree-search/majors/nursing-nursbsnconv,ahrefs,absent,https://www.arizona.edu/degree-search,"P2 relevant buried, target absent",yes,,BASE,Rule 1 — generic term → DS home,was: https://www.arizona.edu/degree-search/majors/nursing-nursbsnconv
nursing nurscebsn,exact,https://www.arizona.edu/degree-search,https://www.arizona.edu/degree-search/majors/nursing-nurscebsn,metadata,absent,https://nursing.arizona.edu/,"P2 relevant buried, target absent",yes,yes,BASE,Rule 1 — generic term → DS home,was: https://www.arizona.edu/degree-search/majors/nursing-nurscebsn
nursing phd,exact,https://www.arizona.edu/degree-search/majors/nursing-dp,https://www.arizona.edu/degree-search/majors/nursing-dp,metadata,absent,https://nursing.arizona.edu/,"P2 relevant buried, target absent",yes,yes,PHD,Rule 2 — specific entity (kept),
nursing rural telehealth,exact,https://www.arizona.edu/degree-search,https://www.arizona.edu/degree-search/majors/nursing-rural-telehealth,metadata,absent,https://nursing.arizona.edu/,"P2 relevant buried, target absent",yes,,BASE,Rule 1 — generic term → DS home,was: https://www.arizona.edu/degree-search/majors/nursing-rural-telehealth
nutrition and food systems,exact,https://www.arizona.edu/degree-search,https://www.arizona.edu/degree-search/majors/nutrition-and-food-systems,metadata,absent,https://union.arizona.edu/,"P2 relevant buried, target absent",yes,,BASE,Rule 1 — generic term → DS home,was: https://www.arizona.edu/degree-search/majors/nutrition-and-food-systems
nutrition and human performance,exact,https://www.arizona.edu/degree-search,https://www.arizona.edu/degree-search/majors/nutrition-and-human-performance,ahrefs,2,https://snsw.arizona.edu/undergraduate/bs-nutrition-human-performance,"P2 target present, buried",yes,,BASE,Rule 1 — generic term → DS home,was: https://www.arizona.edu/degree-search/majors/nutrition-and-human-performance
nutrition and wellness degree,exact,https://www.arizona.edu/degree-search/majors/nutritional-sciences-and-wellness,https://www.arizona.edu/degree-search/majors/nutritional-sciences-and-wellness,ahrefs,7,https://www.arizona.edu/degree-search,"P2 target present, buried",yes,,BASE,REVIEW: base-page mapping (verify generic vs keep),trigger not a clean field-name match; left unchanged
nutritional sciences,exact,https://www.arizona.edu/degree-search,https://www.arizona.edu/degree-search/majors/nutritional-sciences-ms,metadata,5,https://snsw.arizona.edu/undergraduate/bs-nutritional-sciences-wellness,"P2 target present, buried",yes,,GRAD,Rule 1 — generic term → DS home,was: https://www.arizona.edu/degree-search/majors/nutritional-sciences-ms
nutritional sciences dietetics,exact,https://www.arizona.edu/degree-search/majors/nutritional-sciences-dietetics-emphasis,https://www.arizona.edu/degree-search/majors/nutritional-sciences-dietetics-emphasis,metadata,absent,https://www.arizona.edu/degree-search/majors/nutrition-and-dietetics,"P2 relevant buried, target absent",yes,,EMPHASIS,Rule 2 — specific entity (kept),
nutritional sciences nutrition,exact,https://www.arizona.edu/degree-search/majors/nutritional-sciences-nutrition-emphasis,https://www.arizona.edu/degree-search/majors/nutritional-sciences-nutrition-emphasis,metadata,absent,https://snsw.arizona.edu/graduate/online-distance-programs/psm-applied-nutrition-nutrition-wellness-ms-pathway,"P2 relevant buried, target absent",yes,,EMPHASIS,Rule 2 — specific entity (kept),
nutritional sciences phd,exact,https://www.arizona.edu/degree-search/majors/nutritional-sciences-dp,https://www.arizona.edu/degree-search/majors/nutritional-sciences-dp,metadata,13,https://snsw.arizona.edu/undergraduate/bs-nutritional-sciences-wellness,"P2 target present, buried",yes,yes,PHD,Rule 2 — specific entity (kept),
nutritional sciences university of arizona,exact,https://www.arizona.edu/degree-search,https://www.arizona.edu/degree-search/majors/nutritional-sciences-and-wellness,ahrefs,2,https://www.arizona.edu/admissions,"P2 target present, buried",yes,,BASE,Rule 1 — generic term → DS home,was: https://www.arizona.edu/degree-search/majors/nutritional-sciences-and-wellness
oboe performance,exact,https://www.arizona.edu/degree-search/majors/performance-oboe-emphasis,https://www.arizona.edu/degree-search/majors/performance-oboe-emphasis,metadata,1,https://www.arizona.edu/degree-search/majors/performance-oboe-emphasis,P0 already #1,no (already #1),,EMPHASIS,Rule 2 — specific entity (kept),
occupational health and safety degree,exact,https://www.arizona.edu/degree-search/majors/public-health-environmental-and-occupational-health-emphasis,https://www.arizona.edu/degree-search/majors/public-health-environmental-and-occupational-health-emphasis,ahrefs,absent,https://www.arizona.edu/degree-search,"P2 relevant buried, target absent",yes,,EMPHASIS,Rule 2 — specific entity (kept),
one health,exact,https://www.arizona.edu/degree-search,https://www.arizona.edu/degree-search/majors/one-health,metadata,absent,https://health.arizona.edu/,"P2 relevant buried, target absent",yes,,BASE,Rule 1 — generic term → DS home,was: https://www.arizona.edu/degree-search/majors/one-health
online creative writing degree,exact,https://www.arizona.edu/degree-search,https://www.arizona.edu/degree-search/majors/creative-writing,ahrefs,absent,https://www.arizona.edu/degree-search,"P2 relevant buried, target absent",yes,,BASE,Rule 1 — generic term → DS home,was: https://www.arizona.edu/degree-search/majors/creative-writing
online meteorology degree,exact,https://www.arizona.edu/degree-search/majors/hydrology-and-atmospheric-sciences-meteorology-and-atmospheric-sciences-emphasis,https://www.arizona.edu/degree-search/majors/hydrology-and-atmospheric-sciences-meteorology-and-atmospheric-sciences-emphasis,ahrefs,absent,https://www.arizona.edu/degree-search,"P2 relevant buried, target absent",yes,,EMPHASIS,Rule 2 — specific entity (kept),
operations & supply chain management,exact,https://www.arizona.edu/degree-search,https://www.arizona.edu/degree-search/majors/operations-and-supply-chain-management,ahrefs,absent,https://eller.arizona.edu/,"P2 relevant buried, target absent",yes,,BASE,Rule 1 — generic term → DS home,was: https://www.arizona.edu/degree-search/majors/operations-and-supply-chain-management
operations and supply chain management,exact,https://www.arizona.edu/degree-search,https://www.arizona.edu/degree-search/majors/operations-and-supply-chain-management,ahrefs,absent,https://eller.arizona.edu/,"P2 relevant buried, target absent",yes,,BASE,Rule 1 — generic term → DS home,was: https://www.arizona.edu/degree-search/majors/operations-and-supply-chain-management
optical engineer degree,exact,https://www.arizona.edu/degree-search/majors/optical-sciences-engineering-optical-materials-track,https://www.arizona.edu/degree-search/majors/optical-sciences-engineering-optical-materials-track,ahrefs,absent,https://www.arizona.edu/degree-search,"P2 relevant buried, target absent",yes,,TRACK,Rule 2 — specific entity (kept),
optical engineering,exact,https://www.arizona.edu/degree-search/majors/optical-sciences-engineering-optics-track,https://www.arizona.edu/degree-search/majors/optical-sciences-engineering-optics-track,metadata,absent,https://engineering.arizona.edu/index,"P2 relevant buried, target absent",yes,,TRACK,Rule 2 — specific entity (kept),
optical engineering degree,exact,https://www.arizona.edu/degree-search/majors/optical-sciences-engineering-optical-materials-track,https://www.arizona.edu/degree-search/majors/optical-sciences-engineering-optical-materials-track,ahrefs,absent,https://www.arizona.edu/degree-search,"P2 relevant buried, target absent",yes,,TRACK,Rule 2 — specific entity (kept),
optical engineering masters programs,exact,https://www.arizona.edu/degree-search/majors/optical-sciences-ms,https://www.arizona.edu/degree-search/majors/optical-sciences-ms,ahrefs,absent,https://engineering.arizona.edu/index,"P2 relevant buried, target absent",yes,,GRAD,Rule 2 — specific entity (kept),
optical engineering optics track,exact,https://www.arizona.edu/degree-search/majors/optical-sciences-engineering-biomedical-optics-track,https://www.arizona.edu/degree-search/majors/optical-sciences-engineering-biomedical-optics-track,metadata,absent,https://engineering.arizona.edu/index,"P2 relevant buried, target absent",yes,yes,TRACK,Rule 2 — specific entity (kept),
optical engineering programs,exact,https://www.arizona.edu/degree-search/majors/optical-sciences-engineering-optical-materials-track,https://www.arizona.edu/degree-search/majors/optical-sciences-engineering-optical-materials-track,ahrefs,absent,https://engineering.arizona.edu/index,"P2 relevant buried, target absent",yes,,TRACK,Rule 2 — specific entity (kept),
optical engineering track,exact,https://www.arizona.edu/degree-search/majors/optical-sciences-engineering-opto-electronics-track,https://www.arizona.edu/degree-search/majors/optical-sciences-engineering-opto-electronics-track,metadata,absent,https://engineering.arizona.edu/index,"P2 relevant buried, target absent",yes,yes,TRACK,Rule 2 — specific entity (kept),
optical sciences,exact,https://www.arizona.edu/degree-search,https://www.arizona.edu/degree-search/majors/optical-sciences-dp,metadata,absent,https://www.optics.arizona.edu/home,"P2 relevant buried, target absent",yes,,PHD,Rule 1 — generic term → DS home,was: https://www.arizona.edu/degree-search/majors/optical-sciences-dp
optical sciences graduate certificate,exact,https://www.arizona.edu/degree-search/majors/optical-sciences-gc,https://www.arizona.edu/degree-search/majors/optical-sciences-gc,metadata,absent,https://www.optics.arizona.edu/home,"P2 relevant buried, target absent",yes,yes,GRAD,Rule 2 — specific entity (kept),
organ performance,exact,https://www.arizona.edu/degree-search/majors/performance-organ-emphasis,https://www.arizona.edu/degree-search/majors/performance-organ-emphasis,metadata,1,https://www.arizona.edu/degree-search/majors/performance-organ-emphasis,P0 already #1,no (already #1),,EMPHASIS,Rule 2 — specific entity (kept),
organismal biology,exact,https://www.arizona.edu/degree-search/majors/biology-organismal-biology-emphasis,https://www.arizona.edu/degree-search/majors/biology-organismal-biology-emphasis,ahrefs,1,https://www.arizona.edu/degree-search/majors/biology-organismal-biology-emphasis,P0 already #1,no (already #1),,EMPHASIS,Rule 2 — specific entity (kept),
organizational leadership and regional commerce organizational leadership,exact,https://www.arizona.edu/degree-search/majors/organizational-leadership-and-regional-commerce-organizational-leadership-emphasis,https://www.arizona.edu/degree-search/majors/organizational-leadership-and-regional-commerce-organizational-leadership-emphasis,metadata,absent,https://azcast.arizona.edu/organizational-leadership-regional-commerce,"P2 relevant buried, target absent",yes,,EMPHASIS,Rule 2 — specific entity (kept),
organizational leadership and regional commerce regional commerce,exact,https://www.arizona.edu/degree-search/majors/organizational-leadership-and-regional-commerce-regional-commerce-emphasis,https://www.arizona.edu/degree-search/majors/organizational-leadership-and-regional-commerce-regional-commerce-emphasis,metadata,absent,https://azcast.arizona.edu/organizational-leadership-regional-commerce,"P2 relevant buried, target absent",yes,,EMPHASIS,Rule 2 — specific entity (kept),
p-20 higher education and educational leadership,exact,https://www.arizona.edu/degree-search,https://www.arizona.edu/degree-search/majors/p-20-higher-education-and-educational-leadership,metadata,2,https://education.arizona.edu/,"P2 target present, buried",yes,,BASE,Rule 1 — generic term → DS home,was: https://www.arizona.edu/degree-search/majors/p-20-higher-education-and-educational-leadership
paramedic majors in colleges,exact,https://www.arizona.edu/degree-search/majors/emergency-medical-services-bs,https://www.arizona.edu/degree-search/majors/emergency-medical-services-bs,ahrefs,absent,https://grad.arizona.edu/degree-services/degree-requirements,P1 all results off-topic,yes,,UG,Rule 2 — specific entity (kept),
pediatric nurse practitioner,exact,https://www.arizona.edu/degree-search,https://www.arizona.edu/degree-search/majors/pediatric-nurse-practitioner,metadata,5,https://nursing.arizona.edu/,"P2 target present, buried",yes,,BASE,Rule 1 — generic term → DS home,was: https://www.arizona.edu/degree-search/majors/pediatric-nurse-practitioner
percussion,exact,https://www.arizona.edu/degree-search/majors/performance-percussion-emphasis,https://www.arizona.edu/degree-search/majors/performance-percussion-emphasis,metadata,1,https://www.arizona.edu/degree-search/majors/performance-percussion-emphasis,P0 already #1,no (already #1),,EMPHASIS,Rule 2 — specific entity (kept),
persian and iranian studies,exact,https://www.arizona.edu/degree-search,https://www.arizona.edu/degree-search/majors/persian-and-iranian-studies-ma,metadata,absent,https://persian.arizona.edu/ma,"P2 relevant buried, target absent",yes,,GRAD,Rule 1 — generic term → DS home,was: https://www.arizona.edu/degree-search/majors/persian-and-iranian-studies-ma
persian and iranian studies phd,exact,https://www.arizona.edu/degree-search/majors/persian-and-iranian-studies-dp,https://www.arizona.edu/degree-search/majors/persian-and-iranian-studies-dp,metadata,absent,https://persian.arizona.edu/ma,"P2 relevant buried, target absent",yes,yes,PHD,Rule 2 — specific entity (kept),
pharmaceutical science major,exact,https://www.arizona.edu/degree-search,https://www.arizona.edu/degree-search/majors/pharmaceutical-sciences-bs,ahrefs,5,https://www.arizona.edu/degree-search,"P2 target present, buried",yes,,UG,Rule 1 — generic term → DS home,was: https://www.arizona.edu/degree-search/majors/pharmaceutical-sciences-bs
pharmaceutical sciences,exact,https://www.arizona.edu/degree-search,https://www.arizona.edu/degree-search/majors/pharmaceutical-sciences,metadata,absent,https://online.arizona.edu/programs/graduate/online-master-science-pharmaceutical-sciences-ms,"P2 relevant buried, target absent",yes,,BASE,Rule 1 — generic term → DS home,was: https://www.arizona.edu/degree-search/majors/pharmaceutical-sciences
pharmaceutical sciences ms,exact,https://www.arizona.edu/degree-search/majors/pharmaceutical-sciences-ms,https://www.arizona.edu/degree-search/majors/pharmaceutical-sciences-ms,metadata,3,https://online.arizona.edu/programs/graduate/online-master-science-pharmaceutical-sciences-ms,"P2 target present, buried",yes,yes,GRAD,Rule 2 — specific entity (kept),
pharmaceutical sciences phd,exact,https://www.arizona.edu/degree-search/majors/pharmaceutical-sciences-dp,https://www.arizona.edu/degree-search/majors/pharmaceutical-sciences-dp,metadata,5,https://online.arizona.edu/programs/graduate/online-master-science-pharmaceutical-sciences-ms,"P2 target present, buried",yes,yes,PHD,Rule 2 — specific entity (kept),
pharmacology & toxicology,exact,https://www.arizona.edu/degree-search,https://www.arizona.edu/degree-search/majors/pharmacology-and-toxicology,metadata,9,https://www.pharmacy.arizona.edu/,"P2 target present, buried",yes,,BASE,Rule 1 — generic term → DS home,was: https://www.arizona.edu/degree-search/majors/pharmacology-and-toxicology
pharmacology and toxicology major,exact,https://www.arizona.edu/degree-search,https://www.arizona.edu/degree-search/majors/medical-pharmacology-and-toxicology,ahrefs,9,https://www.arizona.edu/degree-search,"P2 target present, buried",yes,,BASE,Rule 1 — generic term → DS home,was: https://www.arizona.edu/degree-search/majors/medical-pharmacology-and-toxicology
phd in botany,exact,https://www.arizona.edu/degree-search/majors/plant-science-dp,https://www.arizona.edu/degree-search/majors/plant-science-dp,ahrefs,absent,https://ecorestore.arizona.edu/events/529-botany-2021-conference,"P2 relevant buried, target absent",yes,,PHD,Rule 2 — specific entity (kept),
phd in cancer biology,exact,https://www.arizona.edu/degree-search/majors/cancer-biology,https://www.arizona.edu/degree-search/majors/cancer-biology,ahrefs,absent,https://cancerbiology.arizona.edu/training/phd-major,"P2 relevant buried, target absent",yes,,BASE,Rule 2 — REVIEW: specific term on base page,needs PHD entity; no matching level page in dataset — verify
philosophy,exact,https://www.arizona.edu/degree-search,https://www.arizona.edu/degree-search/majors/philosophy,metadata,absent,https://sbs.arizona.edu/,"P2 relevant buried, target absent",yes,,BASE,Rule 1 — generic term → DS home,was: https://www.arizona.edu/degree-search/majors/philosophy
philosophy ethics,exact,https://www.arizona.edu/degree-search/majors/philosophy-ethics-emphasis,https://www.arizona.edu/degree-search/majors/philosophy-ethics-emphasis,metadata,absent,https://sbs.arizona.edu/,"P2 relevant buried, target absent",yes,,EMPHASIS,Rule 2 — specific entity (kept),
philosophy ma,exact,https://www.arizona.edu/degree-search/majors/philosophy-ma,https://www.arizona.edu/degree-search/majors/philosophy-ma,metadata,absent,https://sbs.arizona.edu/,"P2 relevant buried, target absent",yes,yes,GRAD,Rule 2 — specific entity (kept),
philosophy university of arizona,exact,https://www.arizona.edu/degree-search,https://www.arizona.edu/degree-search/majors/philosophy-ba,ahrefs,absent,https://sbs.arizona.edu/,"P2 relevant buried, target absent",yes,,UG,Rule 1 — generic term → DS home,was: https://www.arizona.edu/degree-search/majors/philosophy-ba
philosophy university of arizona phd,exact,https://www.arizona.edu/degree-search/majors/philosophy-dp,https://www.arizona.edu/degree-search/majors/philosophy-dp,ahrefs,absent,https://sbs.arizona.edu/,"P2 relevant buried, target absent",yes,yes,PHD,Rule 2 — specific entity (kept),
"philosophy, politics and economics",exact,https://www.arizona.edu/degree-search,https://www.arizona.edu/degree-search/majors/philosophy-politics-and-economics,metadata,absent,https://eller.arizona.edu/,"P2 relevant buried, target absent",yes,,BASE,Rule 1 — generic term → DS home,was: https://www.arizona.edu/degree-search/majors/philosophy-politics-and-economics
"philosophy, politics and economics law",exact,https://www.arizona.edu/degree-search,https://www.arizona.edu/degree-search/majors/philosophy-politics-economics-and-law,metadata,absent,https://eller.arizona.edu/,"P2 relevant buried, target absent",yes,yes,BASE,Rule 1 — generic term → DS home,was: https://www.arizona.edu/degree-search/majors/philosophy-politics-economics-and-law
physics,exact,https://www.arizona.edu/degree-search,https://www.arizona.edu/degree-search/majors/physics,metadata,absent,https://science.arizona.edu/,P1 all results off-topic,yes,,BASE,Rule 1 — generic term → DS home,was: https://www.arizona.edu/degree-search/majors/physics
physics bs,exact,https://www.arizona.edu/degree-search/majors/physics-bs,https://www.arizona.edu/degree-search/majors/physics-bs,metadata,absent,https://science.arizona.edu/,P1 all results off-topic,yes,yes,UG,Rule 2 — specific entity (kept),
physics phd,exact,https://www.arizona.edu/degree-search/majors/physics-dp,https://www.arizona.edu/degree-search/majors/physics-dp,metadata,absent,https://science.arizona.edu/,P1 all results off-topic,yes,yes,PHD,Rule 2 — specific entity (kept),
physiological sciences,exact,https://www.arizona.edu/degree-search,https://www.arizona.edu/degree-search/majors/physiological-sciences-ms,metadata,absent,https://physiological-sciences.arizona.edu/node/39,"P2 relevant buried, target absent",yes,,GRAD,Rule 1 — generic term → DS home,was: https://www.arizona.edu/degree-search/majors/physiological-sciences-ms
physiological sciences phd,exact,https://www.arizona.edu/degree-search/majors/physiological-sciences-dp,https://www.arizona.edu/degree-search/majors/physiological-sciences-dp,metadata,absent,https://physiological-sciences.arizona.edu/node/39,"P2 relevant buried, target absent",yes,yes,PHD,Rule 2 — specific entity (kept),
physiology and medical sciences medical sciences,exact,https://www.arizona.edu/degree-search/majors/physiology-and-medical-sciences-medical-sciences-emphasis,https://www.arizona.edu/degree-search/majors/physiology-and-medical-sciences-medical-sciences-emphasis,metadata,2,https://physiology.arizona.edu/news/2021/why-physiology-and-medical-sciences,"P2 target present, buried",yes,,EMPHASIS,Rule 2 — specific entity (kept),
physiology and medical sciences physiological research and innovation,exact,https://www.arizona.edu/degree-search/majors/physiology-and-medical-sciences-physiological-research-and-innovation-emphasis,https://www.arizona.edu/degree-search/majors/physiology-and-medical-sciences-physiological-research-and-innovation-emphasis,metadata,1,https://www.arizona.edu/degree-search/majors/physiology-and-medical-sciences-physiological-research-and-innovation-emphasis,P0 already #1,no (already #1),,EMPHASIS,Rule 2 — specific entity (kept),
physiology and medical sciences physiology,exact,https://www.arizona.edu/degree-search/majors/physiology-and-medical-sciences-physiology-emphasis,https://www.arizona.edu/degree-search/majors/physiology-and-medical-sciences-physiology-emphasis,metadata,2,https://physiology.arizona.edu/news/2021/why-physiology-and-medical-sciences,"P2 target present, buried",yes,,EMPHASIS,Rule 2 — specific entity (kept),
piano,exact,https://www.arizona.edu/degree-search/majors/performance-piano-emphasis,https://www.arizona.edu/degree-search/majors/performance-piano-emphasis,metadata,7,https://wowlit.org/catalog/9781580891912,"P2 target present, buried",yes,,EMPHASIS,Rule 2 — specific entity (kept),
planetary geology degree,exact,https://www.arizona.edu/degree-search/majors/planetary-geoscience,https://www.arizona.edu/degree-search/majors/planetary-geoscience,ahrefs,absent,https://www.arizona.edu/degree-search,"P2 relevant buried, target absent",yes,,BASE,REVIEW: base-page mapping (verify generic vs keep),trigger not a clean field-name match; left unchanged
planetary sciences,exact,https://www.arizona.edu/degree-search,https://www.arizona.edu/degree-search/majors/planetary-sciences,metadata,absent,https://www.lpl.arizona.edu/graduate/policies/ms-degree-requirements,"P2 relevant buried, target absent",yes,,BASE,Rule 1 — generic term → DS home,was: https://www.arizona.edu/degree-search/majors/planetary-sciences
plant pathology,exact,https://www.arizona.edu/degree-search,https://www.arizona.edu/degree-search/majors/plant-pathology-ms,metadata,4,https://spls.arizona.edu/research/plant-protection-pathology,"P2 target present, buried",yes,,GRAD,Rule 1 — generic term → DS home,was: https://www.arizona.edu/degree-search/majors/plant-pathology-ms
plant science,exact,https://www.arizona.edu/degree-search,https://www.arizona.edu/degree-search/majors/plant-science-ms,metadata,absent,https://science.arizona.edu/,"P2 relevant buried, target absent",yes,,GRAD,Rule 1 — generic term → DS home,was: https://www.arizona.edu/degree-search/majors/plant-science-ms
plant science ph.d.,exact,https://www.arizona.edu/degree-search/majors/plant-pathology-dp,https://www.arizona.edu/degree-search/majors/plant-pathology-dp,metadata,absent,https://science.arizona.edu/,"P2 relevant buried, target absent",yes,,PHD,Rule 2 — specific entity (kept),
plant sciences plant health sciences,exact,https://www.arizona.edu/degree-search/majors/plant-sciences-plant-health-sciences-emphasis,https://www.arizona.edu/degree-search/majors/plant-sciences-plant-health-sciences-emphasis,metadata,absent,,P1 no results,yes,,EMPHASIS,Rule 2 — specific entity (kept),
political science comparative politics,exact,https://www.arizona.edu/degree-search/majors/political-science-comparative-politics-emphasis,https://www.arizona.edu/degree-search/majors/political-science-comparative-politics-emphasis,metadata,absent,https://science.arizona.edu/,"P2 relevant buried, target absent",yes,,EMPHASIS,Rule 2 — specific entity (kept),
political science degree,exact,https://www.arizona.edu/degree-search,https://www.arizona.edu/degree-search/majors/political-science,ahrefs,absent,https://www.arizona.edu/degree-search,"P2 relevant buried, target absent",yes,,BASE,Rule 1 — generic term → DS home,was: https://www.arizona.edu/degree-search/majors/political-science
political science foreign affairs,exact,https://www.arizona.edu/degree-search/majors/political-science-foreign-affairs-emphasis,https://www.arizona.edu/degree-search/majors/political-science-foreign-affairs-emphasis,metadata,absent,https://science.arizona.edu/,"P2 relevant buried, target absent",yes,,EMPHASIS,Rule 2 — specific entity (kept),
political science ideas and methods,exact,https://www.arizona.edu/degree-search/majors/political-science-ideas-and-methods-emphasis,https://www.arizona.edu/degree-search/majors/political-science-ideas-and-methods-emphasis,metadata,absent,https://science.arizona.edu/,"P2 relevant buried, target absent",yes,,EMPHASIS,Rule 2 — specific entity (kept),
political science international affairs,exact,https://www.arizona.edu/degree-search/majors/political-science-international-affairs-emphasis,https://www.arizona.edu/degree-search/majors/political-science-international-affairs-emphasis,metadata,5,https://international.arizona.edu/study-abroad,"P2 target present, buried",yes,,EMPHASIS,Rule 2 — specific entity (kept),
political science international relations,exact,https://www.arizona.edu/degree-search/majors/political-science-international-relations-emphasis,https://www.arizona.edu/degree-search/majors/political-science-international-relations-emphasis,metadata,absent,https://international.arizona.edu/study-abroad,"P2 relevant buried, target absent",yes,,EMPHASIS,Rule 2 — specific entity (kept),
political science law and public policy,exact,https://www.arizona.edu/degree-search/majors/political-science-law-and-public-policy-emphasis,https://www.arizona.edu/degree-search/majors/political-science-law-and-public-policy-emphasis,metadata,4,https://law.arizona.edu/,"P2 target present, buried",yes,,EMPHASIS,Rule 2 — specific entity (kept),
political science university of arizona,exact,https://www.arizona.edu/degree-search,https://www.arizona.edu/degree-search/majors/political-science,ahrefs,10,https://science.arizona.edu/,"P2 target present, buried",yes,,BASE,Rule 1 — generic term → DS home,was: https://www.arizona.edu/degree-search/majors/political-science
pr university,exact,https://www.arizona.edu/degree-search/majors/public-relations,https://www.arizona.edu/degree-search/majors/public-relations,ahrefs,absent,https://www.arizona.edu/admissions,P1 all results off-topic,yes,,BASE,REVIEW: base-page mapping (verify generic vs keep),trigger not a clean field-name match; left unchanged
pre veterinary major,exact,https://www.arizona.edu/degree-search/majors/veterinary-science,https://www.arizona.edu/degree-search/majors/veterinary-science,ahrefs,absent,https://www.arizona.edu/degree-search,"P2 relevant buried, target absent",yes,,BASE,REVIEW: base-page mapping (verify generic vs keep),trigger not a clean field-name match; left unchanged
pre-psychological science,exact,https://www.arizona.edu/degree-search/majors/psychological-science,https://www.arizona.edu/degree-search/majors/psychological-science,metadata,absent,https://science.arizona.edu/,"P2 relevant buried, target absent",yes,,BASE,REVIEW: base-page mapping (verify generic vs keep),trigger not a clean field-name match; left unchanged
precision nutrition and wellness,exact,https://www.arizona.edu/degree-search,https://www.arizona.edu/degree-search/majors/precision-nutrition-and-wellness,metadata,absent,https://health.arizona.edu/,"P2 relevant buried, target absent",yes,,BASE,Rule 1 — generic term → DS home,was: https://www.arizona.edu/degree-search/majors/precision-nutrition-and-wellness
professional and technical writing,exact,https://www.arizona.edu/degree-search,https://www.arizona.edu/degree-search/majors/professional-and-technical-writing,ahrefs,12,https://english.arizona.edu/degree-requirements-professional-and-technical-writing,"P2 target present, buried",yes,,BASE,Rule 1 — generic term → DS home,was: https://www.arizona.edu/degree-search/majors/professional-and-technical-writing
professional geographic information systems technology,exact,https://www.arizona.edu/degree-search,https://www.arizona.edu/degree-search/majors/professional-geographic-information-systems-technology,metadata,12,https://it.arizona.edu/,"P2 target present, buried",yes,,BASE,Rule 1 — generic term → DS home,was: https://www.arizona.edu/degree-search/majors/professional-geographic-information-systems-technology
psych doctorate,exact,https://www.arizona.edu/degree-search/majors/psychology-dp,https://www.arizona.edu/degree-search/majors/psychology-dp,ahrefs,absent,https://caps.arizona.edu/cdip,"P2 relevant buried, target absent",yes,,PHD,Rule 2 — specific entity (kept),
psychology,exact,https://www.arizona.edu/degree-search,https://www.arizona.edu/degree-search/majors/psychology,metadata,absent,https://science.arizona.edu/,P1 all results off-topic,yes,,BASE,Rule 1 — generic term → DS home,was: https://www.arizona.edu/degree-search/majors/psychology
psychology major university of arizona,exact,https://www.arizona.edu/degree-search,https://www.arizona.edu/degree-search/majors/psychology-ba,ahrefs,absent,https://www.arizona.edu/degree-search,P1 all results off-topic,yes,,UG,Rule 1 — generic term → DS home,was: https://www.arizona.edu/degree-search/majors/psychology-ba
public administration,exact,https://www.arizona.edu/degree-search,https://www.arizona.edu/degree-search/majors/public-administration,metadata,1,https://www.arizona.edu/degree-search/majors/public-administration,P0 already #1,no (already #1),,BASE,Rule 1 — generic term → DS home,was: https://www.arizona.edu/degree-search/majors/public-administration
public affairs environmental policy,exact,https://www.arizona.edu/degree-search/majors/public-affairs-environmental-policy-emphasis,https://www.arizona.edu/degree-search/majors/public-affairs-environmental-policy-emphasis,metadata,3,https://sgpp.arizona.edu/bs-public-management-policy/requirements,"P2 target present, buried",yes,,EMPHASIS,Rule 2 — specific entity (kept),
public affairs public administration and management,exact,https://www.arizona.edu/degree-search/majors/public-affairs-public-administration-and-management-emphasis,https://www.arizona.edu/degree-search/majors/public-affairs-public-administration-and-management-emphasis,metadata,absent,https://eller.arizona.edu/,"P2 relevant buried, target absent",yes,,EMPHASIS,Rule 2 — specific entity (kept),
public affairs public policy,exact,https://www.arizona.edu/degree-search/majors/public-affairs-public-policy-emphasis,https://www.arizona.edu/degree-search/majors/public-affairs-public-policy-emphasis,metadata,8,https://sgpp.arizona.edu/bs-public-management-policy/requirements,"P2 target present, buried",yes,,EMPHASIS,Rule 2 — specific entity (kept),
public health,exact,https://www.arizona.edu/degree-search,https://www.arizona.edu/degree-search/majors/public-health-dph,metadata,absent,https://health.arizona.edu/,"P2 relevant buried, target absent",yes,,PHD,Rule 1 — generic term → DS home,was: https://www.arizona.edu/degree-search/majors/public-health-dph
public health analyst,exact,https://www.arizona.edu/degree-search/majors/public-health-quantitative-methods-in-public-health-emphasis,https://www.arizona.edu/degree-search/majors/public-health-quantitative-methods-in-public-health-emphasis,metadata,absent,https://health.arizona.edu/,"P2 relevant buried, target absent",yes,,EMPHASIS,Rule 2 — specific entity (kept),
public health class requirements,exact,https://www.arizona.edu/degree-search/majors/public-health-public-health-practice-emphasis,https://www.arizona.edu/degree-search/majors/public-health-public-health-practice-emphasis,ahrefs,absent,https://health.arizona.edu/,"P2 relevant buried, target absent",yes,,EMPHASIS,Rule 2 — specific entity (kept),
public health emergency and epidemic preparedness,exact,https://www.arizona.edu/degree-search,https://www.arizona.edu/degree-search/majors/public-health-emergency-and-epidemic-preparedness,metadata,absent,https://uapd.arizona.edu/,"P2 relevant buried, target absent",yes,,BASE,Rule 1 — generic term → DS home,was: https://www.arizona.edu/degree-search/majors/public-health-emergency-and-epidemic-preparedness
public health graduate certificate,exact,https://www.arizona.edu/degree-search/majors/public-health-gc,https://www.arizona.edu/degree-search/majors/public-health-gc,metadata,absent,https://health.arizona.edu/,"P2 relevant buried, target absent",yes,yes,GRAD,Rule 2 — specific entity (kept),
public health one health,exact,https://www.arizona.edu/degree-search/majors/public-health-one-health-emphasis,https://www.arizona.edu/degree-search/majors/public-health-one-health-emphasis,metadata,absent,https://health.arizona.edu/,"P2 relevant buried, target absent",yes,,EMPHASIS,Rule 2 — specific entity (kept),
public health university of arizona,exact,https://www.arizona.edu/degree-search,https://www.arizona.edu/degree-search/majors/public-health-public-health-practice-emphasis,ahrefs,absent,https://health.arizona.edu/,"P2 relevant buried, target absent",yes,,EMPHASIS,Rule 1 — generic term → DS home,was: https://www.arizona.edu/degree-search/majors/public-health-public-health-practice-emphasis
public management and policy environmental policy,exact,https://www.arizona.edu/degree-search/majors/public-management-and-policy-environmental-policy-emphasis,https://www.arizona.edu/degree-search/majors/public-management-and-policy-environmental-policy-emphasis,metadata,absent,https://eller.arizona.edu/,"P2 relevant buried, target absent",yes,,EMPHASIS,Rule 2 — specific entity (kept),
public management and policy public administration and management,exact,https://www.arizona.edu/degree-search/majors/public-management-and-policy-public-administration-and-management-emphasis,https://www.arizona.edu/degree-search/majors/public-management-and-policy-public-administration-and-management-emphasis,metadata,absent,https://eller.arizona.edu/,"P2 relevant buried, target absent",yes,,EMPHASIS,Rule 2 — specific entity (kept),
public management and policy public policy,exact,https://www.arizona.edu/degree-search/majors/public-management-and-policy-public-policy-emphasis,https://www.arizona.edu/degree-search/majors/public-management-and-policy-public-policy-emphasis,metadata,absent,https://eller.arizona.edu/,"P2 relevant buried, target absent",yes,,EMPHASIS,Rule 2 — specific entity (kept),
public policy,exact,https://www.arizona.edu/degree-search,https://www.arizona.edu/degree-search/majors/public-policy,metadata,20,https://sgpp.arizona.edu/bs-public-management-policy/requirements,"P2 target present, buried",yes,,BASE,Rule 1 — generic term → DS home,was: https://www.arizona.edu/degree-search/majors/public-policy
public relations degrees,exact,https://www.arizona.edu/degree-search,https://www.arizona.edu/degree-search/majors/public-relations,ahrefs,absent,https://english.arizona.edu/declare,"P2 relevant buried, target absent",yes,,BASE,Rule 1 — generic term → DS home,was: https://www.arizona.edu/degree-search/majors/public-relations
quality & reliability engineering,exact,https://www.arizona.edu/degree-search,https://www.arizona.edu/degree-search/majors/quality-and-reliability-engineering,metadata,2,https://engineering.arizona.edu/index,"P2 target present, buried",yes,,BASE,Rule 1 — generic term → DS home,was: https://www.arizona.edu/degree-search/majors/quality-and-reliability-engineering
rangeland management,exact,https://www.arizona.edu/degree-search/majors/natural-resources-ecology-management-and-restoration-of-rangelands-emphasis,https://www.arizona.edu/degree-search/majors/natural-resources-ecology-management-and-restoration-of-rangelands-emphasis,ahrefs,absent,https://eller.arizona.edu/,"P2 relevant buried, target absent",yes,,EMPHASIS,Rule 2 — specific entity (kept),
real estate development analysis graduate,exact,https://www.arizona.edu/degree-search/majors/real-estate-development-analysis,https://www.arizona.edu/degree-search/majors/real-estate-development-analysis,metadata,2,https://www.arizona.edu/degree-search/majors/real-estate-development,"P2 target present, buried",yes,,BASE,Rule 2 — REVIEW: specific term on base page,needs GRAD entity; no matching level page in dataset — verify
real estate development finance graduate,exact,https://www.arizona.edu/degree-search/majors/real-estate-development-finance,https://www.arizona.edu/degree-search/majors/real-estate-development-finance,metadata,absent,https://eller.arizona.edu/,"P2 relevant buried, target absent",yes,,BASE,Rule 2 — REVIEW: specific term on base page,needs GRAD entity; no matching level page in dataset — verify
real estate development practice graduate,exact,https://www.arizona.edu/degree-search/majors/real-estate-development-practice,https://www.arizona.edu/degree-search/majors/real-estate-development-practice,metadata,2,https://www.arizona.edu/degree-search/majors/real-estate-development,"P2 target present, buried",yes,,BASE,Rule 2 — REVIEW: specific term on base page,needs GRAD entity; no matching level page in dataset — verify
real estate valuation,exact,https://www.arizona.edu/degree-search,https://www.arizona.edu/degree-search/majors/real-estate-valuation,metadata,2,https://eller.arizona.edu/programs/non-degree/certificates/realestate,"P2 target present, buried",yes,,BASE,Rule 1 — generic term → DS home,was: https://www.arizona.edu/degree-search/majors/real-estate-valuation
regulatory science,exact,https://www.arizona.edu/degree-search,https://www.arizona.edu/degree-search/majors/regulatory-science,metadata,11,https://science.arizona.edu/,"P2 target present, buried",yes,,BASE,Rule 1 — generic term → DS home,was: https://www.arizona.edu/degree-search/majors/regulatory-science
rehabilitation major,exact,https://www.arizona.edu/degree-search,https://www.arizona.edu/degree-search/majors/rehabilitation-studies-and-services,ahrefs,18,https://www.arizona.edu/degree-search,"P2 target present, buried",yes,,BASE,Rule 1 — generic term → DS home,was: https://www.arizona.edu/degree-search/majors/rehabilitation-studies-and-services
rehabilitation studies,exact,https://www.arizona.edu/degree-search,https://www.arizona.edu/degree-search/majors/rehabilitation-studies-and-services,ahrefs,3,https://education.arizona.edu/majors/rehabilitation-studies-services-bse,"P2 target present, buried",yes,,BASE,Rule 1 — generic term → DS home,was: https://www.arizona.edu/degree-search/majors/rehabilitation-studies-and-services
religious studies for health professionals,exact,https://www.arizona.edu/degree-search,https://www.arizona.edu/degree-search/majors/religious-studies-for-health-professionals,metadata,3,https://health.arizona.edu/,"P2 target present, buried",yes,,BASE,Rule 1 — generic term → DS home,was: https://www.arizona.edu/degree-search/majors/religious-studies-for-health-professionals
religious studies university of arizona,exact,https://www.arizona.edu/degree-search,https://www.arizona.edu/degree-search/majors/religious-studies,ahrefs,3,https://www.arizona.edu/admissions,"P2 target present, buried",yes,,BASE,Rule 1 — generic term → DS home,was: https://www.arizona.edu/degree-search/majors/religious-studies
resilience practice,exact,https://www.arizona.edu/degree-search,https://www.arizona.edu/degree-search/majors/resilience-practice,metadata,15,https://air.arizona.edu/events/info-session-ms-resilience-practice,"P2 target present, buried",yes,,BASE,Rule 1 — generic term → DS home,was: https://www.arizona.edu/degree-search/majors/resilience-practice
retailing and consumer science,exact,https://www.arizona.edu/degree-search,https://www.arizona.edu/degree-search/majors/retailing-and-consumer-science,ahrefs,2,https://science.arizona.edu/,"P2 target present, buried",yes,,BASE,Rule 1 — generic term → DS home,was: https://www.arizona.edu/degree-search/majors/retailing-and-consumer-science
"rhetoric, composition and the teaching of english",exact,https://www.arizona.edu/degree-search,https://www.arizona.edu/degree-search/majors/rhetoric-composition-and-teaching-of-english-ma,metadata,absent,https://sbs.arizona.edu/,"P2 relevant buried, target absent",yes,,GRAD,Rule 1 — generic term → DS home,was: https://www.arizona.edu/degree-search/majors/rhetoric-composition-and-teaching-of-english-ma
"rhetoric, composition and the teaching of english phd",exact,https://www.arizona.edu/degree-search/majors/rhetoric-composition-and-teaching-of-english-dp,https://www.arizona.edu/degree-search/majors/rhetoric-composition-and-teaching-of-english-dp,metadata,15,https://sbs.arizona.edu/,"P2 target present, buried",yes,yes,PHD,Rule 2 — specific entity (kept),
rock engineering certificate,exact,https://www.arizona.edu/degree-search/majors/rock-mechanics,https://www.arizona.edu/degree-search/majors/rock-mechanics,ahrefs,absent,https://www.arizona.edu/degree-search,"P2 relevant buried, target absent",yes,,BASE,Rule 2 — REVIEW: specific term on base page,needs GRAD entity; no matching level page in dataset — verify
russian degree,exact,https://www.arizona.edu/degree-search,https://www.arizona.edu/degree-search/majors/russian-language-focused-emphasis,ahrefs,absent,https://www.arizona.edu/degree-search,"P2 relevant buried, target absent",yes,,EMPHASIS,Rule 1 — generic term → DS home,was: https://www.arizona.edu/degree-search/majors/russian-language-focused-emphasis
russian studies culture intensive,exact,https://www.arizona.edu/degree-search/majors/russian-culture-focused-emphasis,https://www.arizona.edu/degree-search/majors/russian-culture-focused-emphasis,metadata,absent,https://humanities.arizona.edu/,"P2 relevant buried, target absent",yes,,EMPHASIS,Rule 2 — specific entity (kept),
saxophone performance,exact,https://www.arizona.edu/degree-search/majors/performance-saxophone-emphasis,https://www.arizona.edu/degree-search/majors/performance-saxophone-emphasis,metadata,1,https://www.arizona.edu/degree-search/majors/performance-saxophone-emphasis,P0 already #1,no (already #1),,EMPHASIS,Rule 2 — specific entity (kept),
school psychology,exact,https://www.arizona.edu/degree-search,https://www.arizona.edu/degree-search/majors/school-psychology-dp,metadata,absent,https://science.arizona.edu/,P1 all results off-topic,yes,,PHD,Rule 1 — generic term → DS home,was: https://www.arizona.edu/degree-search/majors/school-psychology-dp
school psychology education specialist,exact,https://www.arizona.edu/degree-search/majors/school-psychology-es,https://www.arizona.edu/degree-search/majors/school-psychology-es,metadata,absent,https://science.arizona.edu/,P1 all results off-topic,yes,yes,GRAD,Rule 2 — specific entity (kept),
science communication,exact,https://www.arizona.edu/degree-search,https://www.arizona.edu/degree-search/majors/science-communication,metadata,absent,https://sbs.arizona.edu/,"P2 relevant buried, target absent",yes,,BASE,Rule 1 — generic term → DS home,was: https://www.arizona.edu/degree-search/majors/science-communication
science degree university,exact,https://www.arizona.edu/degree-search,https://www.arizona.edu/degree-search/majors/science-ba,ahrefs,absent,https://www.arizona.edu/degree-search,"P2 relevant buried, target absent",yes,,UG,Rule 1 — generic term → DS home,was: https://www.arizona.edu/degree-search/majors/science-ba
science fashion,exact,https://www.arizona.edu/degree-search,https://www.arizona.edu/degree-search/majors/fashion-industry-s-science-and-technology,ahrefs,6,https://science.arizona.edu/,"P2 target present, buried",yes,,BASE,Rule 1 — generic term → DS home,was: https://www.arizona.edu/degree-search/majors/fashion-industry-s-science-and-technology
science law,exact,https://www.arizona.edu/degree-search,https://www.arizona.edu/degree-search/majors/science-law,metadata,absent,https://law.arizona.edu/,"P2 relevant buried, target absent",yes,,BASE,Rule 1 — generic term → DS home,was: https://www.arizona.edu/degree-search/majors/science-law
second language acquisition and teaching,exact,https://www.arizona.edu/degree-search,https://www.arizona.edu/degree-search/majors/second-language-acquisition-and-teaching,metadata,3,https://education.arizona.edu/,"P2 target present, buried",yes,,BASE,Rule 1 — generic term → DS home,was: https://www.arizona.edu/degree-search/majors/second-language-acquisition-and-teaching
secondary education,exact,https://www.arizona.edu/degree-search,https://www.arizona.edu/degree-search/majors/education-in-secondary-education,metadata,absent,https://education.arizona.edu/,"P2 relevant buried, target absent",yes,,BASE,Rule 1 — generic term → DS home,was: https://www.arizona.edu/degree-search/majors/education-in-secondary-education
semiconductor processing,exact,https://www.arizona.edu/degree-search,https://www.arizona.edu/degree-search/majors/semiconductor-processing,metadata,3,https://online.arizona.edu/programs/graduate-certificate/online-graduate-certificate-semiconductor-processing-gcert,"P2 target present, buried",yes,,BASE,Rule 1 — generic term → DS home,was: https://www.arizona.edu/degree-search/majors/semiconductor-processing
"social, cultural and critical theory",exact,https://www.arizona.edu/degree-search,https://www.arizona.edu/degree-search/majors/social-cultural-and-critical-theory,metadata,2,https://gidp.arizona.edu/academic-programs/social-cultural-and-critical-theory,"P2 target present, buried",yes,,BASE,Rule 1 — generic term → DS home,was: https://www.arizona.edu/degree-search/majors/social-cultural-and-critical-theory
sociology,exact,https://www.arizona.edu/degree-search,https://www.arizona.edu/degree-search/majors/sociology,metadata,absent,https://sbs.arizona.edu/,"P2 relevant buried, target absent",yes,,BASE,Rule 1 — generic term → DS home,was: https://www.arizona.edu/degree-search/majors/sociology
sociology phd,exact,https://www.arizona.edu/degree-search/majors/sociology-dp,https://www.arizona.edu/degree-search/majors/sociology-dp,metadata,absent,https://sbs.arizona.edu/,"P2 relevant buried, target absent",yes,yes,PHD,Rule 2 — specific entity (kept),
socioology,exact,https://www.arizona.edu/degree-search/majors/sociology-ba,https://www.arizona.edu/degree-search/majors/sociology-ba,ahrefs,absent,https://sociology.arizona.edu/ba-sociology/requirements,P1 all results off-topic,yes,,UG,Rule 2 — specific entity (kept),
software engineering,exact,https://www.arizona.edu/degree-search,https://www.arizona.edu/degree-search/majors/software-engineering,metadata,absent,https://engineering.arizona.edu/index,"P2 relevant buried, target absent",yes,,BASE,Rule 1 — generic term → DS home,was: https://www.arizona.edu/degree-search/majors/software-engineering
software engineering ms,exact,https://www.arizona.edu/degree-search/majors/software-engineering-ms,https://www.arizona.edu/degree-search/majors/software-engineering-ms,metadata,absent,https://engineering.arizona.edu/index,"P2 relevant buried, target absent",yes,yes,GRAD,Rule 2 — specific entity (kept),
software engineering university of arizona,exact,https://www.arizona.edu/degree-search,https://www.arizona.edu/degree-search/majors/software-engineering-bsse,ahrefs,absent,https://engineering.arizona.edu/index,"P2 relevant buried, target absent",yes,,UG,Rule 1 — generic term → DS home,was: https://www.arizona.edu/degree-search/majors/software-engineering-bsse
spanish,exact,https://www.arizona.edu/degree-search,https://www.arizona.edu/degree-search/majors/spanish,metadata,absent,https://humanities.arizona.edu/,P1 all results off-topic,yes,,BASE,Rule 1 — generic term → DS home,was: https://www.arizona.edu/degree-search/majors/spanish
spanish and portuguese,exact,https://www.arizona.edu/degree-search/majors/spanish-spanish-and-portuguese-emphasis,https://www.arizona.edu/degree-search/majors/spanish-spanish-and-portuguese-emphasis,metadata,absent,https://humanities.arizona.edu/,"P2 relevant buried, target absent",yes,,EMPHASIS,Rule 2 — specific entity (kept),
spanish ba,exact,https://www.arizona.edu/degree-search/majors/spanish-ba,https://www.arizona.edu/degree-search/majors/spanish-ba,metadata,absent,https://humanities.arizona.edu/,P1 all results off-topic,yes,yes,UG,Rule 2 — specific entity (kept),
spanish hispanic linguistics,exact,https://www.arizona.edu/degree-search/majors/spanish-hispanic-linguistics-emphasis,https://www.arizona.edu/degree-search/majors/spanish-hispanic-linguistics-emphasis,metadata,absent,https://sbs.arizona.edu/,"P2 relevant buried, target absent",yes,,EMPHASIS,Rule 2 — specific entity (kept),
spanish literature,exact,https://www.arizona.edu/degree-search/majors/spanish-hispanic-literature-emphasis,https://www.arizona.edu/degree-search/majors/spanish-hispanic-literature-emphasis,metadata,absent,https://humanities.arizona.edu/,"P2 relevant buried, target absent",yes,,EMPHASIS,Rule 2 — specific entity (kept),
spanish ma,exact,https://www.arizona.edu/degree-search/majors/spanish-ma,https://www.arizona.edu/degree-search/majors/spanish-ma,metadata,absent,https://humanities.arizona.edu/,P1 all results off-topic,yes,yes,GRAD,Rule 2 — specific entity (kept),
spanish � hispanic linguistics,exact,https://www.arizona.edu/degree-search/majors/spanish-dp,https://www.arizona.edu/degree-search/majors/spanish-dp,metadata,absent,https://sbs.arizona.edu/,"P2 relevant buried, target absent",yes,,PHD,Rule 2 — specific entity (kept),
special education,exact,https://www.arizona.edu/degree-search,https://www.arizona.edu/degree-search/majors/special-education-ma,metadata,absent,https://education.arizona.edu/,"P2 relevant buried, target absent",yes,,GRAD,Rule 1 — generic term → DS home,was: https://www.arizona.edu/degree-search/majors/special-education-ma
special education phd,exact,https://www.arizona.edu/degree-search/majors/special-education-dp,https://www.arizona.edu/degree-search/majors/special-education-dp,metadata,absent,https://education.arizona.edu/,"P2 relevant buried, target absent",yes,yes,PHD,Rule 2 — specific entity (kept),
speech language and hearing sciences,exact,https://www.arizona.edu/degree-search,https://www.arizona.edu/degree-search/majors/speech-language-and-hearing-sciences,metadata,absent,https://science.arizona.edu/,"P2 relevant buried, target absent",yes,,BASE,Rule 1 — generic term → DS home,was: https://www.arizona.edu/degree-search/majors/speech-language-and-hearing-sciences
"speech, language and hearing sciences",exact,https://www.arizona.edu/degree-search,https://www.arizona.edu/degree-search/majors/speech-language-and-hearing-sciences-bs,metadata,absent,https://slhs.arizona.edu/clinic/ua-speech-language-hearing-clinic,"P2 relevant buried, target absent",yes,,UG,Rule 1 — generic term → DS home,was: https://www.arizona.edu/degree-search/majors/speech-language-and-hearing-sciences-bs
"speech, language and hearing sciences phd",exact,https://www.arizona.edu/degree-search/majors/speech-language-and-hearing-sciences-dp,https://www.arizona.edu/degree-search/majors/speech-language-and-hearing-sciences-dp,metadata,absent,https://slhs.arizona.edu/clinic/ua-speech-language-hearing-clinic,"P2 relevant buried, target absent",yes,yes,PHD,Rule 2 — specific entity (kept),
sport and recreation leadership,exact,https://www.arizona.edu/degree-search,https://www.arizona.edu/degree-search/majors/sport-and-recreation-leadership,metadata,10,https://rec.arizona.edu/,"P2 target present, buried",yes,,BASE,Rule 1 — generic term → DS home,was: https://www.arizona.edu/degree-search/majors/sport-and-recreation-leadership
sport and recreation management,exact,https://www.arizona.edu/degree-search,https://www.arizona.edu/degree-search/majors/sport-and-recreation-management,metadata,absent,https://eller.arizona.edu/,"P2 relevant buried, target absent",yes,,BASE,Rule 1 — generic term → DS home,was: https://www.arizona.edu/degree-search/majors/sport-and-recreation-management
stage and screen studies,exact,https://www.arizona.edu/degree-search,https://www.arizona.edu/degree-search/majors/stage-and-screen-studies,metadata,1,https://www.arizona.edu/degree-search/majors/stage-and-screen-studies,P0 already #1,no (already #1),,BASE,Rule 1 — generic term → DS home,was: https://www.arizona.edu/degree-search/majors/stage-and-screen-studies
statistics and data science,exact,https://www.arizona.edu/degree-search,https://www.arizona.edu/degree-search/majors/statistics-and-data-science-bs,metadata,absent,https://infosci.arizona.edu/,"P2 relevant buried, target absent",yes,,UG,Rule 1 — generic term → DS home,was: https://www.arizona.edu/degree-search/majors/statistics-and-data-science-bs
statistics and data science graduate certificate,exact,https://www.arizona.edu/degree-search/majors/statistics-and-data-science-gc,https://www.arizona.edu/degree-search/majors/statistics-and-data-science-gc,metadata,absent,https://infosci.arizona.edu/,"P2 relevant buried, target absent",yes,yes,GRAD,Rule 2 — specific entity (kept),
statistics and data science ms,exact,https://www.arizona.edu/degree-search/majors/statistics-and-data-science-ms,https://www.arizona.edu/degree-search/majors/statistics-and-data-science-ms,metadata,absent,https://infosci.arizona.edu/,"P2 relevant buried, target absent",yes,yes,GRAD,Rule 2 — specific entity (kept),
statistics and data science phd,exact,https://www.arizona.edu/degree-search/majors/statistics-and-data-science-dp,https://www.arizona.edu/degree-search/majors/statistics-and-data-science-dp,metadata,absent,https://infosci.arizona.edu/,"P2 relevant buried, target absent",yes,yes,PHD,Rule 2 — specific entity (kept),
string bass performance,exact,https://www.arizona.edu/degree-search/majors/performance-string-bass-emphasis,https://www.arizona.edu/degree-search/majors/performance-string-bass-emphasis,metadata,1,https://www.arizona.edu/degree-search/majors/performance-string-bass-emphasis,P0 already #1,no (already #1),,EMPHASIS,Rule 2 — specific entity (kept),
studies of global media,exact,https://www.arizona.edu/degree-search,https://www.arizona.edu/degree-search/majors/studies-of-global-media,metadata,absent,https://international.arizona.edu/study-abroad,"P2 relevant buried, target absent",yes,,BASE,Rule 1 — generic term → DS home,was: https://www.arizona.edu/degree-search/majors/studies-of-global-media
studies of global media ba,exact,https://www.arizona.edu/degree-search/majors/studies-of-global-media-ba,https://www.arizona.edu/degree-search/majors/studies-of-global-media-ba,metadata,absent,https://international.arizona.edu/study-abroad,"P2 relevant buried, target absent",yes,yes,UG,Rule 2 — specific entity (kept),
studies of global media ma,exact,https://www.arizona.edu/degree-search/majors/studies-of-global-media-ma,https://www.arizona.edu/degree-search/majors/studies-of-global-media-ma,metadata,absent,https://international.arizona.edu/study-abroad,"P2 relevant buried, target absent",yes,yes,GRAD,Rule 2 — specific entity (kept),
studio art 2d,exact,https://www.arizona.edu/degree-search/majors/studio-art-two-dimensional-emphasis,https://www.arizona.edu/degree-search/majors/studio-art-two-dimensional-emphasis,ahrefs,20,https://cfa.arizona.edu/,"P2 target present, buried",yes,,EMPHASIS,Rule 2 — specific entity (kept),
studio arts degree,exact,https://www.arizona.edu/degree-search,https://www.arizona.edu/degree-search/majors/studio-art,ahrefs,2,https://www.arizona.edu/degree-search,"P2 target present, buried",yes,,BASE,Rule 1 — generic term → DS home,was: https://www.arizona.edu/degree-search/majors/studio-art
studio illustration,exact,https://www.arizona.edu/degree-search/majors/studio-art-illustration-design-and-animation-emphasis,https://www.arizona.edu/degree-search/majors/studio-art-illustration-design-and-animation-emphasis,ahrefs,3,https://education.arizona.edu/calendar/illustrator-studio-oil-painting-demonstration,"P2 target present, buried",yes,,EMPHASIS,Rule 2 — specific entity (kept),
sustainability community development degree,exact,https://www.arizona.edu/degree-search/majors/sustainable-built-environments-sustainable-communities-emphasis,https://www.arizona.edu/degree-search/majors/sustainable-built-environments-sustainable-communities-emphasis,ahrefs,absent,https://www.arizona.edu/degree-search,"P2 relevant buried, target absent",yes,,EMPHASIS,Rule 2 — specific entity (kept),
sustainable built environment,exact,https://www.arizona.edu/degree-search,https://www.arizona.edu/degree-search/majors/sustainable-built-environments,ahrefs,10,https://environment.arizona.edu/major/sustainable-built-environments,"P2 target present, buried",yes,,BASE,Rule 1 — generic term → DS home,was: https://www.arizona.edu/degree-search/majors/sustainable-built-environments
sustainable built environments,exact,https://www.arizona.edu/degree-search,https://www.arizona.edu/degree-search/majors/sustainable-built-environments,ahrefs,10,https://environment.arizona.edu/major/sustainable-built-environments,"P2 target present, buried",yes,,BASE,Rule 1 — generic term → DS home,was: https://www.arizona.edu/degree-search/majors/sustainable-built-environments
sustainable built environments sustainable landscapes,exact,https://www.arizona.edu/degree-search/majors/sustainable-built-environments-sustainable-landscapes-emphasis,https://www.arizona.edu/degree-search/majors/sustainable-built-environments-sustainable-landscapes-emphasis,metadata,1,https://www.arizona.edu/degree-search/majors/sustainable-built-environments-sustainable-landscapes-emphasis,P0 already #1,no (already #1),,EMPHASIS,Rule 2 — specific entity (kept),
sustainable design and construction,exact,https://www.arizona.edu/degree-search/majors/sustainable-built-environments-sustainable-buildings-emphasis,https://www.arizona.edu/degree-search/majors/sustainable-built-environments-sustainable-buildings-emphasis,ahrefs,absent,https://sustainability.arizona.edu/projects/sustainability-climate-action-plan/initiatives/create-dedicated-sustainable-design,"P2 relevant buried, target absent",yes,,EMPHASIS,Rule 2 — specific entity (kept),
sustainable horticulture degree,exact,https://www.arizona.edu/degree-search/majors/sustainable-plant-systems-urban-horticulture-emphasis,https://www.arizona.edu/degree-search/majors/sustainable-plant-systems-urban-horticulture-emphasis,ahrefs,3,https://www.arizona.edu/degree-search,"P2 target present, buried",yes,,EMPHASIS,Rule 2 — specific entity (kept),
sustainable plant systems agronomy,exact,https://www.arizona.edu/degree-search,https://www.arizona.edu/degree-search/majors/sustainable-plant-systems-agronomy-option,metadata,absent,https://www.arizona.edu/degree-search/majors/sustainable-plant-systems-agronomy-and-horticulture-emphasis,"P2 relevant buried, target absent",yes,,BASE,Rule 1 — generic term → DS home,was: https://www.arizona.edu/degree-search/majors/sustainable-plant-systems-agronomy-option
sustainable plant systems agronomy and horticulture,exact,https://www.arizona.edu/degree-search/majors/sustainable-plant-systems-agronomy-and-horticulture-emphasis,https://www.arizona.edu/degree-search/majors/sustainable-plant-systems-agronomy-and-horticulture-emphasis,metadata,1,https://www.arizona.edu/degree-search/majors/sustainable-plant-systems-agronomy-and-horticulture-emphasis,P0 already #1,no (already #1),,EMPHASIS,Rule 2 — specific entity (kept),
sustainable plant systems fresh produce safety,exact,https://www.arizona.edu/degree-search,https://www.arizona.edu/degree-search/majors/sustainable-plant-systems-fresh-produce-safety,metadata,3,https://online.arizona.edu/programs/undergraduate/online-bachelor-science-sustainable-plant-systems-fresh-produce-safety-bs,"P2 target present, buried",yes,,BASE,Rule 1 — generic term → DS home,was: https://www.arizona.edu/degree-search/majors/sustainable-plant-systems-fresh-produce-safety
sustainable real estate development,exact,https://www.arizona.edu/degree-search/majors/sustainable-built-environments-sustainable-real-estate-development-emphasis,https://www.arizona.edu/degree-search/majors/sustainable-built-environments-sustainable-real-estate-development-emphasis,ahrefs,2,https://www.arizona.edu/degree-search/majors/real-estate-development,"P2 target present, buried",yes,,EMPHASIS,Rule 2 — specific entity (kept),
systems & industrial engineering,exact,https://www.arizona.edu/degree-search,https://www.arizona.edu/degree-search/majors/systems-and-industrial-engineering,metadata,absent,https://engineering.arizona.edu/index,"P2 relevant buried, target absent",yes,,BASE,Rule 1 — generic term → DS home,was: https://www.arizona.edu/degree-search/majors/systems-and-industrial-engineering
systems engineer major,exact,https://www.arizona.edu/degree-search/majors/systems-engineering-bsse,https://www.arizona.edu/degree-search/majors/systems-engineering-bsse,ahrefs,absent,https://www.arizona.edu/degree-search,"P2 relevant buried, target absent",yes,,UG,Rule 2 — specific entity (kept),
systems engineering,exact,https://www.arizona.edu/degree-search,https://www.arizona.edu/degree-search/majors/systems-engineering,metadata,absent,https://engineering.arizona.edu/index,"P2 relevant buried, target absent",yes,,BASE,Rule 1 — generic term → DS home,was: https://www.arizona.edu/degree-search/majors/systems-engineering
systems engineering graduate certificate,exact,https://www.arizona.edu/degree-search/majors/systems-engineering-gc,https://www.arizona.edu/degree-search/majors/systems-engineering-gc,metadata,absent,https://engineering.arizona.edu/index,"P2 relevant buried, target absent",yes,yes,GRAD,Rule 2 — specific entity (kept),
systems engineering ms,exact,https://www.arizona.edu/degree-search/majors/systems-engineering-ms,https://www.arizona.edu/degree-search/majors/systems-engineering-ms,metadata,absent,https://engineering.arizona.edu/index,"P2 relevant buried, target absent",yes,yes,GRAD,Rule 2 — specific entity (kept),
teaching & learning,exact,https://www.arizona.edu/degree-search,https://www.arizona.edu/degree-search/majors/teaching-and-learning,metadata,absent,https://education.arizona.edu/,"P2 relevant buried, target absent",yes,,BASE,Rule 1 — generic term → DS home,was: https://www.arizona.edu/degree-search/majors/teaching-and-learning
teaching english as a second language,exact,https://www.arizona.edu/degree-search,https://www.arizona.edu/degree-search/majors/teaching-english-as-a-second-language,metadata,absent,https://sbs.arizona.edu/,"P2 relevant buried, target absent",yes,,BASE,Rule 1 — generic term → DS home,was: https://www.arizona.edu/degree-search/majors/teaching-english-as-a-second-language
teaching english as a second/foreign language,exact,https://www.arizona.edu/degree-search,https://www.arizona.edu/degree-search/majors/teaching-english-as-a-second-or-foreign-language,metadata,absent,https://sbs.arizona.edu/,"P2 relevant buried, target absent",yes,,BASE,Rule 1 — generic term → DS home,was: https://www.arizona.edu/degree-search/majors/teaching-english-as-a-second-or-foreign-language
teaching persian as a second language,exact,https://www.arizona.edu/degree-search,https://www.arizona.edu/degree-search/majors/teaching-persian-as-a-second-language,metadata,3,https://education.arizona.edu/,"P2 target present, buried",yes,,BASE,Rule 1 — generic term → DS home,was: https://www.arizona.edu/degree-search/majors/teaching-persian-as-a-second-language
"teaching, learning & sociocultural studies",exact,https://www.arizona.edu/degree-search,https://www.arizona.edu/degree-search/majors/teaching-learning-and-sociocultural-studies,metadata,8,https://education.arizona.edu/,"P2 target present, buried",yes,,BASE,Rule 1 — generic term → DS home,was: https://www.arizona.edu/degree-search/majors/teaching-learning-and-sociocultural-studies
technology in second language teaching,exact,https://www.arizona.edu/degree-search,https://www.arizona.edu/degree-search/majors/technology-in-second-language-teaching,metadata,2,https://education.arizona.edu/,"P2 target present, buried",yes,,BASE,Rule 1 — generic term → DS home,was: https://www.arizona.edu/degree-search/majors/technology-in-second-language-teaching
the university of arizona majors,exact,https://www.arizona.edu/degree-search/majors/science-bs,https://www.arizona.edu/degree-search/majors/science-bs,ahrefs,absent,https://www.arizona.edu/admissions,P1 all results off-topic,yes,,UG,Rule 2 — specific entity (kept),
theatre arts,exact,https://www.arizona.edu/degree-search,https://www.arizona.edu/degree-search/majors/theatre-arts,metadata,absent,https://cfa.arizona.edu/,"P2 relevant buried, target absent",yes,,BASE,Rule 1 — generic term → DS home,was: https://www.arizona.edu/degree-search/majors/theatre-arts
theatre production design and technical production,exact,https://www.arizona.edu/degree-search/majors/theatre-production-design-and-technical-production-emphasis,https://www.arizona.edu/degree-search/majors/theatre-production-design-and-technical-production-emphasis,metadata,absent,https://cfa.arizona.edu/,"P2 relevant buried, target absent",yes,,EMPHASIS,Rule 2 — specific entity (kept),
theatre production professional actors training program,exact,https://www.arizona.edu/degree-search/majors/theatre-production-professional-actors-training-program-emphasis,https://www.arizona.edu/degree-search/majors/theatre-production-professional-actors-training-program-emphasis,metadata,absent,https://www.arizona.edu/degree-search,"P2 relevant buried, target absent",yes,,EMPHASIS,Rule 2 — specific entity (kept),
topics in cognitive science,exact,https://www.arizona.edu/degree-search/majors/neuroscience-and-cognitive-science-language-and-communication-science-emphasis,https://www.arizona.edu/degree-search/majors/neuroscience-and-cognitive-science-language-and-communication-science-emphasis,ahrefs,absent,https://science.arizona.edu/,"P2 relevant buried, target absent",yes,,EMPHASIS,Rule 2 — specific entity (kept),
topics of finance,exact,https://www.arizona.edu/degree-search,https://www.arizona.edu/degree-search/majors/topics-of-finance,metadata,absent,https://eller.arizona.edu/,"P2 relevant buried, target absent",yes,,BASE,Rule 1 — generic term → DS home,was: https://www.arizona.edu/degree-search/majors/topics-of-finance
transcultural german studies,exact,https://www.arizona.edu/degree-search,https://www.arizona.edu/degree-search/majors/transcultural-german-studies,metadata,10,https://humanities.arizona.edu/,"P2 target present, buried",yes,,BASE,Rule 1 — generic term → DS home,was: https://www.arizona.edu/degree-search/majors/transcultural-german-studies
transgender studies degree,exact,https://www.arizona.edu/degree-search/majors/gender-women-s-studies-queer-trans-and-sexuality-studies-emphasis,https://www.arizona.edu/degree-search/majors/gender-women-s-studies-queer-trans-and-sexuality-studies-emphasis,ahrefs,absent,https://www.arizona.edu/degree-search,"P2 relevant buried, target absent",yes,,EMPHASIS,Rule 2 — specific entity (kept),
translate bachelor degree in spanish,exact,https://www.arizona.edu/degree-search/majors/spanish-translation-and-interpretation-emphasis,https://www.arizona.edu/degree-search/majors/spanish-translation-and-interpretation-emphasis,ahrefs,absent,https://www.arizona.edu/degree-search,P1 all results off-topic,yes,,EMPHASIS,Rule 2 — specific entity (kept),
trombone performance,exact,https://www.arizona.edu/degree-search/majors/performance-trombone-emphasis,https://www.arizona.edu/degree-search/majors/performance-trombone-emphasis,metadata,1,https://www.arizona.edu/degree-search/majors/performance-trombone-emphasis,P0 already #1,no (already #1),,EMPHASIS,Rule 2 — specific entity (kept),
trumpet performance,exact,https://www.arizona.edu/degree-search/majors/performance-trumpet-emphasis,https://www.arizona.edu/degree-search/majors/performance-trumpet-emphasis,metadata,1,https://www.arizona.edu/degree-search/majors/performance-trumpet-emphasis,P0 already #1,no (already #1),,EMPHASIS,Rule 2 — specific entity (kept),
tuba performance,exact,https://www.arizona.edu/degree-search/majors/performance-tuba-emphasis,https://www.arizona.edu/degree-search/majors/performance-tuba-emphasis,metadata,1,https://www.arizona.edu/degree-search/majors/performance-tuba-emphasis,P0 already #1,no (already #1),,EMPHASIS,Rule 2 — specific entity (kept),
tv degree,exact,https://www.arizona.edu/degree-search/majors/film-and-television-ba,https://www.arizona.edu/degree-search/majors/film-and-television-ba,ahrefs,absent,https://www.arizona.edu/degree-search,P1 all results off-topic,yes,,UG,Rule 2 — specific entity (kept),
u of a accounting,exact,https://www.arizona.edu/degree-search,https://www.arizona.edu/degree-search/majors/accounting-bsba,ahrefs,absent,https://eller.arizona.edu/,"P2 relevant buried, target absent",yes,,UG,Rule 1 — generic term → DS home,was: https://www.arizona.edu/degree-search/majors/accounting-bsba
u of a degrees,exact,https://www.arizona.edu/degree-search/majors/law,https://www.arizona.edu/degree-search/majors/law,ahrefs,absent,https://english.arizona.edu/declare,P1 all results off-topic,yes,,BASE,REVIEW: base-page mapping (verify generic vs keep),trigger not a clean field-name match; left unchanged
u of a doctoral programs,exact,https://www.arizona.edu/degree-search/majors/higher-education-dp,https://www.arizona.edu/degree-search/majors/higher-education-dp,ahrefs,absent,https://vetmed.arizona.edu/academics/post-doctoral-programs,"P2 relevant buried, target absent",yes,,PHD,Rule 2 — specific entity (kept),
u of a psychology,exact,https://www.arizona.edu/degree-search,https://www.arizona.edu/degree-search/majors/psychology-ba,ahrefs,absent,https://science.arizona.edu/,P1 all results off-topic,yes,,UG,Rule 1 — generic term → DS home,was: https://www.arizona.edu/degree-search/majors/psychology-ba
u of a transfer credits,exact,https://www.arizona.edu/degree-search/transfer-credit,https://www.arizona.edu/degree-search/transfer-credit,ahrefs,8,https://transfersupport.arizona.edu/transfer-credit,"P2 target present, buried",yes,,NAV,Unchanged — navigational/non-major,
ua degree search,exact,https://www.arizona.edu/degree-search/majors/law,https://www.arizona.edu/degree-search/majors/law,ahrefs,absent,https://www.arizona.edu/degree-search,"P2 relevant buried, target absent",yes,,BASE,REVIEW: base-page mapping (verify generic vs keep),trigger not a clean field-name match; left unchanged
university of arizona accounting,exact,https://www.arizona.edu/degree-search,https://www.arizona.edu/degree-search/majors/accounting-bsba,ahrefs,absent,https://eller.arizona.edu/,"P2 relevant buried, target absent",yes,,UG,Rule 1 — generic term → DS home,was: https://www.arizona.edu/degree-search/majors/accounting-bsba
university of arizona africana studies,exact,https://www.arizona.edu/degree-search,https://www.arizona.edu/degree-search/majors/africana-studies,ahrefs,3,https://africana.arizona.edu/,"P2 target present, buried",yes,,BASE,Rule 1 — generic term → DS home,was: https://www.arizona.edu/degree-search/majors/africana-studies
university of arizona animation,exact,https://www.arizona.edu/degree-search/majors/studio-art-illustration-design-and-animation-emphasis,https://www.arizona.edu/degree-search/majors/studio-art-illustration-design-and-animation-emphasis,ahrefs,absent,https://www.arizona.edu/admissions,P1 all results off-topic,yes,,EMPHASIS,Rule 2 — specific entity (kept),
university of arizona applied computing,exact,https://www.arizona.edu/degree-search/majors/applied-computing-software-development-emphasis,https://www.arizona.edu/degree-search/majors/applied-computing-software-development-emphasis,ahrefs,11,https://www.arizona.edu/admissions,"P2 target present, buried",yes,,EMPHASIS,Rule 2 — specific entity (kept),
university of arizona applied computing devops emphasis,exact,https://www.arizona.edu/degree-search/majors/applied-computing-devops-emphasis,https://www.arizona.edu/degree-search/majors/applied-computing-devops-emphasis,ahrefs,8,https://www.arizona.edu/admissions,"P2 target present, buried",yes,yes,EMPHASIS,Rule 2 — specific entity (kept),
university of arizona applied computing emphasis,exact,https://www.arizona.edu/degree-search/majors/applied-computing-information-management-emphasis,https://www.arizona.edu/degree-search/majors/applied-computing-information-management-emphasis,ahrefs,9,https://www.arizona.edu/admissions,"P2 target present, buried",yes,yes,EMPHASIS,Rule 2 — specific entity (kept),
university of arizona applied computing intelligence emphasis,exact,https://www.arizona.edu/degree-search/majors/applied-computing-applied-artificial-intelligence-emphasis,https://www.arizona.edu/degree-search/majors/applied-computing-applied-artificial-intelligence-emphasis,ahrefs,7,https://www.arizona.edu/admissions,"P2 target present, buried",yes,yes,EMPHASIS,Rule 2 — specific entity (kept),
university of arizona architecture,exact,https://www.arizona.edu/degree-search,https://www.arizona.edu/degree-search/majors/architecture-ba,ahrefs,absent,https://capla.arizona.edu/,"P2 relevant buried, target absent",yes,,UG,Rule 1 — generic term → DS home,was: https://www.arizona.edu/degree-search/majors/architecture-ba
university of arizona artificial intelligence,exact,https://www.arizona.edu/degree-search,https://www.arizona.edu/degree-search/majors/artificial-intelligence,ahrefs,10,https://azcast.arizona.edu/node/803,"P2 target present, buried",yes,,BASE,Rule 1 — generic term → DS home,was: https://www.arizona.edu/degree-search/majors/artificial-intelligence
university of arizona astronomy,exact,https://www.arizona.edu/degree-search,https://www.arizona.edu/degree-search/majors/astronomy,ahrefs,absent,https://science.arizona.edu/,P1 all results off-topic,yes,,BASE,Rule 1 — generic term → DS home,was: https://www.arizona.edu/degree-search/majors/astronomy
university of arizona biochemistry,exact,https://www.arizona.edu/degree-search,https://www.arizona.edu/degree-search/majors/biochemistry-bs,ahrefs,absent,https://science.arizona.edu/,P1 all results off-topic,yes,,UG,Rule 1 — generic term → DS home,was: https://www.arizona.edu/degree-search/majors/biochemistry-bs
university of arizona bioinformatics,exact,https://www.arizona.edu/degree-search,https://www.arizona.edu/degree-search/majors/bioinformatics,ahrefs,4,https://www.arizona.edu/admissions,"P2 target present, buried",yes,,BASE,Rule 1 — generic term → DS home,was: https://www.arizona.edu/degree-search/majors/bioinformatics
university of arizona biology major,exact,https://www.arizona.edu/degree-search,https://www.arizona.edu/degree-search/majors/molecular-and-cellular-biology-bs,ahrefs,absent,https://www.arizona.edu/degree-search,"P2 relevant buried, target absent",yes,,UG,Rule 1 — generic term → DS home,was: https://www.arizona.edu/degree-search/majors/molecular-and-cellular-biology-bs
university of arizona biomedical engineering ranking,exact,https://www.arizona.edu/degree-search/majors/biomedical-engineering-ms,https://www.arizona.edu/degree-search/majors/biomedical-engineering-ms,ahrefs,absent,https://engineering.arizona.edu/index,"P2 relevant buried, target absent",yes,,GRAD,Rule 2 — specific entity (kept),
university of arizona business administration,exact,https://www.arizona.edu/degree-search,https://www.arizona.edu/degree-search/majors/business-administration-bsba,ahrefs,absent,https://eller.arizona.edu/,"P2 relevant buried, target absent",yes,,UG,Rule 1 — generic term → DS home,was: https://www.arizona.edu/degree-search/majors/business-administration-bsba
university of arizona business majors,exact,https://www.arizona.edu/degree-search,https://www.arizona.edu/degree-search/majors/business-administration-bsba,ahrefs,absent,https://eller.arizona.edu/,"P2 relevant buried, target absent",yes,,UG,Rule 1 — generic term → DS home,was: https://www.arizona.edu/degree-search/majors/business-administration-bsba
university of arizona communications,exact,https://www.arizona.edu/degree-search,https://www.arizona.edu/degree-search/majors/communication-ba,ahrefs,absent,https://www.arizona.edu/admissions,"P2 relevant buried, target absent",yes,,UG,Rule 1 — generic term → DS home,was: https://www.arizona.edu/degree-search/majors/communication-ba
university of arizona communications major,exact,https://www.arizona.edu/degree-search,https://www.arizona.edu/degree-search/majors/communication-ba,ahrefs,absent,https://www.arizona.edu/degree-search,P1 all results off-topic,yes,,UG,Rule 1 — generic term → DS home,was: https://www.arizona.edu/degree-search/majors/communication-ba
university of arizona computer science acceptance rate,exact,https://www.arizona.edu/degree-search/majors/computer-science-ms,https://www.arizona.edu/degree-search/majors/computer-science-ms,ahrefs,absent,https://science.arizona.edu/,"P2 relevant buried, target absent",yes,,GRAD,Rule 2 — specific entity (kept),
university of arizona course equivalency,exact,https://www.arizona.edu/degree-search/transfer-credit,https://www.arizona.edu/degree-search/transfer-credit,ahrefs,absent,https://www.arizona.edu/admissions,"P2 relevant buried, target absent",yes,,NAV,Unchanged — navigational/non-major,
university of arizona criminal justice,exact,https://www.arizona.edu/degree-search,https://www.arizona.edu/degree-search/majors/criminal-justice-studies,ahrefs,5,https://sgpp.arizona.edu/bs-criminal-justice-studies/requirements,"P2 target present, buried",yes,,BASE,Rule 1 — generic term → DS home,was: https://www.arizona.edu/degree-search/majors/criminal-justice-studies
university of arizona cs,exact,https://www.arizona.edu/degree-search/majors/computer-science-bs,https://www.arizona.edu/degree-search/majors/computer-science-bs,ahrefs,absent,https://www.arizona.edu/admissions,P1 all results off-topic,yes,,UG,Rule 2 — specific entity (kept),
university of arizona cs emphasis,exact,https://www.arizona.edu/degree-search/majors/environmental-science-the-biosphere-emphasis,https://www.arizona.edu/degree-search/majors/environmental-science-the-biosphere-emphasis,ahrefs,absent,https://www.arizona.edu/admissions,P1 all results off-topic,yes,yes,EMPHASIS,Rule 2 — specific entity (kept),
university of arizona cybersecurity masters,exact,https://www.arizona.edu/degree-search/majors/cybersecurity,https://www.arizona.edu/degree-search/majors/cybersecurity,ahrefs,absent,https://infosci.arizona.edu/,"P2 relevant buried, target absent",yes,,BASE,Rule 2 — REVIEW: specific term on base page,needs GRAD entity; no matching level page in dataset — verify
university of arizona dance acceptance rate,exact,https://www.arizona.edu/degree-search/majors/dance,https://www.arizona.edu/degree-search/majors/dance,ahrefs,11,https://cfa.arizona.edu/,"P2 target present, buried",yes,,BASE,REVIEW: base-page mapping (verify generic vs keep),trigger not a clean field-name match; left unchanged
university of arizona dance program,exact,https://www.arizona.edu/degree-search,https://www.arizona.edu/degree-search/majors/dance,ahrefs,12,https://cfa.arizona.edu/,"P2 target present, buried",yes,,BASE,Rule 1 — generic term → DS home,was: https://www.arizona.edu/degree-search/majors/dance
university of arizona data science,exact,https://www.arizona.edu/degree-search,https://www.arizona.edu/degree-search/majors/statistics-and-data-science-ba,ahrefs,absent,https://infosci.arizona.edu/,"P2 relevant buried, target absent",yes,,UG,Rule 1 — generic term → DS home,was: https://www.arizona.edu/degree-search/majors/statistics-and-data-science-ba
university of arizona data science masters,exact,https://www.arizona.edu/degree-search/majors/data-science,https://www.arizona.edu/degree-search/majors/data-science,ahrefs,absent,https://infosci.arizona.edu/,"P2 relevant buried, target absent",yes,,BASE,Rule 2 — REVIEW: specific term on base page,needs GRAD entity; no matching level page in dataset — verify
university of arizona data science science,exact,https://www.arizona.edu/degree-search,https://www.arizona.edu/degree-search/majors/data-science,ahrefs,absent,https://infosci.arizona.edu/,"P2 relevant buried, target absent",yes,yes,BASE,Rule 1 — generic term → DS home,was: https://www.arizona.edu/degree-search/majors/data-science
university of arizona degree,exact,https://www.arizona.edu/degree-search/majors/science-ba,https://www.arizona.edu/degree-search/majors/science-ba,ahrefs,absent,https://www.arizona.edu/degree-search,P1 all results off-topic,yes,,UG,Rule 2 — specific entity (kept),
university of arizona degree programs,exact,https://www.arizona.edu/degree-search/majors/neuroscience-and-cognitive-science-philosophy-of-mind-emphasis,https://www.arizona.edu/degree-search/majors/neuroscience-and-cognitive-science-philosophy-of-mind-emphasis,ahrefs,absent,https://www.arizona.edu/degree-search,P1 all results off-topic,yes,,EMPHASIS,Rule 2 — specific entity (kept),
university of arizona degrees,exact,https://www.arizona.edu/degree-search/majors,https://www.arizona.edu/degree-search/majors,ahrefs,1,https://www.arizona.edu/degree-search/majors,P0 already #1,no (already #1),,NAV,Unchanged — navigational/non-major,
university of arizona dnp,exact,https://www.arizona.edu/degree-search/majors/nursing-dnp,https://www.arizona.edu/degree-search/majors/nursing-dnp,ahrefs,absent,https://nursing.arizona.edu/,"P2 relevant buried, target absent",yes,,PHD,Rule 2 — specific entity (kept),
university of arizona dnp acceptance rate,exact,https://www.arizona.edu/degree-search/majors/nursing-dnp,https://www.arizona.edu/degree-search/majors/nursing-dnp,ahrefs,absent,https://nursing.arizona.edu/,"P2 relevant buried, target absent",yes,,PHD,Rule 2 — specific entity (kept),
university of arizona doctoral programs,exact,https://www.arizona.edu/degree-search/majors/higher-education-dp,https://www.arizona.edu/degree-search/majors/higher-education-dp,ahrefs,absent,https://www.arizona.edu/admissions,"P2 relevant buried, target absent",yes,,PHD,Rule 2 — specific entity (kept),
university of arizona econ phd,exact,https://www.arizona.edu/degree-search/majors/economics-dp,https://www.arizona.edu/degree-search/majors/economics-dp,ahrefs,absent,https://www.arizona.edu/admissions,"P2 relevant buried, target absent",yes,,PHD,Rule 2 — specific entity (kept),
university of arizona economics phd,exact,https://www.arizona.edu/degree-search/majors/economics-dp,https://www.arizona.edu/degree-search/majors/economics-dp,ahrefs,absent,https://eller.arizona.edu/,"P2 relevant buried, target absent",yes,,PHD,Rule 2 — specific entity (kept),
university of arizona electrical and computer engineering,exact,https://www.arizona.edu/degree-search,https://www.arizona.edu/degree-search/majors/electrical-and-computer-engineering-computer-engineering-track,ahrefs,absent,https://engineering.arizona.edu/index,"P2 relevant buried, target absent",yes,,TRACK,Rule 1 — generic term → DS home,was: https://www.arizona.edu/degree-search/majors/electrical-and-computer-engineering-computer-engineering-track
university of arizona electrical engineering online,exact,https://www.arizona.edu/degree-search,https://www.arizona.edu/degree-search/majors/electrical-and-computer-engineering-electrical-engineering-track,ahrefs,absent,https://engineering.arizona.edu/index,"P2 relevant buried, target absent",yes,,TRACK,Rule 1 — generic term → DS home,was: https://www.arizona.edu/degree-search/majors/electrical-and-computer-engineering-electrical-engineering-track
university of arizona engineering management,exact,https://www.arizona.edu/degree-search,https://www.arizona.edu/degree-search/majors/engineering-management-ms,ahrefs,absent,https://engineering.arizona.edu/index,"P2 relevant buried, target absent",yes,,GRAD,Rule 1 — generic term → DS home,was: https://www.arizona.edu/degree-search/majors/engineering-management-ms
university of arizona environmental science,exact,https://www.arizona.edu/degree-search,https://www.arizona.edu/degree-search/majors/environmental-science-dp,ahrefs,absent,https://science.arizona.edu/,"P2 relevant buried, target absent",yes,,PHD,Rule 1 — generic term → DS home,was: https://www.arizona.edu/degree-search/majors/environmental-science-dp
university of arizona fashion major,exact,https://www.arizona.edu/degree-search/majors/applied-humanities-fashion-studies-emphasis,https://www.arizona.edu/degree-search/majors/applied-humanities-fashion-studies-emphasis,ahrefs,absent,https://www.arizona.edu/degree-search,"P2 relevant buried, target absent",yes,,EMPHASIS,Rule 2 — specific entity (kept),
university of arizona fashion major studies,exact,https://www.arizona.edu/degree-search/majors/environmental-studies,https://www.arizona.edu/degree-search/majors/environmental-studies,ahrefs,absent,https://www.arizona.edu/degree-search,"P2 relevant buried, target absent",yes,yes,BASE,REVIEW: base-page mapping (verify generic vs keep),trigger not a clean field-name match; left unchanged
university of arizona fashion major technology,exact,https://www.arizona.edu/degree-search,https://www.arizona.edu/degree-search/majors/fashion-industry-s-science-and-technology,ahrefs,18,https://www.arizona.edu/degree-search,"P2 target present, buried",yes,yes,BASE,Rule 1 — generic term → DS home,was: https://www.arizona.edu/degree-search/majors/fashion-industry-s-science-and-technology
university of arizona film and television,exact,https://www.arizona.edu/degree-search,https://www.arizona.edu/degree-search/majors/film-and-television-bfa,ahrefs,7,https://cfa.arizona.edu/,"P2 target present, buried",yes,,UG,Rule 1 — generic term → DS home,was: https://www.arizona.edu/degree-search/majors/film-and-television-bfa
university of arizona finance,exact,https://www.arizona.edu/degree-search,https://www.arizona.edu/degree-search/majors/finance-bsba,ahrefs,absent,https://eller.arizona.edu/,"P2 relevant buried, target absent",yes,,UG,Rule 1 — generic term → DS home,was: https://www.arizona.edu/degree-search/majors/finance-bsba
university of arizona finance major,exact,https://www.arizona.edu/degree-search,https://www.arizona.edu/degree-search/majors/finance-bsba,ahrefs,absent,https://eller.arizona.edu/,"P2 relevant buried, target absent",yes,,UG,Rule 1 — generic term → DS home,was: https://www.arizona.edu/degree-search/majors/finance-bsba
university of arizona forensic science,exact,https://www.arizona.edu/degree-search/majors/criminal-justice-studies,https://www.arizona.edu/degree-search/majors/criminal-justice-studies,ahrefs,absent,https://science.arizona.edu/,"P2 relevant buried, target absent",yes,,BASE,REVIEW: base-page mapping (verify generic vs keep),trigger not a clean field-name match; left unchanged
university of arizona geomechanics,exact,https://www.arizona.edu/degree-search/majors/rock-mechanics,https://www.arizona.edu/degree-search/majors/rock-mechanics,ahrefs,absent,https://www.arizona.edu/admissions,"P2 relevant buried, target absent",yes,,BASE,REVIEW: base-page mapping (verify generic vs keep),trigger not a clean field-name match; left unchanged
university of arizona gis,exact,https://www.arizona.edu/degree-search/majors/geography-geographic-information-science-emphasis,https://www.arizona.edu/degree-search/majors/geography-geographic-information-science-emphasis,ahrefs,absent,https://www.arizona.edu/admissions,"P2 relevant buried, target absent",yes,,EMPHASIS,Rule 2 — specific entity (kept),
university of arizona industrial engineering,exact,https://www.arizona.edu/degree-search,https://www.arizona.edu/degree-search/majors/industrial-engineering-bsie,ahrefs,absent,https://engineering.arizona.edu/index,"P2 relevant buried, target absent",yes,,UG,Rule 1 — generic term → DS home,was: https://www.arizona.edu/degree-search/majors/industrial-engineering-bsie
university of arizona integrative medicine,exact,https://www.arizona.edu/degree-search/majors/medicine-integrative-and-practice-focused-medicine-emphasis,https://www.arizona.edu/degree-search/majors/medicine-integrative-and-practice-focused-medicine-emphasis,ahrefs,6,https://www.arizona.edu/admissions,"P2 target present, buried",yes,,EMPHASIS,Rule 2 — specific entity (kept),
university of arizona intelligence studies,exact,https://www.arizona.edu/degree-search/majors/intelligence-and-information-operations-information-warfare-emphasis,https://www.arizona.edu/degree-search/majors/intelligence-and-information-operations-information-warfare-emphasis,ahrefs,absent,https://www.arizona.edu/admissions,"P2 relevant buried, target absent",yes,,EMPHASIS,Rule 2 — specific entity (kept),
university of arizona intelligence studies emphasis,exact,https://www.arizona.edu/degree-search/majors/intelligence-and-information-operations-operational-intelligence-emphasis,https://www.arizona.edu/degree-search/majors/intelligence-and-information-operations-operational-intelligence-emphasis,ahrefs,9,https://www.arizona.edu/admissions,"P2 target present, buried",yes,yes,EMPHASIS,Rule 2 — specific entity (kept),
university of arizona interdisciplinary studies,exact,https://www.arizona.edu/degree-search/majors/interdisciplinary-studies-science-technology-health-society-emphasis-ba,https://www.arizona.edu/degree-search/majors/interdisciplinary-studies-science-technology-health-society-emphasis-ba,ahrefs,absent,https://humanities.arizona.edu/,"P2 relevant buried, target absent",yes,,EMPHASIS,Rule 2 — specific entity (kept),
university of arizona interior design,exact,https://www.arizona.edu/degree-search/majors/design-arts-and-practice-spatial-design-emphasis,https://www.arizona.edu/degree-search/majors/design-arts-and-practice-spatial-design-emphasis,ahrefs,17,https://www.arizona.edu/admissions,"P2 target present, buried",yes,,EMPHASIS,Rule 2 — specific entity (kept),
university of arizona interior design emphasis,exact,https://www.arizona.edu/degree-search/majors/natural-resources-conservation-biology-emphasis,https://www.arizona.edu/degree-search/majors/natural-resources-conservation-biology-emphasis,ahrefs,absent,https://www.arizona.edu/admissions,"P2 relevant buried, target absent",yes,yes,EMPHASIS,Rule 2 — specific entity (kept),
university of arizona journalism,exact,https://www.arizona.edu/degree-search,https://www.arizona.edu/degree-search/majors/journalism-ba,ahrefs,absent,https://sbs.arizona.edu/,"P2 relevant buried, target absent",yes,,UG,Rule 1 — generic term → DS home,was: https://www.arizona.edu/degree-search/majors/journalism-ba
university of arizona kinesiology,exact,https://www.arizona.edu/degree-search/majors/physiology-and-medical-sciences-exercise-and-extreme-physiology-emphasis,https://www.arizona.edu/degree-search/majors/physiology-and-medical-sciences-exercise-and-extreme-physiology-emphasis,ahrefs,absent,https://www.arizona.edu/admissions,P1 all results off-topic,yes,,EMPHASIS,Rule 2 — specific entity (kept),
university of arizona kinesiology performance,exact,https://www.arizona.edu/degree-search/majors/nutrition-and-human-performance,https://www.arizona.edu/degree-search/majors/nutrition-and-human-performance,ahrefs,absent,https://www.arizona.edu/admissions,P1 all results off-topic,yes,yes,BASE,REVIEW: base-page mapping (verify generic vs keep),trigger not a clean field-name match; left unchanged
university of arizona majors,exact,https://www.arizona.edu/degree-search/majors/computer-science-bs,https://www.arizona.edu/degree-search/majors/computer-science-bs,ahrefs,absent,https://www.arizona.edu/admissions,P1 all results off-topic,yes,,UG,Rule 2 — specific entity (kept),
university of arizona majors intelligence,exact,https://www.arizona.edu/degree-search,https://www.arizona.edu/degree-search/majors/artificial-intelligence,ahrefs,absent,https://www.arizona.edu/admissions,P1 all results off-topic,yes,yes,BASE,Rule 1 — generic term → DS home,was: https://www.arizona.edu/degree-search/majors/artificial-intelligence
university of arizona management information systems,exact,https://www.arizona.edu/degree-search,https://www.arizona.edu/degree-search/majors/management-information-systems-bsba,ahrefs,absent,https://eller.arizona.edu/,"P2 relevant buried, target absent",yes,,UG,Rule 1 — generic term → DS home,was: https://www.arizona.edu/degree-search/majors/management-information-systems-bsba
university of arizona marketing major,exact,https://www.arizona.edu/degree-search,https://www.arizona.edu/degree-search/majors/marketing,ahrefs,absent,https://www.arizona.edu/degree-search,"P2 relevant buried, target absent",yes,,BASE,Rule 1 — generic term → DS home,was: https://www.arizona.edu/degree-search/majors/marketing
university of arizona masters in public health,exact,https://www.arizona.edu/degree-search/majors/public-health-mph,https://www.arizona.edu/degree-search/majors/public-health-mph,ahrefs,absent,https://health.arizona.edu/,"P2 relevant buried, target absent",yes,,GRAD,Rule 2 — specific entity (kept),
university of arizona masters of public health,exact,https://www.arizona.edu/degree-search/majors/public-health-mph,https://www.arizona.edu/degree-search/majors/public-health-mph,ahrefs,absent,https://health.arizona.edu/,"P2 relevant buried, target absent",yes,,GRAD,Rule 2 — specific entity (kept),
university of arizona materials science,exact,https://www.arizona.edu/degree-search,https://www.arizona.edu/degree-search/majors/materials-science-engineering,ahrefs,5,https://science.arizona.edu/,"P2 target present, buried",yes,,BASE,Rule 1 — generic term → DS home,was: https://www.arizona.edu/degree-search/majors/materials-science-engineering
university of arizona materials science phd,exact,https://www.arizona.edu/degree-search/majors/materials-science-and-engineering-dp,https://www.arizona.edu/degree-search/majors/materials-science-and-engineering-dp,ahrefs,20,https://science.arizona.edu/,"P2 target present, buried",yes,yes,PHD,Rule 2 — specific entity (kept),
university of arizona math,exact,https://www.arizona.edu/degree-search/majors/mathematics-probability-and-statistics-emphasis-bs,https://www.arizona.edu/degree-search/majors/mathematics-probability-and-statistics-emphasis-bs,ahrefs,absent,https://www.arizona.edu/admissions,"P2 relevant buried, target absent",yes,,EMPHASIS,Rule 2 — specific entity (kept),
university of arizona mba acceptance rate,exact,https://www.arizona.edu/degree-search/majors/business-administration-mba,https://www.arizona.edu/degree-search/majors/business-administration-mba,ahrefs,2,https://eller.arizona.edu/,"P2 target present, buried",yes,,GRAD,Rule 2 — specific entity (kept),
university of arizona mechanical engineering,exact,https://www.arizona.edu/degree-search,https://www.arizona.edu/degree-search/majors/mechanical-engineering-bsme,ahrefs,absent,https://engineering.arizona.edu/index,"P2 relevant buried, target absent",yes,,UG,Rule 1 — generic term → DS home,was: https://www.arizona.edu/degree-search/majors/mechanical-engineering-bsme
university of arizona mred,exact,https://www.arizona.edu/degree-search/majors/real-estate-development,https://www.arizona.edu/degree-search/majors/real-estate-development,ahrefs,absent,https://www.arizona.edu/admissions,"P2 relevant buried, target absent",yes,,BASE,REVIEW: base-page mapping (verify generic vs keep),trigger not a clean field-name match; left unchanged
university of arizona msn,exact,https://www.arizona.edu/degree-search/majors/nursing-ms,https://www.arizona.edu/degree-search/majors/nursing-ms,ahrefs,absent,https://www.arizona.edu/admissions,"P2 relevant buried, target absent",yes,,GRAD,Rule 2 — specific entity (kept),
university of arizona neuroscience,exact,https://www.arizona.edu/degree-search,https://www.arizona.edu/degree-search/majors/neuroscience-and-cognitive-science,ahrefs,absent,https://science.arizona.edu/,P1 all results off-topic,yes,,BASE,Rule 1 — generic term → DS home,was: https://www.arizona.edu/degree-search/majors/neuroscience-and-cognitive-science
university of arizona nutrition,exact,https://www.arizona.edu/degree-search,https://www.arizona.edu/degree-search/majors/nutrition-and-dietetics,ahrefs,9,https://www.arizona.edu/admissions,"P2 target present, buried",yes,,BASE,Rule 1 — generic term → DS home,was: https://www.arizona.edu/degree-search/majors/nutrition-and-dietetics
university of arizona nutrition major,exact,https://www.arizona.edu/degree-search,https://www.arizona.edu/degree-search/majors/nutrition-and-human-performance,ahrefs,absent,https://www.arizona.edu/degree-search,"P2 relevant buried, target absent",yes,,BASE,Rule 1 — generic term → DS home,was: https://www.arizona.edu/degree-search/majors/nutrition-and-human-performance
university of arizona nutrition major dietetics,exact,https://www.arizona.edu/degree-search,https://www.arizona.edu/degree-search/majors/nutrition-and-dietetics,ahrefs,17,https://www.arizona.edu/degree-search,"P2 target present, buried",yes,yes,BASE,Rule 1 — generic term → DS home,was: https://www.arizona.edu/degree-search/majors/nutrition-and-dietetics
university of arizona nutritional sciences,exact,https://www.arizona.edu/degree-search,https://www.arizona.edu/degree-search/majors/nutritional-sciences-and-wellness,ahrefs,2,https://www.arizona.edu/admissions,"P2 target present, buried",yes,,BASE,Rule 1 — generic term → DS home,was: https://www.arizona.edu/degree-search/majors/nutritional-sciences-and-wellness
university of arizona occupational therapy,exact,https://www.arizona.edu/degree-search/majors/rehabilitation-studies-and-services,https://www.arizona.edu/degree-search/majors/rehabilitation-studies-and-services,ahrefs,absent,https://caps.arizona.edu/,"P2 relevant buried, target absent",yes,,BASE,REVIEW: base-page mapping (verify generic vs keep),trigger not a clean field-name match; left unchanged
university of arizona online meteorology degree,exact,https://www.arizona.edu/degree-search/majors,https://www.arizona.edu/degree-search/majors,ahrefs,absent,https://www.arizona.edu/degree-search,"P2 relevant buried, target absent",yes,,NAV,Unchanged — navigational/non-major,
university of arizona online phd in organizational development and leadership,exact,https://www.arizona.edu/degree-search/majors/educational-leadership,https://www.arizona.edu/degree-search/majors/educational-leadership,ahrefs,absent,https://online.arizona.edu/,"P2 relevant buried, target absent",yes,,BASE,Rule 2 — REVIEW: specific term on base page,needs PHD entity; no matching level page in dataset — verify
university of arizona optical sciences,exact,https://www.arizona.edu/degree-search,https://www.arizona.edu/degree-search/majors/optical-sciences-ms,ahrefs,8,https://www.optics.arizona.edu/home,"P2 target present, buried",yes,,GRAD,Rule 1 — generic term → DS home,was: https://www.arizona.edu/degree-search/majors/optical-sciences-ms
university of arizona optics,exact,https://www.arizona.edu/degree-search/majors/optical-sciences-ms,https://www.arizona.edu/degree-search/majors/optical-sciences-ms,ahrefs,absent,https://www.arizona.edu/admissions,"P2 relevant buried, target absent",yes,,GRAD,Rule 2 — specific entity (kept),
university of arizona paramedic program,exact,https://www.arizona.edu/degree-search/majors/emergency-medical-services-bs,https://www.arizona.edu/degree-search/majors/emergency-medical-services-bs,ahrefs,absent,https://www.arizona.edu/degree-search,P1 all results off-topic,yes,,UG,Rule 2 — specific entity (kept),
university of arizona phd economics,exact,https://www.arizona.edu/degree-search/majors/economics-dp,https://www.arizona.edu/degree-search/majors/economics-dp,ahrefs,absent,https://eller.arizona.edu/,"P2 relevant buried, target absent",yes,,PHD,Rule 2 — specific entity (kept),
university of arizona philosophy,exact,https://www.arizona.edu/degree-search,https://www.arizona.edu/degree-search/majors/philosophy-ba,ahrefs,absent,https://sbs.arizona.edu/,"P2 relevant buried, target absent",yes,,UG,Rule 1 — generic term → DS home,was: https://www.arizona.edu/degree-search/majors/philosophy-ba
university of arizona philosophy phd,exact,https://www.arizona.edu/degree-search/majors/philosophy-dp,https://www.arizona.edu/degree-search/majors/philosophy-dp,ahrefs,absent,https://sbs.arizona.edu/,"P2 relevant buried, target absent",yes,yes,PHD,Rule 2 — specific entity (kept),
university of arizona physical therapy,exact,https://www.arizona.edu/degree-search,https://www.arizona.edu/degree-search/majors/physical-therapy,ahrefs,2,https://caps.arizona.edu/,"P2 target present, buried",yes,,BASE,Rule 1 — generic term → DS home,was: https://www.arizona.edu/degree-search/majors/physical-therapy
university of arizona physical therapy program,exact,https://www.arizona.edu/degree-search,https://www.arizona.edu/degree-search/majors/physical-therapy,ahrefs,3,https://www.arizona.edu/degree-search,"P2 target present, buried",yes,,BASE,Rule 1 — generic term → DS home,was: https://www.arizona.edu/degree-search/majors/physical-therapy
university of arizona pmhnp,exact,https://www.arizona.edu/degree-search/majors/psychiatric-mental-health-nurse-practitioner,https://www.arizona.edu/degree-search/majors/psychiatric-mental-health-nurse-practitioner,ahrefs,absent,https://www.arizona.edu/admissions,P1 all results off-topic,yes,,BASE,REVIEW: base-page mapping (verify generic vs keep),trigger not a clean field-name match; left unchanged
university of arizona political science,exact,https://www.arizona.edu/degree-search,https://www.arizona.edu/degree-search/majors/political-science,ahrefs,10,https://science.arizona.edu/,"P2 target present, buried",yes,,BASE,Rule 1 — generic term → DS home,was: https://www.arizona.edu/degree-search/majors/political-science
university of arizona psyd,exact,https://www.arizona.edu/degree-search/majors/psychology-dp,https://www.arizona.edu/degree-search/majors/psychology-dp,ahrefs,absent,https://www.arizona.edu/admissions,P1 all results off-topic,yes,,PHD,Rule 2 — specific entity (kept),
university of arizona psyd online,exact,https://www.arizona.edu/degree-search/majors/psychology-dp,https://www.arizona.edu/degree-search/majors/psychology-dp,ahrefs,absent,https://online.arizona.edu/,"P2 relevant buried, target absent",yes,,PHD,Rule 2 — specific entity (kept),
university of arizona real estate,exact,https://www.arizona.edu/degree-search,https://www.arizona.edu/degree-search/majors/real-estate,ahrefs,7,https://rea.arizona.edu/real-estate-sale,"P2 target present, buried",yes,,BASE,Rule 1 — generic term → DS home,was: https://www.arizona.edu/degree-search/majors/real-estate
university of arizona real estate major,exact,https://www.arizona.edu/degree-search,https://www.arizona.edu/degree-search/majors/real-estate,ahrefs,8,https://www.arizona.edu/degree-search,"P2 target present, buried",yes,,BASE,Rule 1 — generic term → DS home,was: https://www.arizona.edu/degree-search/majors/real-estate
university of arizona religious studies,exact,https://www.arizona.edu/degree-search,https://www.arizona.edu/degree-search/majors/religious-studies,ahrefs,3,https://religion.arizona.edu/,"P2 target present, buried",yes,,BASE,Rule 1 — generic term → DS home,was: https://www.arizona.edu/degree-search/majors/religious-studies
university of arizona school of dance,exact,https://www.arizona.edu/degree-search/majors/dance,https://www.arizona.edu/degree-search/majors/dance,ahrefs,19,https://cfa.arizona.edu/,"P2 target present, buried",yes,,BASE,REVIEW: base-page mapping (verify generic vs keep),trigger not a clean field-name match; left unchanged
university of arizona slp masters,exact,https://www.arizona.edu/degree-search/majors/speech-language-and-hearing-sciences-ms,https://www.arizona.edu/degree-search/majors/speech-language-and-hearing-sciences-ms,ahrefs,absent,https://www.arizona.edu/admissions,P1 all results off-topic,yes,,GRAD,Rule 2 — specific entity (kept),
university of arizona sociology,exact,https://www.arizona.edu/degree-search,https://www.arizona.edu/degree-search/majors/sociology-ba,ahrefs,absent,https://sbs.arizona.edu/,"P2 relevant buried, target absent",yes,,UG,Rule 1 — generic term → DS home,was: https://www.arizona.edu/degree-search/majors/sociology-ba
university of arizona software engineering,exact,https://www.arizona.edu/degree-search,https://www.arizona.edu/degree-search/majors/software-engineering-bsse,ahrefs,absent,https://engineering.arizona.edu/index,"P2 relevant buried, target absent",yes,,UG,Rule 1 — generic term → DS home,was: https://www.arizona.edu/degree-search/majors/software-engineering-bsse
university of arizona statistics,exact,https://www.arizona.edu/degree-search,https://www.arizona.edu/degree-search/majors/statistics-and-data-science-ba,ahrefs,19,https://www.arizona.edu/admissions,"P2 target present, buried",yes,,UG,Rule 1 — generic term → DS home,was: https://www.arizona.edu/degree-search/majors/statistics-and-data-science-ba
university of arizona supply chain management,exact,https://www.arizona.edu/degree-search,https://www.arizona.edu/degree-search/majors/operations-and-supply-chain-management,ahrefs,absent,https://eller.arizona.edu/,"P2 relevant buried, target absent",yes,,BASE,Rule 1 — generic term → DS home,was: https://www.arizona.edu/degree-search/majors/operations-and-supply-chain-management
university of arizona sustainable built environments,exact,https://www.arizona.edu/degree-search,https://www.arizona.edu/degree-search/majors/sustainable-built-environments,ahrefs,8,https://environment.arizona.edu/major/sustainable-built-environments,"P2 target present, buried",yes,,BASE,Rule 1 — generic term → DS home,was: https://www.arizona.edu/degree-search/majors/sustainable-built-environments
university of arizona systems engineering,exact,https://www.arizona.edu/degree-search,https://www.arizona.edu/degree-search/majors/systems-engineering-bsse,ahrefs,absent,https://engineering.arizona.edu/index,"P2 relevant buried, target absent",yes,,UG,Rule 1 — generic term → DS home,was: https://www.arizona.edu/degree-search/majors/systems-engineering-bsse
university of criminal justice,exact,https://www.arizona.edu/degree-search,https://www.arizona.edu/degree-search/majors/criminal-justice-studies,ahrefs,7,https://sgpp.arizona.edu/bs-criminal-justice-studies/requirements,"P2 target present, buried",yes,,BASE,Rule 1 — generic term → DS home,was: https://www.arizona.edu/degree-search/majors/criminal-justice-studies
uofa computer science,exact,https://www.arizona.edu/degree-search/majors/environmental-science-the-biosphere-emphasis,https://www.arizona.edu/degree-search/majors/environmental-science-the-biosphere-emphasis,ahrefs,absent,https://science.arizona.edu/,"P2 relevant buried, target absent",yes,,EMPHASIS,Rule 2 — specific entity (kept),
uofa finance major,exact,https://www.arizona.edu/degree-search/majors/personal-and-family-financial-planning,https://www.arizona.edu/degree-search/majors/personal-and-family-financial-planning,ahrefs,absent,https://eller.arizona.edu/,"P2 relevant buried, target absent",yes,,BASE,REVIEW: base-page mapping (verify generic vs keep),trigger not a clean field-name match; left unchanged
uofa majors,exact,https://www.arizona.edu/degree-search/majors/science-ba,https://www.arizona.edu/degree-search/majors/science-ba,ahrefs,absent,https://phoenixmed.arizona.edu/2025-review,P1 all results off-topic,yes,,UG,Rule 2 — specific entity (kept),
uofa phd programs,exact,https://www.arizona.edu/degree-search/majors/higher-education-dp,https://www.arizona.edu/degree-search/majors/higher-education-dp,ahrefs,absent,https://history.arizona.edu/phd-history/requirements,P1 all results off-topic,yes,,PHD,Rule 2 — specific entity (kept),
uofa psychology,exact,https://www.arizona.edu/degree-search,https://www.arizona.edu/degree-search/majors/psychology-ba,ahrefs,absent,https://science.arizona.edu/,P1 all results off-topic,yes,,UG,Rule 1 — generic term → DS home,was: https://www.arizona.edu/degree-search/majors/psychology-ba
uofa public health,exact,https://www.arizona.edu/degree-search,https://www.arizona.edu/degree-search/majors/public-health-public-health-practice-emphasis,ahrefs,absent,https://health.arizona.edu/,"P2 relevant buried, target absent",yes,,EMPHASIS,Rule 1 — generic term → DS home,was: https://www.arizona.edu/degree-search/majors/public-health-public-health-practice-emphasis
uofa software engineering,exact,https://www.arizona.edu/degree-search,https://www.arizona.edu/degree-search/majors/software-engineering-bsse,ahrefs,absent,https://engineering.arizona.edu/index,"P2 relevant buried, target absent",yes,,UG,Rule 1 — generic term → DS home,was: https://www.arizona.edu/degree-search/majors/software-engineering-bsse
uofa transfer credits,exact,https://www.arizona.edu/degree-search/transfer-credit,https://www.arizona.edu/degree-search/transfer-credit,ahrefs,8,https://transfersupport.arizona.edu/transfer-credit,"P2 target present, buried",yes,,NAV,Unchanged — navigational/non-major,
urban and regional development,exact,https://www.arizona.edu/degree-search,https://www.arizona.edu/degree-search/majors/urban-and-regional-development,metadata,7,https://geography.arizona.edu/bs-urban-regional-development/requirements,"P2 target present, buried",yes,,BASE,Rule 1 — generic term → DS home,was: https://www.arizona.edu/degree-search/majors/urban-and-regional-development
urban planning,exact,https://www.arizona.edu/degree-search,https://www.arizona.edu/degree-search/majors/urban-planning,metadata,18,https://capla.arizona.edu/academics/master-science-urban-planning/admissions-cost,"P2 target present, buried",yes,,BASE,Rule 1 — generic term → DS home,was: https://www.arizona.edu/degree-search/majors/urban-planning
veterinarian science,exact,https://www.arizona.edu/degree-search/majors/veterinary-science,https://www.arizona.edu/degree-search/majors/veterinary-science,ahrefs,absent,https://science.arizona.edu/,"P2 relevant buried, target absent",yes,,BASE,REVIEW: base-page mapping (verify generic vs keep),trigger not a clean field-name match; left unchanged
veterinary majors,exact,https://www.arizona.edu/degree-search,https://www.arizona.edu/degree-search/majors/veterinary-science,ahrefs,absent,https://vetmed.arizona.edu/,"P2 relevant buried, target absent",yes,,BASE,Rule 1 — generic term → DS home,was: https://www.arizona.edu/degree-search/majors/veterinary-science
veterinary science applied animal behavior,exact,https://www.arizona.edu/degree-search/majors/veterinary-science-applied-animal-behavior-emphasis,https://www.arizona.edu/degree-search/majors/veterinary-science-applied-animal-behavior-emphasis,metadata,3,https://science.arizona.edu/,"P2 target present, buried",yes,,EMPHASIS,Rule 2 — specific entity (kept),
viola performance,exact,https://www.arizona.edu/degree-search/majors/performance-viola-emphasis,https://www.arizona.edu/degree-search/majors/performance-viola-emphasis,metadata,1,https://www.arizona.edu/degree-search/majors/performance-viola-emphasis,P0 already #1,no (already #1),,EMPHASIS,Rule 2 — specific entity (kept),
violin performance,exact,https://www.arizona.edu/degree-search/majors/performance-violin-emphasis,https://www.arizona.edu/degree-search/majors/performance-violin-emphasis,metadata,2,https://news.arizona.edu/events/performance-black-violin,"P2 target present, buried",yes,,EMPHASIS,Rule 2 — specific entity (kept),
vocal major,exact,https://www.arizona.edu/degree-search/majors/performance-voice-emphasis,https://www.arizona.edu/degree-search/majors/performance-voice-emphasis,ahrefs,absent,https://www.arizona.edu/degree-search,"P2 relevant buried, target absent",yes,,EMPHASIS,Rule 2 — specific entity (kept),
vocal performance major colleges,exact,https://www.arizona.edu/degree-search/majors/performance-voice-emphasis,https://www.arizona.edu/degree-search/majors/performance-voice-emphasis,ahrefs,absent,https://www.arizona.edu/degree-search,"P2 relevant buried, target absent",yes,,EMPHASIS,Rule 2 — specific entity (kept),
waste management course arizona,exact,https://www.arizona.edu/degree-search/majors/environmental-engineering-bsee,https://www.arizona.edu/degree-search/majors/environmental-engineering-bsee,ahrefs,absent,https://eller.arizona.edu/,"P2 relevant buried, target absent",yes,,UG,Rule 2 — specific entity (kept),
water policy,exact,https://www.arizona.edu/degree-search,https://www.arizona.edu/degree-search/majors/water-policy,metadata,absent,https://news.arizona.edu/news-tags/water,"P2 relevant buried, target absent",yes,,BASE,Rule 1 — generic term → DS home,was: https://www.arizona.edu/degree-search/majors/water-policy
"water, society and policy",exact,https://www.arizona.edu/degree-search,https://www.arizona.edu/degree-search/majors/water-society-and-policy,metadata,2,https://snre.arizona.edu/graduate/ms-water-society-policy,"P2 target present, buried",yes,,BASE,Rule 1 — generic term → DS home,was: https://www.arizona.edu/degree-search/majors/water-society-and-policy
wellness and health promotion practice aging and population health,exact,https://www.arizona.edu/degree-search/majors/wellness-and-health-promotion-practice-aging-and-population-health-emphasis,https://www.arizona.edu/degree-search/majors/wellness-and-health-promotion-practice-aging-and-population-health-emphasis,metadata,16,https://health.arizona.edu/,"P2 target present, buried",yes,,EMPHASIS,Rule 2 — specific entity (kept),
wellness and health promotion practice health and wellness,exact,https://www.arizona.edu/degree-search/majors/wellness-and-health-promotion-practice-health-and-wellness-emphasis,https://www.arizona.edu/degree-search/majors/wellness-and-health-promotion-practice-health-and-wellness-emphasis,metadata,absent,https://health.arizona.edu/,"P2 relevant buried, target absent",yes,,EMPHASIS,Rule 2 — specific entity (kept),
wellness and health promotion practice health education,exact,https://www.arizona.edu/degree-search/majors/wellness-and-health-promotion-practice-health-education-emphasis,https://www.arizona.edu/degree-search/majors/wellness-and-health-promotion-practice-health-education-emphasis,metadata,absent,https://education.arizona.edu/,"P2 relevant buried, target absent",yes,,EMPHASIS,Rule 2 — specific entity (kept),
what does mse stand for degree,exact,https://www.arizona.edu/degree-search/majors/materials-science-engineering,https://www.arizona.edu/degree-search/majors/materials-science-engineering,ahrefs,absent,https://www.arizona.edu/degree-search,"P2 relevant buried, target absent",yes,,BASE,REVIEW: base-page mapping (verify generic vs keep),trigger not a clean field-name match; left unchanged
what is 2d studio art,exact,https://www.arizona.edu/degree-search/majors/studio-art-two-dimensional-emphasis,https://www.arizona.edu/degree-search/majors/studio-art-two-dimensional-emphasis,ahrefs,absent,https://cfa.arizona.edu/,"P2 relevant buried, target absent",yes,,EMPHASIS,Rule 2 — specific entity (kept),
what is a classics degree,exact,https://www.arizona.edu/degree-search/majors/classics-classical-civilization-emphasis,https://www.arizona.edu/degree-search/majors/classics-classical-civilization-emphasis,ahrefs,absent,https://www.arizona.edu/degree-search,P1 all results off-topic,yes,,EMPHASIS,Rule 2 — specific entity (kept),
what is creative writing in college,exact,https://www.arizona.edu/degree-search/majors/creative-writing,https://www.arizona.edu/degree-search/majors/creative-writing,ahrefs,19,https://english.arizona.edu/ba-creative-writing/requirements,"P2 target present, buried",yes,,BASE,REVIEW: base-page mapping (verify generic vs keep),trigger not a clean field-name match; left unchanged
what is m/s in chemistry,exact,https://www.arizona.edu/degree-search/majors/chemistry-ms,https://www.arizona.edu/degree-search/majors/chemistry-ms,ahrefs,absent,https://science.arizona.edu/,P1 all results off-topic,yes,,GRAD,Rule 2 — specific entity (kept),
what is organismal biology,exact,https://www.arizona.edu/degree-search/majors/biology-organismal-biology-emphasis,https://www.arizona.edu/degree-search/majors/biology-organismal-biology-emphasis,ahrefs,1,https://www.arizona.edu/degree-search/majors/biology-organismal-biology-emphasis,P0 already #1,no (already #1),,EMPHASIS,Rule 2 — specific entity (kept),
what major is law,exact,https://www.arizona.edu/degree-search/majors/law,https://www.arizona.edu/degree-search/majors/law,ahrefs,absent,https://law.arizona.edu/,"P2 relevant buried, target absent",yes,,BASE,REVIEW: base-page mapping (verify generic vs keep),trigger not a clean field-name match; left unchanged
wildlife science degree,exact,https://www.arizona.edu/degree-search/majors/natural-resources-wildlife-conservation-and-management-emphasis,https://www.arizona.edu/degree-search/majors/natural-resources-wildlife-conservation-and-management-emphasis,ahrefs,absent,https://www.arizona.edu/degree-search,"P2 relevant buried, target absent",yes,,EMPHASIS,Rule 2 — specific entity (kept),
world literature studies,exact,https://www.arizona.edu/degree-search/majors/world-literature,https://www.arizona.edu/degree-search/majors/world-literature,metadata,absent,https://www.arizona.edu/admissions,"P2 relevant buried, target absent",yes,,BASE,REVIEW: base-page mapping (verify generic vs keep),trigger not a clean field-name match; left unchanged
